project_id,state,county,project_type,description,date_open_planned,date_horizon,date_open_actual,area_type,project_length_miles,poi_id,before_or_after,facility_name,segment_length_miles,speed_limit_mph,lane_width,signals_per_mile,stop_signs_per_mile,through_lanes,left_turn_lanes,right_turn_lanes,express_hov_hot_lanes,shoulder_width,functional_class,obs_id,observation_date,start_time_observation,end_time_observation,observation_variable,observation_value,observation_unit,before_or_after_binary,forecast_id,forecast_date,start_time_forecast,end_time_forecast,forecast_variable,forecast_value,forecast_unit,forecast_type
F-M-0436,MN,Ramsey,road-capacity-expansion,Replace Bridge over Lexington Ave and remove WB on/off ramps at Hamline Ave,1/1/2010,1/1/2080,4/1/2017,suburban,0.45,40974,before,Lexington Ave.,,55,12,0,0,2,0,0,0,7,minor arterial,40974_1,2011-01-01,0:00:00,24:00:00,volume,16700.0,AADT,0,575,,0:00:00,24:00:00,volume,19783.71252,AADT,Trendline
F-M-0436,MN,Ramsey,road-capacity-expansion,Replace Bridge over Lexington Ave and remove WB on/off ramps at Hamline Ave,1/1/2010,1/1/2080,4/1/2017,suburban,0.45,40974,before,Lexington Ave.,,55,12,0,0,2,0,0,0,7,minor arterial,40974_2,2016-01-01,0:00:00,24:00:00,volume,17518.0,AADT,0,575,,0:00:00,24:00:00,volume,19783.71252,AADT,Trendline
F-M-0436,MN,Ramsey,road-capacity-expansion,Replace Bridge over Lexington Ave and remove WB on/off ramps at Hamline Ave,1/1/2010,1/1/2080,4/1/2017,suburban,0.45,40974,before,Lexington Ave.,,55,12,0,0,2,0,0,0,7,minor arterial,40974_3,2017-01-01,0:00:00,24:00:00,volume,17844.0,AADT,0,575,,0:00:00,24:00:00,volume,19783.71252,AADT,Trendline
F-M-0436,MN,Ramsey,road-capacity-expansion,Replace Bridge over Lexington Ave and remove WB on/off ramps at Hamline Ave,1/1/2010,1/1/2080,4/1/2017,suburban,0.45,40974,after,Lexington Ave.,,55,12,0,0,2,0,1,0,9,minor arterial,40974_4,2018-01-01,0:00:00,24:00:00,volume,17937.0,AADT,1,575,,0:00:00,24:00:00,volume,19783.71252,AADT,Trendline
F-M-0436,MN,Ramsey,road-capacity-expansion,Replace Bridge over Lexington Ave and remove WB on/off ramps at Hamline Ave,1/1/2010,1/1/2080,4/1/2017,suburban,0.45,40974,after,Lexington Ave.,,55,12,0,0,2,0,1,0,9,minor arterial,40974_5,2019-01-01,0:00:00,24:00:00,volume,15200.0,AADT,1,575,,0:00:00,24:00:00,volume,19783.71252,AADT,Trendline
F-M-0436,MN,Ramsey,road-capacity-expansion,Replace Bridge over Lexington Ave and remove WB on/off ramps at Hamline Ave,1/1/2010,1/1/2080,4/1/2017,suburban,0.45,40974,after,Lexington Ave.,,55,12,0,0,2,0,1,0,9,minor arterial,40974_6,2020-01-01,0:00:00,24:00:00,volume,11388.0,AADT,1,575,,0:00:00,24:00:00,volume,19783.71252,AADT,Trendline
F-M-0436,MN,Ramsey,road-capacity-expansion,Replace Bridge over Lexington Ave and remove WB on/off ramps at Hamline Ave,1/1/2010,1/1/2080,4/1/2017,suburban,0.45,40974,after,Lexington Ave.,,55,12,0,0,2,0,1,0,9,minor arterial,40974_7,2021-01-01,0:00:00,24:00:00,volume,13169.0,AADT,1,575,,0:00:00,24:00:00,volume,19783.71252,AADT,Trendline
F-M-0436,MN,Ramsey,road-capacity-expansion,Replace Bridge over Lexington Ave and remove WB on/off ramps at Hamline Ave,1/1/2010,1/1/2080,4/1/2017,suburban,0.45,40974,after,Lexington Ave.,,55,12,0,0,2,0,1,0,9,minor arterial,40974_8,2022-01-01,0:00:00,24:00:00,volume,13525.0,AADT,1,575,,0:00:00,24:00:00,volume,19783.71252,AADT,Trendline
F-M-0436,MN,Ramsey,road-capacity-expansion,Replace Bridge over Lexington Ave and remove WB on/off ramps at Hamline Ave,1/1/2010,1/1/2080,4/1/2017,suburban,0.45,40974,after,Lexington Ave.,,55,12,0,0,2,0,1,0,9,minor arterial,40974_9,2023-01-01,0:00:00,24:00:00,volume,12691.0,AADT,1,575,,0:00:00,24:00:00,volume,19783.71252,AADT,Trendline
F-M-0436,MN,Ramsey,road-capacity-expansion,Replace Bridge over Lexington Ave and remove WB on/off ramps at Hamline Ave,1/1/2010,1/1/2080,4/1/2017,suburban,0.45,40974,after,Lexington Ave.,,55,12,0,0,2,0,1,0,9,minor arterial,40974_10,2024-01-01,0:00:00,24:00:00,volume,13230.0,AADT,1,575,,0:00:00,24:00:00,volume,19783.71252,AADT,Trendline
F-M-0436,MN,Ramsey,road-capacity-expansion,Replace Bridge over Lexington Ave and remove WB on/off ramps at Hamline Ave,1/1/2010,1/1/2080,4/1/2017,suburban,0.45,41008,before,Lexington Ave.,,55,12,0,0,2,0,1,0,7,minor arterial,41008_1,2011-01-01,0:00:00,24:00:00,volume,15900.0,AADT,0,574,,0:00:00,24:00:00,volume,20625.80531,AADT,Trendline
F-M-0436,MN,Ramsey,road-capacity-expansion,Replace Bridge over Lexington Ave and remove WB on/off ramps at Hamline Ave,1/1/2010,1/1/2080,4/1/2017,suburban,0.45,41008,before,Lexington Ave.,,55,12,0,0,2,0,1,0,7,minor arterial,41008_2,2016-01-01,0:00:00,24:00:00,volume,16116.0,AADT,0,574,,0:00:00,24:00:00,volume,20625.80531,AADT,Trendline
F-M-0436,MN,Ramsey,road-capacity-expansion,Replace Bridge over Lexington Ave and remove WB on/off ramps at Hamline Ave,1/1/2010,1/1/2080,4/1/2017,suburban,0.45,41008,before,Lexington Ave.,,55,12,0,0,2,0,1,0,7,minor arterial,41008_3,2017-01-01,0:00:00,24:00:00,volume,15400.0,AADT,0,574,,0:00:00,24:00:00,volume,20625.80531,AADT,Trendline
F-M-0436,MN,Ramsey,road-capacity-expansion,Replace Bridge over Lexington Ave and remove WB on/off ramps at Hamline Ave,1/1/2010,1/1/2080,4/1/2017,suburban,0.45,41008,after,Lexington Ave.,,55,12,0,0,2,0,1,0,9,minor arterial,41008_4,2018-01-01,0:00:00,24:00:00,volume,15480.0,AADT,1,574,,0:00:00,24:00:00,volume,20625.80531,AADT,Trendline
F-M-0436,MN,Ramsey,road-capacity-expansion,Replace Bridge over Lexington Ave and remove WB on/off ramps at Hamline Ave,1/1/2010,1/1/2080,4/1/2017,suburban,0.45,41008,after,Lexington Ave.,,55,12,0,0,2,0,1,0,9,minor arterial,41008_5,2019-01-01,0:00:00,24:00:00,volume,15600.0,AADT,1,574,,0:00:00,24:00:00,volume,20625.80531,AADT,Trendline
F-M-0436,MN,Ramsey,road-capacity-expansion,Replace Bridge over Lexington Ave and remove WB on/off ramps at Hamline Ave,1/1/2010,1/1/2080,4/1/2017,suburban,0.45,41008,after,Lexington Ave.,,55,12,0,0,2,0,1,0,9,minor arterial,41008_6,2020-01-01,0:00:00,24:00:00,volume,11688.0,AADT,1,574,,0:00:00,24:00:00,volume,20625.80531,AADT,Trendline
F-M-0436,MN,Ramsey,road-capacity-expansion,Replace Bridge over Lexington Ave and remove WB on/off ramps at Hamline Ave,1/1/2010,1/1/2080,4/1/2017,suburban,0.45,41008,after,Lexington Ave.,,55,12,0,0,2,0,1,0,9,minor arterial,41008_7,2021-01-01,0:00:00,24:00:00,volume,12072.0,AADT,1,574,,0:00:00,24:00:00,volume,20625.80531,AADT,Trendline
F-M-0436,MN,Ramsey,road-capacity-expansion,Replace Bridge over Lexington Ave and remove WB on/off ramps at Hamline Ave,1/1/2010,1/1/2080,4/1/2017,suburban,0.45,41008,after,Lexington Ave.,,55,12,0,0,2,0,1,0,9,minor arterial,41008_8,2022-01-01,0:00:00,24:00:00,volume,12398.0,AADT,1,574,,0:00:00,24:00:00,volume,20625.80531,AADT,Trendline
F-M-0436,MN,Ramsey,road-capacity-expansion,Replace Bridge over Lexington Ave and remove WB on/off ramps at Hamline Ave,1/1/2010,1/1/2080,4/1/2017,suburban,0.45,41008,after,Lexington Ave.,,55,12,0,0,2,0,1,0,9,minor arterial,41008_9,2023-01-01,0:00:00,24:00:00,volume,12867.0,AADT,1,574,,0:00:00,24:00:00,volume,20625.80531,AADT,Trendline
F-M-0436,MN,Ramsey,road-capacity-expansion,Replace Bridge over Lexington Ave and remove WB on/off ramps at Hamline Ave,1/1/2010,1/1/2080,4/1/2017,suburban,0.45,41008,after,Lexington Ave.,,55,12,0,0,2,0,1,0,9,minor arterial,41008_10,2024-01-01,0:00:00,24:00:00,volume,13492.0,AADT,1,574,,0:00:00,24:00:00,volume,20625.80531,AADT,Trendline
F-M-0436,MN,Ramsey,road-capacity-expansion,Replace Bridge over Lexington Ave and remove WB on/off ramps at Hamline Ave,1/1/2010,1/1/2080,4/1/2017,suburban,0.45,41008,after,Lexington Ave.,,55,12,0,0,2,0,1,0,9,minor arterial,41008_11,2025-01-01,0:00:00,24:00:00,volume,15394.0,AADT,1,574,,0:00:00,24:00:00,volume,20625.80531,AADT,Trendline
F-M-0436,MN,Ramsey,road-capacity-expansion,Replace Bridge over Lexington Ave and remove WB on/off ramps at Hamline Ave,1/1/2010,1/1/2080,4/1/2017,suburban,0.45,74114,after,TH36,,55,12,0,0,1,0,0,0,10,ramp,74114_1,2020-01-01,0:00:00,24:00:00,volume,3250.0,AADT,1,573,,0:00:00,24:00:00,volume,6698.465404,AADT,Trendline
F-M-0436,MN,Ramsey,road-capacity-expansion,Replace Bridge over Lexington Ave and remove WB on/off ramps at Hamline Ave,1/1/2010,1/1/2080,4/1/2017,suburban,0.45,74114,after,TH36,,55,12,0,0,1,0,0,0,10,ramp,74114_2,2021-01-01,0:00:00,24:00:00,volume,3752.0,AADT,1,573,,0:00:00,24:00:00,volume,6698.465404,AADT,Trendline
F-M-0436,MN,Ramsey,road-capacity-expansion,Replace Bridge over Lexington Ave and remove WB on/off ramps at Hamline Ave,1/1/2010,1/1/2080,4/1/2017,suburban,0.45,74114,after,TH36,,55,12,0,0,1,0,0,0,10,ramp,74114_3,2022-01-01,0:00:00,24:00:00,volume,4024.0,AADT,1,573,,0:00:00,24:00:00,volume,6698.465404,AADT,Trendline
F-M-0436,MN,Ramsey,road-capacity-expansion,Replace Bridge over Lexington Ave and remove WB on/off ramps at Hamline Ave,1/1/2010,1/1/2080,4/1/2017,suburban,0.45,74114,after,TH36,,55,12,0,0,1,0,0,0,10,ramp,74114_4,2023-01-01,0:00:00,24:00:00,volume,3859.0,AADT,1,573,,0:00:00,24:00:00,volume,6698.465404,AADT,Trendline
F-M-0436,MN,Ramsey,road-capacity-expansion,Replace Bridge over Lexington Ave and remove WB on/off ramps at Hamline Ave,1/1/2010,1/1/2080,4/1/2017,suburban,0.45,74114,after,TH36,,55,12,0,0,1,0,0,0,10,ramp,74114_5,2024-01-01,0:00:00,24:00:00,volume,4023.0,AADT,1,573,,0:00:00,24:00:00,volume,6698.465404,AADT,Trendline
F-M-0436,MN,Ramsey,road-capacity-expansion,Replace Bridge over Lexington Ave and remove WB on/off ramps at Hamline Ave,1/1/2010,1/1/2080,4/1/2017,suburban,0.45,74114,after,TH36,,55,12,0,0,1,0,0,0,10,ramp,74114_6,2025-01-01,0:00:00,24:00:00,volume,4022.0,AADT,1,573,,0:00:00,24:00:00,volume,6698.465404,AADT,Trendline
F-M-0436,MN,Ramsey,road-capacity-expansion,Replace Bridge over Lexington Ave and remove WB on/off ramps at Hamline Ave,1/1/2010,1/1/2080,4/1/2017,suburban,0.45,74116,after,TH36,,55,12,0,0,1,0,0,0,10,ramp,74116_1,2020-01-01,0:00:00,24:00:00,volume,3450.0,AADT,1,572,,0:00:00,24:00:00,volume,7990.312304,AADT,Trendline
F-M-0436,MN,Ramsey,road-capacity-expansion,Replace Bridge over Lexington Ave and remove WB on/off ramps at Hamline Ave,1/1/2010,1/1/2080,4/1/2017,suburban,0.45,74116,after,TH36,,55,12,0,0,1,0,0,0,10,ramp,74116_2,2021-01-01,0:00:00,24:00:00,volume,3826.0,AADT,1,572,,0:00:00,24:00:00,volume,7990.312304,AADT,Trendline
F-M-0436,MN,Ramsey,road-capacity-expansion,Replace Bridge over Lexington Ave and remove WB on/off ramps at Hamline Ave,1/1/2010,1/1/2080,4/1/2017,suburban,0.45,74116,after,TH36,,55,12,0,0,1,0,0,0,10,ramp,74116_3,2022-01-01,0:00:00,24:00:00,volume,4191.0,AADT,1,572,,0:00:00,24:00:00,volume,7990.312304,AADT,Trendline
F-M-0436,MN,Ramsey,road-capacity-expansion,Replace Bridge over Lexington Ave and remove WB on/off ramps at Hamline Ave,1/1/2010,1/1/2080,4/1/2017,suburban,0.45,74116,after,TH36,,55,12,0,0,1,0,0,0,10,ramp,74116_4,2023-01-01,0:00:00,24:00:00,volume,4395.0,AADT,1,572,,0:00:00,24:00:00,volume,7990.312304,AADT,Trendline
F-M-0436,MN,Ramsey,road-capacity-expansion,Replace Bridge over Lexington Ave and remove WB on/off ramps at Hamline Ave,1/1/2010,1/1/2080,4/1/2017,suburban,0.45,74116,after,TH36,,55,12,0,0,1,0,0,0,10,ramp,74116_5,2024-01-01,0:00:00,24:00:00,volume,4409.0,AADT,1,572,,0:00:00,24:00:00,volume,7990.312304,AADT,Trendline
F-M-0436,MN,Ramsey,road-capacity-expansion,Replace Bridge over Lexington Ave and remove WB on/off ramps at Hamline Ave,1/1/2010,1/1/2080,4/1/2017,suburban,0.45,74116,after,TH36,,55,12,0,0,1,0,0,0,10,ramp,74116_6,2025-01-01,0:00:00,24:00:00,volume,4490.0,AADT,1,572,,0:00:00,24:00:00,volume,7990.312304,AADT,Trendline
F-M-0507,MN,Hennepin,road-capacity-expansion,I-494 from I-394 to I-94 and I-94 from CSAH 30 to CSAH 61,1/1/2010,1/1/2030,4/1/2020,exurban,8.17,72767,before,I-494 and I-94,,65,12,0,0,0,2,1,0,10,ramp,72767_1,2020-01-01,0:00:00,24:00:00,volume,5300.0,AADT,0,546,,0:00:00,24:00:00,volume,8528.068865,AADT,Trendline
F-M-0507,MN,Hennepin,road-capacity-expansion,I-494 from I-394 to I-94 and I-94 from CSAH 30 to CSAH 61,1/1/2010,1/1/2030,4/1/2020,exurban,8.17,72767,after,I-494 and I-94,,65,12,0,0,0,2,2,0,10,ramp,72767_2,2021-01-01,0:00:00,24:00:00,volume,6035.0,AADT,1,546,,0:00:00,24:00:00,volume,8528.068865,AADT,Trendline
F-M-0507,MN,Hennepin,road-capacity-expansion,I-494 from I-394 to I-94 and I-94 from CSAH 30 to CSAH 61,1/1/2010,1/1/2030,4/1/2020,exurban,8.17,72767,after,I-494 and I-94,,65,12,0,0,0,2,2,0,10,ramp,72767_3,2022-01-01,0:00:00,24:00:00,volume,6373.0,AADT,1,546,,0:00:00,24:00:00,volume,8528.068865,AADT,Trendline
F-M-0507,MN,Hennepin,road-capacity-expansion,I-494 from I-394 to I-94 and I-94 from CSAH 30 to CSAH 61,1/1/2010,1/1/2030,4/1/2020,exurban,8.17,72767,after,I-494 and I-94,,65,12,0,0,0,2,2,0,10,ramp,72767_4,2023-01-01,0:00:00,24:00:00,volume,7286.0,AADT,1,546,,0:00:00,24:00:00,volume,8528.068865,AADT,Trendline
F-M-0507,MN,Hennepin,road-capacity-expansion,I-494 from I-394 to I-94 and I-94 from CSAH 30 to CSAH 61,1/1/2010,1/1/2030,4/1/2020,exurban,8.17,72767,after,I-494 and I-94,,65,12,0,0,0,2,2,0,10,ramp,72767_5,2024-01-01,0:00:00,24:00:00,volume,7349.0,AADT,1,546,,0:00:00,24:00:00,volume,8528.068865,AADT,Trendline
F-M-0507,MN,Hennepin,road-capacity-expansion,I-494 from I-394 to I-94 and I-94 from CSAH 30 to CSAH 61,1/1/2010,1/1/2030,4/1/2020,exurban,8.17,72767,after,I-494 and I-94,,65,12,0,0,0,2,2,0,10,ramp,72767_6,2025-01-01,0:00:00,24:00:00,volume,7265.0,AADT,1,546,,0:00:00,24:00:00,volume,8528.068865,AADT,Trendline
F-M-0507,MN,Hennepin,road-capacity-expansion,I-494 from I-394 to I-94 and I-94 from CSAH 30 to CSAH 61,1/1/2010,1/1/2030,4/1/2020,exurban,8.17,72768,before,I-494 and I-94,,65,12,0,0,1,0,0,0,10,ramp,72768_1,2020-01-01,0:00:00,24:00:00,volume,4850.0,AADT,0,547,,0:00:00,24:00:00,volume,4332.02587,AADT,Trendline
F-M-0507,MN,Hennepin,road-capacity-expansion,I-494 from I-394 to I-94 and I-94 from CSAH 30 to CSAH 61,1/1/2010,1/1/2030,4/1/2020,exurban,8.17,72768,after,I-494 and I-94,,65,12,0,0,2,0,0,0,10,ramp,72768_2,2021-01-01,0:00:00,24:00:00,volume,5568.0,AADT,1,547,,0:00:00,24:00:00,volume,4332.02587,AADT,Trendline
F-M-0507,MN,Hennepin,road-capacity-expansion,I-494 from I-394 to I-94 and I-94 from CSAH 30 to CSAH 61,1/1/2010,1/1/2030,4/1/2020,exurban,8.17,72768,after,I-494 and I-94,,65,12,0,0,2,0,0,0,10,ramp,72768_3,2022-01-01,0:00:00,24:00:00,volume,5978.0,AADT,1,547,,0:00:00,24:00:00,volume,4332.02587,AADT,Trendline
F-M-0507,MN,Hennepin,road-capacity-expansion,I-494 from I-394 to I-94 and I-94 from CSAH 30 to CSAH 61,1/1/2010,1/1/2030,4/1/2020,exurban,8.17,72768,after,I-494 and I-94,,65,12,0,0,2,0,0,0,10,ramp,72768_4,2023-01-01,0:00:00,24:00:00,volume,6607.0,AADT,1,547,,0:00:00,24:00:00,volume,4332.02587,AADT,Trendline
F-M-0507,MN,Hennepin,road-capacity-expansion,I-494 from I-394 to I-94 and I-94 from CSAH 30 to CSAH 61,1/1/2010,1/1/2030,4/1/2020,exurban,8.17,72768,after,I-494 and I-94,,65,12,0,0,2,0,0,0,10,ramp,72768_5,2024-01-01,0:00:00,24:00:00,volume,7056.0,AADT,1,547,,0:00:00,24:00:00,volume,4332.02587,AADT,Trendline
F-M-0507,MN,Hennepin,road-capacity-expansion,I-494 from I-394 to I-94 and I-94 from CSAH 30 to CSAH 61,1/1/2010,1/1/2030,4/1/2020,exurban,8.17,72768,after,I-494 and I-94,,65,12,0,0,2,0,0,0,10,ramp,72768_6,2025-01-01,0:00:00,24:00:00,volume,6734.0,AADT,1,547,,0:00:00,24:00:00,volume,4332.02587,AADT,Trendline
F-M-0507,MN,Hennepin,road-capacity-expansion,I-494 from I-394 to I-94 and I-94 from CSAH 30 to CSAH 61,1/1/2010,1/1/2030,4/1/2020,exurban,8.17,72769,before,I-494 and I-94,,65,12,0,0,0,1,1,0,10,ramp,72769_1,2020-01-01,0:00:00,24:00:00,volume,5800.0,AADT,0,545,,0:00:00,24:00:00,volume,7537.336491,AADT,Trendline
F-M-0507,MN,Hennepin,road-capacity-expansion,I-494 from I-394 to I-94 and I-94 from CSAH 30 to CSAH 61,1/1/2010,1/1/2030,4/1/2020,exurban,8.17,72769,after,I-494 and I-94,,65,12,0,0,0,2,2,0,10,ramp,72769_2,2021-01-01,0:00:00,24:00:00,volume,7067.0,AADT,1,545,,0:00:00,24:00:00,volume,7537.336491,AADT,Trendline
F-M-0507,MN,Hennepin,road-capacity-expansion,I-494 from I-394 to I-94 and I-94 from CSAH 30 to CSAH 61,1/1/2010,1/1/2030,4/1/2020,exurban,8.17,72769,after,I-494 and I-94,,65,12,0,0,0,2,2,0,10,ramp,72769_3,2022-01-01,0:00:00,24:00:00,volume,7530.0,AADT,1,545,,0:00:00,24:00:00,volume,7537.336491,AADT,Trendline
F-M-0507,MN,Hennepin,road-capacity-expansion,I-494 from I-394 to I-94 and I-94 from CSAH 30 to CSAH 61,1/1/2010,1/1/2030,4/1/2020,exurban,8.17,72769,after,I-494 and I-94,,65,12,0,0,0,2,2,0,10,ramp,72769_4,2023-01-01,0:00:00,24:00:00,volume,7757.0,AADT,1,545,,0:00:00,24:00:00,volume,7537.336491,AADT,Trendline
F-M-0507,MN,Hennepin,road-capacity-expansion,I-494 from I-394 to I-94 and I-94 from CSAH 30 to CSAH 61,1/1/2010,1/1/2030,4/1/2020,exurban,8.17,72769,after,I-494 and I-94,,65,12,0,0,0,2,2,0,10,ramp,72769_5,2024-01-01,0:00:00,24:00:00,volume,8849.0,AADT,1,545,,0:00:00,24:00:00,volume,7537.336491,AADT,Trendline
F-M-0507,MN,Hennepin,road-capacity-expansion,I-494 from I-394 to I-94 and I-94 from CSAH 30 to CSAH 61,1/1/2010,1/1/2030,4/1/2020,exurban,8.17,72769,after,I-494 and I-94,,65,12,0,0,0,2,2,0,10,ramp,72769_6,2025-01-01,0:00:00,24:00:00,volume,8614.0,AADT,1,545,,0:00:00,24:00:00,volume,7537.336491,AADT,Trendline
F-M-0507,MN,Hennepin,road-capacity-expansion,I-494 from I-394 to I-94 and I-94 from CSAH 30 to CSAH 61,1/1/2010,1/1/2030,4/1/2020,exurban,8.17,73027,before,I-494 and I-94,,65,12,0,0,2,0,0,0,10,ramp,73027_1,2020-01-01,0:00:00,24:00:00,volume,25500.0,AADT,0,554,,0:00:00,24:00:00,volume,8617.42904,AADT,Trendline
F-M-0507,MN,Hennepin,road-capacity-expansion,I-494 from I-394 to I-94 and I-94 from CSAH 30 to CSAH 61,1/1/2010,1/1/2030,4/1/2020,exurban,8.17,73027,after,I-494 and I-94,,65,12,0,0,2,0,0,0,10,ramp,73027_2,2021-01-01,0:00:00,24:00:00,volume,20946.0,AADT,1,554,,0:00:00,24:00:00,volume,8617.42904,AADT,Trendline
F-M-0507,MN,Hennepin,road-capacity-expansion,I-494 from I-394 to I-94 and I-94 from CSAH 30 to CSAH 61,1/1/2010,1/1/2030,4/1/2020,exurban,8.17,73027,after,I-494 and I-94,,65,12,0,0,2,0,0,0,10,ramp,73027_3,2022-01-01,0:00:00,24:00:00,volume,24089.0,AADT,1,554,,0:00:00,24:00:00,volume,8617.42904,AADT,Trendline
F-M-0507,MN,Hennepin,road-capacity-expansion,I-494 from I-394 to I-94 and I-94 from CSAH 30 to CSAH 61,1/1/2010,1/1/2030,4/1/2020,exurban,8.17,73027,after,I-494 and I-94,,65,12,0,0,2,0,0,0,10,ramp,73027_4,2023-01-01,0:00:00,24:00:00,volume,25669.0,AADT,1,554,,0:00:00,24:00:00,volume,8617.42904,AADT,Trendline
F-M-0507,MN,Hennepin,road-capacity-expansion,I-494 from I-394 to I-94 and I-94 from CSAH 30 to CSAH 61,1/1/2010,1/1/2030,4/1/2020,exurban,8.17,73027,after,I-494 and I-94,,65,12,0,0,2,0,0,0,10,ramp,73027_5,2024-01-01,0:00:00,24:00:00,volume,26192.0,AADT,1,554,,0:00:00,24:00:00,volume,8617.42904,AADT,Trendline
F-M-0507,MN,Hennepin,road-capacity-expansion,I-494 from I-394 to I-94 and I-94 from CSAH 30 to CSAH 61,1/1/2010,1/1/2030,4/1/2020,exurban,8.17,73027,after,I-494 and I-94,,65,12,0,0,2,0,0,0,10,ramp,73027_6,2025-01-01,0:00:00,24:00:00,volume,26131.0,AADT,1,554,,0:00:00,24:00:00,volume,8617.42904,AADT,Trendline
F-M-0507,MN,Hennepin,road-capacity-expansion,I-494 from I-394 to I-94 and I-94 from CSAH 30 to CSAH 61,1/1/2010,1/1/2030,4/1/2020,exurban,8.17,73030,before,I-494 and I-94,,65,12,0,0,2,0,0,1,10,ramp,73030_1,2020-01-01,0:00:00,24:00:00,volume,1950.0,AADT,0,551,,0:00:00,24:00:00,volume,7164.354892,AADT,Trendline
F-M-0507,MN,Hennepin,road-capacity-expansion,I-494 from I-394 to I-94 and I-94 from CSAH 30 to CSAH 61,1/1/2010,1/1/2030,4/1/2020,exurban,8.17,73030,after,I-494 and I-94,,65,12,0,0,2,0,0,1,10,ramp,73030_2,2021-01-01,0:00:00,24:00:00,volume,6465.0,AADT,1,551,,0:00:00,24:00:00,volume,7164.354892,AADT,Trendline
F-M-0507,MN,Hennepin,road-capacity-expansion,I-494 from I-394 to I-94 and I-94 from CSAH 30 to CSAH 61,1/1/2010,1/1/2030,4/1/2020,exurban,8.17,73030,after,I-494 and I-94,,65,12,0,0,2,0,0,1,10,ramp,73030_3,2022-01-01,0:00:00,24:00:00,volume,6585.0,AADT,1,551,,0:00:00,24:00:00,volume,7164.354892,AADT,Trendline
F-M-0507,MN,Hennepin,road-capacity-expansion,I-494 from I-394 to I-94 and I-94 from CSAH 30 to CSAH 61,1/1/2010,1/1/2030,4/1/2020,exurban,8.17,73030,after,I-494 and I-94,,65,12,0,0,2,0,0,1,10,ramp,73030_4,2023-01-01,0:00:00,24:00:00,volume,6690.0,AADT,1,551,,0:00:00,24:00:00,volume,7164.354892,AADT,Trendline
F-M-0507,MN,Hennepin,road-capacity-expansion,I-494 from I-394 to I-94 and I-94 from CSAH 30 to CSAH 61,1/1/2010,1/1/2030,4/1/2020,exurban,8.17,73030,after,I-494 and I-94,,65,12,0,0,2,0,0,1,10,ramp,73030_5,2024-01-01,0:00:00,24:00:00,volume,7032.0,AADT,1,551,,0:00:00,24:00:00,volume,7164.354892,AADT,Trendline
F-M-0507,MN,Hennepin,road-capacity-expansion,I-494 from I-394 to I-94 and I-94 from CSAH 30 to CSAH 61,1/1/2010,1/1/2030,4/1/2020,exurban,8.17,73030,after,I-494 and I-94,,65,12,0,0,2,0,0,1,10,ramp,73030_6,2025-01-01,0:00:00,24:00:00,volume,6985.0,AADT,1,551,,0:00:00,24:00:00,volume,7164.354892,AADT,Trendline
F-M-0507,MN,Hennepin,road-capacity-expansion,I-494 from I-394 to I-94 and I-94 from CSAH 30 to CSAH 61,1/1/2010,1/1/2030,4/1/2020,exurban,8.17,73031,before,I-494 and I-94,,65,12,0,0,0,2,1,0,10,ramp,73031_1,2020-01-01,0:00:00,24:00:00,volume,4900.0,AADT,0,549,,0:00:00,24:00:00,volume,6484.440517,AADT,Trendline
F-M-0507,MN,Hennepin,road-capacity-expansion,I-494 from I-394 to I-94 and I-94 from CSAH 30 to CSAH 61,1/1/2010,1/1/2030,4/1/2020,exurban,8.17,73031,after,I-494 and I-94,,65,12,0,0,0,2,1,0,10,ramp,73031_2,2021-01-01,0:00:00,24:00:00,volume,5904.0,AADT,1,549,,0:00:00,24:00:00,volume,6484.440517,AADT,Trendline
F-M-0507,MN,Hennepin,road-capacity-expansion,I-494 from I-394 to I-94 and I-94 from CSAH 30 to CSAH 61,1/1/2010,1/1/2030,4/1/2020,exurban,8.17,73031,after,I-494 and I-94,,65,12,0,0,0,2,1,0,10,ramp,73031_3,2022-01-01,0:00:00,24:00:00,volume,5990.0,AADT,1,549,,0:00:00,24:00:00,volume,6484.440517,AADT,Trendline
F-M-0507,MN,Hennepin,road-capacity-expansion,I-494 from I-394 to I-94 and I-94 from CSAH 30 to CSAH 61,1/1/2010,1/1/2030,4/1/2020,exurban,8.17,73031,after,I-494 and I-94,,65,12,0,0,0,2,1,0,10,ramp,73031_4,2023-01-01,0:00:00,24:00:00,volume,6216.0,AADT,1,549,,0:00:00,24:00:00,volume,6484.440517,AADT,Trendline
F-M-0507,MN,Hennepin,road-capacity-expansion,I-494 from I-394 to I-94 and I-94 from CSAH 30 to CSAH 61,1/1/2010,1/1/2030,4/1/2020,exurban,8.17,73031,after,I-494 and I-94,,65,12,0,0,0,2,1,0,10,ramp,73031_5,2024-01-01,0:00:00,24:00:00,volume,6384.0,AADT,1,549,,0:00:00,24:00:00,volume,6484.440517,AADT,Trendline
F-M-0507,MN,Hennepin,road-capacity-expansion,I-494 from I-394 to I-94 and I-94 from CSAH 30 to CSAH 61,1/1/2010,1/1/2030,4/1/2020,exurban,8.17,73031,after,I-494 and I-94,,65,12,0,0,0,2,1,0,10,ramp,73031_6,2025-01-01,0:00:00,24:00:00,volume,6736.0,AADT,1,549,,0:00:00,24:00:00,volume,6484.440517,AADT,Trendline
F-M-0507,MN,Hennepin,road-capacity-expansion,I-494 from I-394 to I-94 and I-94 from CSAH 30 to CSAH 61,1/1/2010,1/1/2030,4/1/2020,exurban,8.17,73032,before,I-494 and I-94,,65,12,0,0,2,0,0,1,10,ramp,73032_1,2020-01-01,0:00:00,24:00:00,volume,1350.0,AADT,0,550,,0:00:00,24:00:00,volume,7379.984879,AADT,Trendline
F-M-0507,MN,Hennepin,road-capacity-expansion,I-494 from I-394 to I-94 and I-94 from CSAH 30 to CSAH 61,1/1/2010,1/1/2030,4/1/2020,exurban,8.17,73032,after,I-494 and I-94,,65,12,0,0,2,0,0,1,10,ramp,73032_2,2021-01-01,0:00:00,24:00:00,volume,5655.0,AADT,1,550,,0:00:00,24:00:00,volume,7379.984879,AADT,Trendline
F-M-0507,MN,Hennepin,road-capacity-expansion,I-494 from I-394 to I-94 and I-94 from CSAH 30 to CSAH 61,1/1/2010,1/1/2030,4/1/2020,exurban,8.17,73032,after,I-494 and I-94,,65,12,0,0,2,0,0,1,10,ramp,73032_3,2022-01-01,0:00:00,24:00:00,volume,5862.0,AADT,1,550,,0:00:00,24:00:00,volume,7379.984879,AADT,Trendline
F-M-0507,MN,Hennepin,road-capacity-expansion,I-494 from I-394 to I-94 and I-94 from CSAH 30 to CSAH 61,1/1/2010,1/1/2030,4/1/2020,exurban,8.17,73032,after,I-494 and I-94,,65,12,0,0,2,0,0,1,10,ramp,73032_4,2023-01-01,0:00:00,24:00:00,volume,6153.0,AADT,1,550,,0:00:00,24:00:00,volume,7379.984879,AADT,Trendline
F-M-0507,MN,Hennepin,road-capacity-expansion,I-494 from I-394 to I-94 and I-94 from CSAH 30 to CSAH 61,1/1/2010,1/1/2030,4/1/2020,exurban,8.17,73032,after,I-494 and I-94,,65,12,0,0,2,0,0,1,10,ramp,73032_5,2024-01-01,0:00:00,24:00:00,volume,6420.0,AADT,1,550,,0:00:00,24:00:00,volume,7379.984879,AADT,Trendline
F-M-0507,MN,Hennepin,road-capacity-expansion,I-494 from I-394 to I-94 and I-94 from CSAH 30 to CSAH 61,1/1/2010,1/1/2030,4/1/2020,exurban,8.17,73032,after,I-494 and I-94,,65,12,0,0,2,0,0,1,10,ramp,73032_6,2025-01-01,0:00:00,24:00:00,volume,6939.0,AADT,1,550,,0:00:00,24:00:00,volume,7379.984879,AADT,Trendline
F-M-0507,MN,Hennepin,road-capacity-expansion,I-494 from I-394 to I-94 and I-94 from CSAH 30 to CSAH 61,1/1/2010,1/1/2030,4/1/2020,exurban,8.17,73033,before,I-494 and I-94,,65,12,0,0,0,2,1,0,10,ramp,73033_1,2020-01-01,0:00:00,24:00:00,volume,4550.0,AADT,0,548,,0:00:00,24:00:00,volume,7172.125342,AADT,Trendline
F-M-0507,MN,Hennepin,road-capacity-expansion,I-494 from I-394 to I-94 and I-94 from CSAH 30 to CSAH 61,1/1/2010,1/1/2030,4/1/2020,exurban,8.17,73033,after,I-494 and I-94,,65,12,0,0,0,2,1,0,10,ramp,73033_2,2021-01-01,0:00:00,24:00:00,volume,6675.0,AADT,1,548,,0:00:00,24:00:00,volume,7172.125342,AADT,Trendline
F-M-0507,MN,Hennepin,road-capacity-expansion,I-494 from I-394 to I-94 and I-94 from CSAH 30 to CSAH 61,1/1/2010,1/1/2030,4/1/2020,exurban,8.17,73033,after,I-494 and I-94,,65,12,0,0,0,2,1,0,10,ramp,73033_3,2022-01-01,0:00:00,24:00:00,volume,6650.0,AADT,1,548,,0:00:00,24:00:00,volume,7172.125342,AADT,Trendline
F-M-0507,MN,Hennepin,road-capacity-expansion,I-494 from I-394 to I-94 and I-94 from CSAH 30 to CSAH 61,1/1/2010,1/1/2030,4/1/2020,exurban,8.17,73033,after,I-494 and I-94,,65,12,0,0,0,2,1,0,10,ramp,73033_4,2023-01-01,0:00:00,24:00:00,volume,6688.0,AADT,1,548,,0:00:00,24:00:00,volume,7172.125342,AADT,Trendline
F-M-0507,MN,Hennepin,road-capacity-expansion,I-494 from I-394 to I-94 and I-94 from CSAH 30 to CSAH 61,1/1/2010,1/1/2030,4/1/2020,exurban,8.17,73033,after,I-494 and I-94,,65,12,0,0,0,2,1,0,10,ramp,73033_5,2024-01-01,0:00:00,24:00:00,volume,7032.0,AADT,1,548,,0:00:00,24:00:00,volume,7172.125342,AADT,Trendline
F-M-0507,MN,Hennepin,road-capacity-expansion,I-494 from I-394 to I-94 and I-94 from CSAH 30 to CSAH 61,1/1/2010,1/1/2030,4/1/2020,exurban,8.17,73033,after,I-494 and I-94,,65,12,0,0,0,2,1,0,10,ramp,73033_6,2025-01-01,0:00:00,24:00:00,volume,6913.0,AADT,1,548,,0:00:00,24:00:00,volume,7172.125342,AADT,Trendline
F-M-0507,MN,Hennepin,road-capacity-expansion,I-494 from I-394 to I-94 and I-94 from CSAH 30 to CSAH 61,1/1/2010,1/1/2030,4/1/2020,exurban,8.17,73322,before,I-494 and I-94,,65,12,0,0,3,0,0,1,10,ramp,73322_1,2020-01-01,0:00:00,24:00:00,volume,5900.0,AADT,0,544,,0:00:00,24:00:00,volume,8877.739115,AADT,Trendline
F-M-0507,MN,Hennepin,road-capacity-expansion,I-494 from I-394 to I-94 and I-94 from CSAH 30 to CSAH 61,1/1/2010,1/1/2030,4/1/2020,exurban,8.17,73322,after,I-494 and I-94,,65,12,0,0,3,0,0,1,10,ramp,73322_2,2021-01-01,0:00:00,24:00:00,volume,6196.0,AADT,1,544,,0:00:00,24:00:00,volume,8877.739115,AADT,Trendline
F-M-0507,MN,Hennepin,road-capacity-expansion,I-494 from I-394 to I-94 and I-94 from CSAH 30 to CSAH 61,1/1/2010,1/1/2030,4/1/2020,exurban,8.17,73322,after,I-494 and I-94,,65,12,0,0,3,0,0,1,10,ramp,73322_3,2022-01-01,0:00:00,24:00:00,volume,6601.0,AADT,1,544,,0:00:00,24:00:00,volume,8877.739115,AADT,Trendline
F-M-0507,MN,Hennepin,road-capacity-expansion,I-494 from I-394 to I-94 and I-94 from CSAH 30 to CSAH 61,1/1/2010,1/1/2030,4/1/2020,exurban,8.17,73322,after,I-494 and I-94,,65,12,0,0,3,0,0,1,10,ramp,73322_4,2023-01-01,0:00:00,24:00:00,volume,6685.0,AADT,1,544,,0:00:00,24:00:00,volume,8877.739115,AADT,Trendline
F-M-0507,MN,Hennepin,road-capacity-expansion,I-494 from I-394 to I-94 and I-94 from CSAH 30 to CSAH 61,1/1/2010,1/1/2030,4/1/2020,exurban,8.17,73322,after,I-494 and I-94,,65,12,0,0,3,0,0,1,10,ramp,73322_5,2024-01-01,0:00:00,24:00:00,volume,6017.0,AADT,1,544,,0:00:00,24:00:00,volume,8877.739115,AADT,Trendline
F-M-0507,MN,Hennepin,road-capacity-expansion,I-494 from I-394 to I-94 and I-94 from CSAH 30 to CSAH 61,1/1/2010,1/1/2030,4/1/2020,exurban,8.17,73323,before,I-494 and I-94,,65,12,0,0,0,2,1,0,10,ramp,73323_1,2020-01-01,0:00:00,24:00:00,volume,9100.0,AADT,0,543,,0:00:00,24:00:00,volume,14453.03698,AADT,Trendline
F-M-0507,MN,Hennepin,road-capacity-expansion,I-494 from I-394 to I-94 and I-94 from CSAH 30 to CSAH 61,1/1/2010,1/1/2030,4/1/2020,exurban,8.17,73323,after,I-494 and I-94,,65,12,0,0,0,3,1,0,10,ramp,73323_2,2021-01-01,0:00:00,24:00:00,volume,10691.0,AADT,1,543,,0:00:00,24:00:00,volume,14453.03698,AADT,Trendline
F-M-0507,MN,Hennepin,road-capacity-expansion,I-494 from I-394 to I-94 and I-94 from CSAH 30 to CSAH 61,1/1/2010,1/1/2030,4/1/2020,exurban,8.17,73323,after,I-494 and I-94,,65,12,0,0,0,3,1,0,10,ramp,73323_3,2022-01-01,0:00:00,24:00:00,volume,10899.0,AADT,1,543,,0:00:00,24:00:00,volume,14453.03698,AADT,Trendline
F-M-0507,MN,Hennepin,road-capacity-expansion,I-494 from I-394 to I-94 and I-94 from CSAH 30 to CSAH 61,1/1/2010,1/1/2030,4/1/2020,exurban,8.17,73323,after,I-494 and I-94,,65,12,0,0,0,3,1,0,10,ramp,73323_4,2023-01-01,0:00:00,24:00:00,volume,11566.0,AADT,1,543,,0:00:00,24:00:00,volume,14453.03698,AADT,Trendline
F-M-0507,MN,Hennepin,road-capacity-expansion,I-494 from I-394 to I-94 and I-94 from CSAH 30 to CSAH 61,1/1/2010,1/1/2030,4/1/2020,exurban,8.17,73323,after,I-494 and I-94,,65,12,0,0,0,3,1,0,10,ramp,73323_5,2024-01-01,0:00:00,24:00:00,volume,10882.0,AADT,1,543,,0:00:00,24:00:00,volume,14453.03698,AADT,Trendline
F-M-0507,MN,Hennepin,road-capacity-expansion,I-494 from I-394 to I-94 and I-94 from CSAH 30 to CSAH 61,1/1/2010,1/1/2030,4/1/2020,exurban,8.17,73323,after,I-494 and I-94,,65,12,0,0,0,3,1,0,10,ramp,73323_6,2025-01-01,0:00:00,24:00:00,volume,12516.0,AADT,1,543,,0:00:00,24:00:00,volume,14453.03698,AADT,Trendline
F-M-0507,MN,Hennepin,road-capacity-expansion,I-494 from I-394 to I-94 and I-94 from CSAH 30 to CSAH 61,1/1/2010,1/1/2030,4/1/2020,exurban,8.17,73922,before,I-494 and I-94,,65,12,0,0,1,0,0,0,10,ramp,73922_1,2020-01-01,0:00:00,24:00:00,volume,2250.0,AADT,0,542,,0:00:00,24:00:00,volume,4332.02587,AADT,Trendline
F-M-0507,MN,Hennepin,road-capacity-expansion,I-494 from I-394 to I-94 and I-94 from CSAH 30 to CSAH 61,1/1/2010,1/1/2030,4/1/2020,exurban,8.17,73922,after,I-494 and I-94,,65,12,0,0,1,0,0,0,10,ramp,73922_2,2021-01-01,0:00:00,24:00:00,volume,2380.0,AADT,1,542,,0:00:00,24:00:00,volume,4332.02587,AADT,Trendline
F-M-0507,MN,Hennepin,road-capacity-expansion,I-494 from I-394 to I-94 and I-94 from CSAH 30 to CSAH 61,1/1/2010,1/1/2030,4/1/2020,exurban,8.17,73922,after,I-494 and I-94,,65,12,0,0,1,0,0,0,10,ramp,73922_3,2022-01-01,0:00:00,24:00:00,volume,2470.0,AADT,1,542,,0:00:00,24:00:00,volume,4332.02587,AADT,Trendline
F-M-0507,MN,Hennepin,road-capacity-expansion,I-494 from I-394 to I-94 and I-94 from CSAH 30 to CSAH 61,1/1/2010,1/1/2030,4/1/2020,exurban,8.17,73922,after,I-494 and I-94,,65,12,0,0,1,0,0,0,10,ramp,73922_4,2023-01-01,0:00:00,24:00:00,volume,2463.0,AADT,1,542,,0:00:00,24:00:00,volume,4332.02587,AADT,Trendline
F-M-0507,MN,Hennepin,road-capacity-expansion,I-494 from I-394 to I-94 and I-94 from CSAH 30 to CSAH 61,1/1/2010,1/1/2030,4/1/2020,exurban,8.17,73922,after,I-494 and I-94,,65,12,0,0,1,0,0,0,10,ramp,73922_5,2024-01-01,0:00:00,24:00:00,volume,2534.0,AADT,1,542,,0:00:00,24:00:00,volume,4332.02587,AADT,Trendline
F-M-0507,MN,Hennepin,road-capacity-expansion,I-494 from I-394 to I-94 and I-94 from CSAH 30 to CSAH 61,1/1/2010,1/1/2030,4/1/2020,exurban,8.17,73922,after,I-494 and I-94,,65,12,0,0,1,0,0,0,10,ramp,73922_6,2025-01-01,0:00:00,24:00:00,volume,2603.0,AADT,1,542,,0:00:00,24:00:00,volume,4332.02587,AADT,Trendline
F-M-0507,MN,Hennepin,road-capacity-expansion,I-494 from I-394 to I-94 and I-94 from CSAH 30 to CSAH 61,1/1/2010,1/1/2030,4/1/2020,exurban,8.17,73923,before,I-494 and I-94,,65,12,0,0,0,2,1,0,10,ramp,73923_1,2020-01-01,0:00:00,24:00:00,volume,2650.0,AADT,0,540,,0:00:00,24:00:00,volume,5517.019494,AADT,Trendline
F-M-0507,MN,Hennepin,road-capacity-expansion,I-494 from I-394 to I-94 and I-94 from CSAH 30 to CSAH 61,1/1/2010,1/1/2030,4/1/2020,exurban,8.17,73923,after,I-494 and I-94,,65,12,0,0,0,2,1,0,10,ramp,73923_2,2021-01-01,0:00:00,24:00:00,volume,2930.0,AADT,1,540,,0:00:00,24:00:00,volume,5517.019494,AADT,Trendline
F-M-0507,MN,Hennepin,road-capacity-expansion,I-494 from I-394 to I-94 and I-94 from CSAH 30 to CSAH 61,1/1/2010,1/1/2030,4/1/2020,exurban,8.17,73923,after,I-494 and I-94,,65,12,0,0,0,2,1,0,10,ramp,73923_3,2022-01-01,0:00:00,24:00:00,volume,2989.0,AADT,1,540,,0:00:00,24:00:00,volume,5517.019494,AADT,Trendline
F-M-0507,MN,Hennepin,road-capacity-expansion,I-494 from I-394 to I-94 and I-94 from CSAH 30 to CSAH 61,1/1/2010,1/1/2030,4/1/2020,exurban,8.17,73923,after,I-494 and I-94,,65,12,0,0,0,2,1,0,10,ramp,73923_4,2023-01-01,0:00:00,24:00:00,volume,3061.0,AADT,1,540,,0:00:00,24:00:00,volume,5517.019494,AADT,Trendline
F-M-0507,MN,Hennepin,road-capacity-expansion,I-494 from I-394 to I-94 and I-94 from CSAH 30 to CSAH 61,1/1/2010,1/1/2030,4/1/2020,exurban,8.17,73923,after,I-494 and I-94,,65,12,0,0,0,2,1,0,10,ramp,73923_5,2024-01-01,0:00:00,24:00:00,volume,3211.0,AADT,1,540,,0:00:00,24:00:00,volume,5517.019494,AADT,Trendline
F-M-0507,MN,Hennepin,road-capacity-expansion,I-494 from I-394 to I-94 and I-94 from CSAH 30 to CSAH 61,1/1/2010,1/1/2030,4/1/2020,exurban,8.17,73923,after,I-494 and I-94,,65,12,0,0,0,2,1,0,10,ramp,73923_6,2025-01-01,0:00:00,24:00:00,volume,3370.0,AADT,1,540,,0:00:00,24:00:00,volume,5517.019494,AADT,Trendline
F-M-0507,MN,Hennepin,road-capacity-expansion,I-494 from I-394 to I-94 and I-94 from CSAH 30 to CSAH 61,1/1/2010,1/1/2030,4/1/2020,exurban,8.17,73924,before,I-494 and I-94,,65,12,0,0,1,0,0,0,10,ramp,73924_1,2020-01-01,0:00:00,24:00:00,volume,3000.0,AADT,0,541,,0:00:00,24:00:00,volume,5439.314994,AADT,Trendline
F-M-0507,MN,Hennepin,road-capacity-expansion,I-494 from I-394 to I-94 and I-94 from CSAH 30 to CSAH 61,1/1/2010,1/1/2030,4/1/2020,exurban,8.17,73924,after,I-494 and I-94,,65,12,0,0,1,0,0,0,10,ramp,73924_2,2021-01-01,0:00:00,24:00:00,volume,3169.0,AADT,1,541,,0:00:00,24:00:00,volume,5439.314994,AADT,Trendline
F-M-0507,MN,Hennepin,road-capacity-expansion,I-494 from I-394 to I-94 and I-94 from CSAH 30 to CSAH 61,1/1/2010,1/1/2030,4/1/2020,exurban,8.17,73924,after,I-494 and I-94,,65,12,0,0,1,0,0,0,10,ramp,73924_3,2022-01-01,0:00:00,24:00:00,volume,3275.0,AADT,1,541,,0:00:00,24:00:00,volume,5439.314994,AADT,Trendline
F-M-0507,MN,Hennepin,road-capacity-expansion,I-494 from I-394 to I-94 and I-94 from CSAH 30 to CSAH 61,1/1/2010,1/1/2030,4/1/2020,exurban,8.17,73924,after,I-494 and I-94,,65,12,0,0,1,0,0,0,10,ramp,73924_4,2023-01-01,0:00:00,24:00:00,volume,3345.0,AADT,1,541,,0:00:00,24:00:00,volume,5439.314994,AADT,Trendline
F-M-0507,MN,Hennepin,road-capacity-expansion,I-494 from I-394 to I-94 and I-94 from CSAH 30 to CSAH 61,1/1/2010,1/1/2030,4/1/2020,exurban,8.17,73924,after,I-494 and I-94,,65,12,0,0,1,0,0,0,10,ramp,73924_5,2024-01-01,0:00:00,24:00:00,volume,3508.0,AADT,1,541,,0:00:00,24:00:00,volume,5439.314994,AADT,Trendline
F-M-0507,MN,Hennepin,road-capacity-expansion,I-494 from I-394 to I-94 and I-94 from CSAH 30 to CSAH 61,1/1/2010,1/1/2030,4/1/2020,exurban,8.17,73924,after,I-494 and I-94,,65,12,0,0,1,0,0,0,10,ramp,73924_6,2025-01-01,0:00:00,24:00:00,volume,3645.0,AADT,1,541,,0:00:00,24:00:00,volume,5439.314994,AADT,Trendline
F-M-0507,MN,Hennepin,road-capacity-expansion,I-494 from I-394 to I-94 and I-94 from CSAH 30 to CSAH 61,1/1/2010,1/1/2030,4/1/2020,exurban,8.17,73925,before,I-494 and I-94,,65,12,0,0,0,2,1,0,10,ramp,73925_1,2020-01-01,0:00:00,24:00:00,volume,2500.0,AADT,0,539,,0:00:00,24:00:00,volume,4778.826744,AADT,Trendline
F-M-0507,MN,Hennepin,road-capacity-expansion,I-494 from I-394 to I-94 and I-94 from CSAH 30 to CSAH 61,1/1/2010,1/1/2030,4/1/2020,exurban,8.17,73925,after,I-494 and I-94,,65,12,0,0,0,2,1,0,10,ramp,73925_2,2021-01-01,0:00:00,24:00:00,volume,2660.0,AADT,1,539,,0:00:00,24:00:00,volume,4778.826744,AADT,Trendline
F-M-0507,MN,Hennepin,road-capacity-expansion,I-494 from I-394 to I-94 and I-94 from CSAH 30 to CSAH 61,1/1/2010,1/1/2030,4/1/2020,exurban,8.17,73925,after,I-494 and I-94,,65,12,0,0,0,2,1,0,10,ramp,73925_3,2022-01-01,0:00:00,24:00:00,volume,2700.0,AADT,1,539,,0:00:00,24:00:00,volume,4778.826744,AADT,Trendline
F-M-0507,MN,Hennepin,road-capacity-expansion,I-494 from I-394 to I-94 and I-94 from CSAH 30 to CSAH 61,1/1/2010,1/1/2030,4/1/2020,exurban,8.17,73925,after,I-494 and I-94,,65,12,0,0,0,2,1,0,10,ramp,73925_4,2023-01-01,0:00:00,24:00:00,volume,2705.0,AADT,1,539,,0:00:00,24:00:00,volume,4778.826744,AADT,Trendline
F-M-0507,MN,Hennepin,road-capacity-expansion,I-494 from I-394 to I-94 and I-94 from CSAH 30 to CSAH 61,1/1/2010,1/1/2030,4/1/2020,exurban,8.17,73925,after,I-494 and I-94,,65,12,0,0,0,2,1,0,10,ramp,73925_5,2024-01-01,0:00:00,24:00:00,volume,2776.0,AADT,1,539,,0:00:00,24:00:00,volume,4778.826744,AADT,Trendline
F-M-0507,MN,Hennepin,road-capacity-expansion,I-494 from I-394 to I-94 and I-94 from CSAH 30 to CSAH 61,1/1/2010,1/1/2030,4/1/2020,exurban,8.17,73925,after,I-494 and I-94,,65,12,0,0,0,2,1,0,10,ramp,73925_6,2025-01-01,0:00:00,24:00:00,volume,3126.0,AADT,1,539,,0:00:00,24:00:00,volume,4778.826744,AADT,Trendline
F-M-9310,MN,Hennepin and Ramsey,new-roadway,RIVERSIDE AVE. TO 1000' E. OF FRANKLIN AVE.,1/1/1995,1/1/2015,,rural,0.62,9834,after,I 94,,unknown,unknown,unknown,unknown,unknown,unknown,unknown,unknown,unknown,principal arterial,9834_1,2015-01-01,0:00:00,24:00:00,volume,155000.0,AADT,1,299,,0:00:00,24:00:00,volume,180772.7175,AADT,Trendline
F-M-9310,MN,Hennepin and Ramsey,new-roadway,RIVERSIDE AVE. TO 1000' E. OF FRANKLIN AVE.,1/1/1995,1/1/2015,,rural,0.62,9834,after,I 94,,unknown,unknown,unknown,unknown,unknown,unknown,unknown,unknown,unknown,principal arterial,9834_2,2016-01-01,0:00:00,24:00:00,volume,154000.0,AADT,1,299,,0:00:00,24:00:00,volume,180772.7175,AADT,Trendline
F-M-9310,MN,Hennepin and Ramsey,new-roadway,RIVERSIDE AVE. TO 1000' E. OF FRANKLIN AVE.,1/1/1995,1/1/2015,,rural,0.62,9834,after,I 94,,unknown,unknown,unknown,unknown,unknown,unknown,unknown,unknown,unknown,principal arterial,9834_3,2017-01-01,0:00:00,24:00:00,volume,158000.0,AADT,1,299,,0:00:00,24:00:00,volume,180772.7175,AADT,Trendline
F-M-9310,MN,Hennepin and Ramsey,new-roadway,RIVERSIDE AVE. TO 1000' E. OF FRANKLIN AVE.,1/1/1995,1/1/2015,,rural,0.62,9834,after,I 94,,unknown,unknown,unknown,unknown,unknown,unknown,unknown,unknown,unknown,principal arterial,9834_4,2018-01-01,0:00:00,24:00:00,volume,156000.0,AADT,1,299,,0:00:00,24:00:00,volume,180772.7175,AADT,Trendline
F-M-9310,MN,Hennepin and Ramsey,new-roadway,RIVERSIDE AVE. TO 1000' E. OF FRANKLIN AVE.,1/1/1995,1/1/2015,,rural,0.62,9834,after,I 94,,unknown,unknown,unknown,unknown,unknown,unknown,unknown,unknown,unknown,principal arterial,9834_5,2019-01-01,0:00:00,24:00:00,volume,148646.0,AADT,1,299,,0:00:00,24:00:00,volume,180772.7175,AADT,Trendline
F-M-9310,MN,Hennepin and Ramsey,new-roadway,RIVERSIDE AVE. TO 1000' E. OF FRANKLIN AVE.,1/1/1995,1/1/2015,,rural,0.62,9834,after,I 94,,unknown,unknown,unknown,unknown,unknown,unknown,unknown,unknown,unknown,principal arterial,9834_6,2020-01-01,0:00:00,24:00:00,volume,114575.0,AADT,1,299,,0:00:00,24:00:00,volume,180772.7175,AADT,Trendline
F-M-9310,MN,Hennepin and Ramsey,new-roadway,RIVERSIDE AVE. TO 1000' E. OF FRANKLIN AVE.,1/1/1995,1/1/2015,,rural,0.62,9834,after,I 94,,unknown,unknown,unknown,unknown,unknown,unknown,unknown,unknown,unknown,principal arterial,9834_7,2021-01-01,0:00:00,24:00:00,volume,119826.0,AADT,1,299,,0:00:00,24:00:00,volume,180772.7175,AADT,Trendline
F-M-9310,MN,Hennepin and Ramsey,new-roadway,RIVERSIDE AVE. TO 1000' E. OF FRANKLIN AVE.,1/1/1995,1/1/2015,,rural,0.62,9834,after,I 94,,unknown,unknown,unknown,unknown,unknown,unknown,unknown,unknown,unknown,principal arterial,9834_8,2022-01-01,0:00:00,24:00:00,volume,127819.0,AADT,1,299,,0:00:00,24:00:00,volume,180772.7175,AADT,Trendline
F-M-9310,MN,Hennepin and Ramsey,new-roadway,RIVERSIDE AVE. TO 1000' E. OF FRANKLIN AVE.,1/1/1995,1/1/2015,,rural,0.62,9834,after,I 94,,unknown,unknown,unknown,unknown,unknown,unknown,unknown,unknown,unknown,principal arterial,9834_9,2023-01-01,0:00:00,24:00:00,volume,135657.0,AADT,1,299,,0:00:00,24:00:00,volume,180772.7175,AADT,Trendline
F-M-9310,MN,Hennepin and Ramsey,new-roadway,RIVERSIDE AVE. TO 1000' E. OF FRANKLIN AVE.,1/1/1995,1/1/2015,,rural,0.62,9834,after,I 94,,unknown,unknown,unknown,unknown,unknown,unknown,unknown,unknown,unknown,principal arterial,9834_10,2024-01-01,0:00:00,24:00:00,volume,142184.0,AADT,1,299,,0:00:00,24:00:00,volume,180772.7175,AADT,Trendline
F-M-9310,MN,Hennepin and Ramsey,new-roadway,RIVERSIDE AVE. TO 1000' E. OF FRANKLIN AVE.,1/1/1995,1/1/2015,,rural,0.62,9834,after,I 94,,unknown,unknown,unknown,unknown,unknown,unknown,unknown,unknown,unknown,principal arterial,9834_11,2025-01-01,0:00:00,24:00:00,volume,157186.0,AADT,1,299,,0:00:00,24:00:00,volume,180772.7175,AADT,Trendline
F-M-9503,MN,Hennepin,road-capacity-expansion,63rd Ave. N. to ramp to EB I-94 – NB Aux. Lane,1/1/1995,1/1/2015,,exurban,0.204,35274,after,TH 169,,unknown,unknown,unknown,unknown,unknown,unknown,unknown,unknown,unknown,freeway,35274_1,2015-01-01,0:00:00,24:00:00,volume,10200.0,AADT,1,223,,0:00:00,24:00:00,volume,16605.1602,AADT,Unknown
F-M-9503,MN,Hennepin,road-capacity-expansion,63rd Ave. N. to ramp to EB I-94 – NB Aux. Lane,1/1/1995,1/1/2015,,exurban,0.204,35274,after,TH 169,,unknown,unknown,unknown,unknown,unknown,unknown,unknown,unknown,unknown,freeway,35274_2,2016-01-01,0:00:00,24:00:00,volume,10190.0,AADT,1,223,,0:00:00,24:00:00,volume,16605.1602,AADT,Unknown
F-M-9503,MN,Hennepin,road-capacity-expansion,63rd Ave. N. to ramp to EB I-94 – NB Aux. Lane,1/1/1995,1/1/2015,,exurban,0.204,35274,after,TH 169,,unknown,unknown,unknown,unknown,unknown,unknown,unknown,unknown,unknown,freeway,35274_3,2017-01-01,0:00:00,24:00:00,volume,11000.0,AADT,1,223,,0:00:00,24:00:00,volume,16605.1602,AADT,Unknown
F-M-9503,MN,Hennepin,road-capacity-expansion,63rd Ave. N. to ramp to EB I-94 – NB Aux. Lane,1/1/1995,1/1/2015,,exurban,0.204,35274,after,TH 169,,unknown,unknown,unknown,unknown,unknown,unknown,unknown,unknown,unknown,freeway,35274_4,2018-01-01,0:00:00,24:00:00,volume,11057.0,AADT,1,223,,0:00:00,24:00:00,volume,16605.1602,AADT,Unknown
F-M-9503,MN,Hennepin,road-capacity-expansion,63rd Ave. N. to ramp to EB I-94 – NB Aux. Lane,1/1/1995,1/1/2015,,exurban,0.204,35274,after,TH 169,,unknown,unknown,unknown,unknown,unknown,unknown,unknown,unknown,unknown,freeway,35274_5,2019-01-01,0:00:00,24:00:00,volume,11500.0,AADT,1,223,,0:00:00,24:00:00,volume,16605.1602,AADT,Unknown
F-M-9503,MN,Hennepin,road-capacity-expansion,63rd Ave. N. to ramp to EB I-94 – NB Aux. Lane,1/1/1995,1/1/2015,,exurban,0.204,35274,after,TH 169,,unknown,unknown,unknown,unknown,unknown,unknown,unknown,unknown,unknown,freeway,35274_6,2020-01-01,0:00:00,24:00:00,volume,8616.0,AADT,1,223,,0:00:00,24:00:00,volume,16605.1602,AADT,Unknown
F-M-9503,MN,Hennepin,road-capacity-expansion,63rd Ave. N. to ramp to EB I-94 – NB Aux. Lane,1/1/1995,1/1/2015,,exurban,0.204,35274,after,TH 169,,unknown,unknown,unknown,unknown,unknown,unknown,unknown,unknown,unknown,freeway,35274_7,2021-01-01,0:00:00,24:00:00,volume,9512.0,AADT,1,223,,0:00:00,24:00:00,volume,16605.1602,AADT,Unknown
F-M-9503,MN,Hennepin,road-capacity-expansion,63rd Ave. N. to ramp to EB I-94 – NB Aux. Lane,1/1/1995,1/1/2015,,exurban,0.204,35274,after,TH 169,,unknown,unknown,unknown,unknown,unknown,unknown,unknown,unknown,unknown,freeway,35274_8,2022-01-01,0:00:00,24:00:00,volume,9769.0,AADT,1,223,,0:00:00,24:00:00,volume,16605.1602,AADT,Unknown
F-M-9503,MN,Hennepin,road-capacity-expansion,63rd Ave. N. to ramp to EB I-94 – NB Aux. Lane,1/1/1995,1/1/2015,,exurban,0.204,35274,after,TH 169,,unknown,unknown,unknown,unknown,unknown,unknown,unknown,unknown,unknown,freeway,35274_9,2023-01-01,0:00:00,24:00:00,volume,10079.0,AADT,1,223,,0:00:00,24:00:00,volume,16605.1602,AADT,Unknown
F-M-9503,MN,Hennepin,road-capacity-expansion,63rd Ave. N. to ramp to EB I-94 – NB Aux. Lane,1/1/1995,1/1/2015,,exurban,0.204,35274,after,TH 169,,unknown,unknown,unknown,unknown,unknown,unknown,unknown,unknown,unknown,freeway,35274_10,2024-01-01,0:00:00,24:00:00,volume,9483.0,AADT,1,223,,0:00:00,24:00:00,volume,16605.1602,AADT,Unknown
F-M-9506,MN,Washington,new-roadway,0.6 miles west of TH 5 to the St. Croix River,1/1/2000,1/1/2020,,rural,2.167,11072,after,TH 36,,unknown,unknown,unknown,unknown,unknown,unknown,unknown,unknown,unknown,principal arterial,11072_1,2016-01-01,0:00:00,24:00:00,volume,26500.0,AADT,1,233,,0:00:00,24:00:00,volume,72118.43079,AADT,Unknown
F-M-9506,MN,Washington,new-roadway,0.6 miles west of TH 5 to the St. Croix River,1/1/2000,1/1/2020,,rural,2.167,11072,after,TH 36,,unknown,unknown,unknown,unknown,unknown,unknown,unknown,unknown,unknown,principal arterial,11072_2,2017-01-01,0:00:00,24:00:00,volume,30500.0,AADT,1,233,,0:00:00,24:00:00,volume,72118.43079,AADT,Unknown
F-M-9506,MN,Washington,new-roadway,0.6 miles west of TH 5 to the St. Croix River,1/1/2000,1/1/2020,,rural,2.167,11072,after,TH 36,,unknown,unknown,unknown,unknown,unknown,unknown,unknown,unknown,unknown,principal arterial,11072_3,2018-01-01,0:00:00,24:00:00,volume,37000.0,AADT,1,233,,0:00:00,24:00:00,volume,72118.43079,AADT,Unknown
F-M-9506,MN,Washington,new-roadway,0.6 miles west of TH 5 to the St. Croix River,1/1/2000,1/1/2020,,rural,2.167,11072,after,TH 36,,unknown,unknown,unknown,unknown,unknown,unknown,unknown,unknown,unknown,principal arterial,11072_4,2019-01-01,0:00:00,24:00:00,volume,37000.0,AADT,1,233,,0:00:00,24:00:00,volume,72118.43079,AADT,Unknown
F-M-9506,MN,Washington,new-roadway,0.6 miles west of TH 5 to the St. Croix River,1/1/2000,1/1/2020,,rural,2.167,11072,after,TH 36,,unknown,unknown,unknown,unknown,unknown,unknown,unknown,unknown,unknown,principal arterial,11072_5,2020-01-01,0:00:00,24:00:00,volume,29930.0,AADT,1,233,,0:00:00,24:00:00,volume,72118.43079,AADT,Unknown
F-M-9506,MN,Washington,new-roadway,0.6 miles west of TH 5 to the St. Croix River,1/1/2000,1/1/2020,,rural,2.167,11072,after,TH 36,,unknown,unknown,unknown,unknown,unknown,unknown,unknown,unknown,unknown,principal arterial,11072_6,2021-01-01,0:00:00,24:00:00,volume,35857.0,AADT,1,233,,0:00:00,24:00:00,volume,72118.43079,AADT,Unknown
F-M-9506,MN,Washington,new-roadway,0.6 miles west of TH 5 to the St. Croix River,1/1/2000,1/1/2020,,rural,2.167,11072,after,TH 36,,unknown,unknown,unknown,unknown,unknown,unknown,unknown,unknown,unknown,principal arterial,11072_7,2022-01-01,0:00:00,24:00:00,volume,35104.0,AADT,1,233,,0:00:00,24:00:00,volume,72118.43079,AADT,Unknown
F-M-9506,MN,Washington,new-roadway,0.6 miles west of TH 5 to the St. Croix River,1/1/2000,1/1/2020,,rural,2.167,11072,after,TH 36,,unknown,unknown,unknown,unknown,unknown,unknown,unknown,unknown,unknown,principal arterial,11072_8,2023-01-01,0:00:00,24:00:00,volume,36989.0,AADT,1,233,,0:00:00,24:00:00,volume,72118.43079,AADT,Unknown
F-M-9506,MN,Washington,new-roadway,0.6 miles west of TH 5 to the St. Croix River,1/1/2000,1/1/2020,,rural,2.167,11072,after,TH 36,,unknown,unknown,unknown,unknown,unknown,unknown,unknown,unknown,unknown,principal arterial,11072_9,2024-01-01,0:00:00,24:00:00,volume,38136.0,AADT,1,233,,0:00:00,24:00:00,volume,72118.43079,AADT,Unknown
F-M-9506,MN,Washington,new-roadway,0.6 miles west of TH 5 to the St. Croix River,1/1/2000,1/1/2020,,rural,2.167,11072,after,TH 36,,unknown,unknown,unknown,unknown,unknown,unknown,unknown,unknown,unknown,principal arterial,11072_10,2025-01-01,0:00:00,24:00:00,volume,41270.0,AADT,1,233,,0:00:00,24:00:00,volume,72118.43079,AADT,Unknown
F-M-9506,MN,Washington,new-roadway,0.6 miles west of TH 5 to the St. Croix River,1/1/2000,1/1/2020,,rural,2.167,9873,after,TH 36,,unknown,unknown,unknown,unknown,unknown,unknown,unknown,unknown,unknown,principal arterial,9873_1,2016-01-01,0:00:00,24:00:00,volume,31000.0,AADT,1,231,,0:00:00,24:00:00,volume,66153.74855,AADT,Unknown
F-M-9506,MN,Washington,new-roadway,0.6 miles west of TH 5 to the St. Croix River,1/1/2000,1/1/2020,,rural,2.167,9873,after,TH 36,,unknown,unknown,unknown,unknown,unknown,unknown,unknown,unknown,unknown,principal arterial,9873_2,2017-01-01,0:00:00,24:00:00,volume,34000.0,AADT,1,231,,0:00:00,24:00:00,volume,66153.74855,AADT,Unknown
F-M-9506,MN,Washington,new-roadway,0.6 miles west of TH 5 to the St. Croix River,1/1/2000,1/1/2020,,rural,2.167,9873,after,TH 36,,unknown,unknown,unknown,unknown,unknown,unknown,unknown,unknown,unknown,principal arterial,9873_3,2018-01-01,0:00:00,24:00:00,volume,38000.0,AADT,1,231,,0:00:00,24:00:00,volume,66153.74855,AADT,Unknown
F-M-9506,MN,Washington,new-roadway,0.6 miles west of TH 5 to the St. Croix River,1/1/2000,1/1/2020,,rural,2.167,9873,after,TH 36,,unknown,unknown,unknown,unknown,unknown,unknown,unknown,unknown,unknown,principal arterial,9873_4,2019-01-01,0:00:00,24:00:00,volume,37855.0,AADT,1,231,,0:00:00,24:00:00,volume,66153.74855,AADT,Unknown
F-M-9506,MN,Washington,new-roadway,0.6 miles west of TH 5 to the St. Croix River,1/1/2000,1/1/2020,,rural,2.167,9873,after,TH 36,,unknown,unknown,unknown,unknown,unknown,unknown,unknown,unknown,unknown,principal arterial,9873_5,2020-01-01,0:00:00,24:00:00,volume,33094.0,AADT,1,231,,0:00:00,24:00:00,volume,66153.74855,AADT,Unknown
F-M-9506,MN,Washington,new-roadway,0.6 miles west of TH 5 to the St. Croix River,1/1/2000,1/1/2020,,rural,2.167,9873,after,TH 36,,unknown,unknown,unknown,unknown,unknown,unknown,unknown,unknown,unknown,principal arterial,9873_6,2021-01-01,0:00:00,24:00:00,volume,37848.0,AADT,1,231,,0:00:00,24:00:00,volume,66153.74855,AADT,Unknown
F-M-9506,MN,Washington,new-roadway,0.6 miles west of TH 5 to the St. Croix River,1/1/2000,1/1/2020,,rural,2.167,9873,after,TH 36,,unknown,unknown,unknown,unknown,unknown,unknown,unknown,unknown,unknown,principal arterial,9873_7,2022-01-01,0:00:00,24:00:00,volume,37053.0,AADT,1,231,,0:00:00,24:00:00,volume,66153.74855,AADT,Unknown
F-M-9506,MN,Washington,new-roadway,0.6 miles west of TH 5 to the St. Croix River,1/1/2000,1/1/2020,,rural,2.167,9873,after,TH 36,,unknown,unknown,unknown,unknown,unknown,unknown,unknown,unknown,unknown,principal arterial,9873_8,2023-01-01,0:00:00,24:00:00,volume,37795.0,AADT,1,231,,0:00:00,24:00:00,volume,66153.74855,AADT,Unknown
F-M-9506,MN,Washington,new-roadway,0.6 miles west of TH 5 to the St. Croix River,1/1/2000,1/1/2020,,rural,2.167,9873,after,TH 36,,unknown,unknown,unknown,unknown,unknown,unknown,unknown,unknown,unknown,principal arterial,9873_9,2024-01-01,0:00:00,24:00:00,volume,38966.0,AADT,1,231,,0:00:00,24:00:00,volume,66153.74855,AADT,Unknown
F-M-9508,MN,Hennepin,road-capacity-expansion,"Under TH 169, replace bridges 27979 & 27980",1/1/1996,1/1/2016,,urban,0.422,10790,after,I-94,,unknown,unknown,unknown,unknown,unknown,unknown,unknown,unknown,unknown,minor collector,10790_1,2016-01-01,0:00:00,24:00:00,volume,116000.0,AADT,1,220,,0:00:00,24:00:00,volume,144647.9856,AADT,Trendline
F-M-9508,MN,Hennepin,road-capacity-expansion,"Under TH 169, replace bridges 27979 & 27980",1/1/1996,1/1/2016,,urban,0.422,10790,after,I-94,,unknown,unknown,unknown,unknown,unknown,unknown,unknown,unknown,unknown,minor collector,10790_2,2017-01-01,0:00:00,24:00:00,volume,117000.0,AADT,1,220,,0:00:00,24:00:00,volume,144647.9856,AADT,Trendline
F-M-9508,MN,Hennepin,road-capacity-expansion,"Under TH 169, replace bridges 27979 & 27980",1/1/1996,1/1/2016,,urban,0.422,10790,after,I-94,,unknown,unknown,unknown,unknown,unknown,unknown,unknown,unknown,unknown,minor collector,10790_3,2018-01-01,0:00:00,24:00:00,volume,115000.0,AADT,1,220,,0:00:00,24:00:00,volume,144647.9856,AADT,Trendline
F-M-9508,MN,Hennepin,road-capacity-expansion,"Under TH 169, replace bridges 27979 & 27980",1/1/1996,1/1/2016,,urban,0.422,10790,after,I-94,,unknown,unknown,unknown,unknown,unknown,unknown,unknown,unknown,unknown,minor collector,10790_4,2019-01-01,0:00:00,24:00:00,volume,120000.0,AADT,1,220,,0:00:00,24:00:00,volume,144647.9856,AADT,Trendline
F-M-9508,MN,Hennepin,road-capacity-expansion,"Under TH 169, replace bridges 27979 & 27980",1/1/1996,1/1/2016,,urban,0.422,10790,after,I-94,,unknown,unknown,unknown,unknown,unknown,unknown,unknown,unknown,unknown,minor collector,10790_5,2020-01-01,0:00:00,24:00:00,volume,96599.0,AADT,1,220,,0:00:00,24:00:00,volume,144647.9856,AADT,Trendline
F-M-9508,MN,Hennepin,road-capacity-expansion,"Under TH 169, replace bridges 27979 & 27980",1/1/1996,1/1/2016,,urban,0.422,10790,after,I-94,,unknown,unknown,unknown,unknown,unknown,unknown,unknown,unknown,unknown,minor collector,10790_6,2021-01-01,0:00:00,24:00:00,volume,109991.0,AADT,1,220,,0:00:00,24:00:00,volume,144647.9856,AADT,Trendline
F-M-9508,MN,Hennepin,road-capacity-expansion,"Under TH 169, replace bridges 27979 & 27980",1/1/1996,1/1/2016,,urban,0.422,10790,after,I-94,,unknown,unknown,unknown,unknown,unknown,unknown,unknown,unknown,unknown,minor collector,10790_7,2022-01-01,0:00:00,24:00:00,volume,105348.0,AADT,1,220,,0:00:00,24:00:00,volume,144647.9856,AADT,Trendline
F-M-9508,MN,Hennepin,road-capacity-expansion,"Under TH 169, replace bridges 27979 & 27980",1/1/1996,1/1/2016,,urban,0.422,10790,after,I-94,,unknown,unknown,unknown,unknown,unknown,unknown,unknown,unknown,unknown,minor collector,10790_8,2023-01-01,0:00:00,24:00:00,volume,123553.0,AADT,1,220,,0:00:00,24:00:00,volume,144647.9856,AADT,Trendline
F-M-9508,MN,Hennepin,road-capacity-expansion,"Under TH 169, replace bridges 27979 & 27980",1/1/1996,1/1/2016,,urban,0.422,10790,after,I-94,,unknown,unknown,unknown,unknown,unknown,unknown,unknown,unknown,unknown,minor collector,10790_9,2024-01-01,0:00:00,24:00:00,volume,126334.0,AADT,1,220,,0:00:00,24:00:00,volume,144647.9856,AADT,Trendline
F-M-9508,MN,Hennepin,road-capacity-expansion,"Under TH 169, replace bridges 27979 & 27980",1/1/1996,1/1/2016,,urban,0.422,10790,after,I-94,,unknown,unknown,unknown,unknown,unknown,unknown,unknown,unknown,unknown,minor collector,10790_10,2025-01-01,0:00:00,24:00:00,volume,127224.0,AADT,1,220,,0:00:00,24:00:00,volume,144647.9856,AADT,Trendline
F-M-9508,MN,Hennepin,road-capacity-expansion,"Under TH 169, replace bridges 27979 & 27980",1/1/1996,1/1/2016,,urban,0.422,10791,after,I-94,,unknown,unknown,unknown,unknown,unknown,unknown,unknown,unknown,unknown,freeway,10791_1,2016-01-01,0:00:00,24:00:00,volume,116000.0,AADT,1,221,,0:00:00,24:00:00,volume,157078.6719,AADT,Trendline
F-M-9508,MN,Hennepin,road-capacity-expansion,"Under TH 169, replace bridges 27979 & 27980",1/1/1996,1/1/2016,,urban,0.422,10791,after,I-94,,unknown,unknown,unknown,unknown,unknown,unknown,unknown,unknown,unknown,freeway,10791_2,2017-01-01,0:00:00,24:00:00,volume,122000.0,AADT,1,221,,0:00:00,24:00:00,volume,157078.6719,AADT,Trendline
F-M-9508,MN,Hennepin,road-capacity-expansion,"Under TH 169, replace bridges 27979 & 27980",1/1/1996,1/1/2016,,urban,0.422,10791,after,I-94,,unknown,unknown,unknown,unknown,unknown,unknown,unknown,unknown,unknown,freeway,10791_3,2018-01-01,0:00:00,24:00:00,volume,121000.0,AADT,1,221,,0:00:00,24:00:00,volume,157078.6719,AADT,Trendline
F-M-9508,MN,Hennepin,road-capacity-expansion,"Under TH 169, replace bridges 27979 & 27980",1/1/1996,1/1/2016,,urban,0.422,10791,after,I-94,,unknown,unknown,unknown,unknown,unknown,unknown,unknown,unknown,unknown,freeway,10791_4,2019-01-01,0:00:00,24:00:00,volume,120000.0,AADT,1,221,,0:00:00,24:00:00,volume,157078.6719,AADT,Trendline
F-M-9508,MN,Hennepin,road-capacity-expansion,"Under TH 169, replace bridges 27979 & 27980",1/1/1996,1/1/2016,,urban,0.422,10791,after,I-94,,unknown,unknown,unknown,unknown,unknown,unknown,unknown,unknown,unknown,freeway,10791_5,2020-01-01,0:00:00,24:00:00,volume,98000.0,AADT,1,221,,0:00:00,24:00:00,volume,157078.6719,AADT,Trendline
F-M-9508,MN,Hennepin,road-capacity-expansion,"Under TH 169, replace bridges 27979 & 27980",1/1/1996,1/1/2016,,urban,0.422,10791,after,I-94,,unknown,unknown,unknown,unknown,unknown,unknown,unknown,unknown,unknown,freeway,10791_6,2021-01-01,0:00:00,24:00:00,volume,105790.0,AADT,1,221,,0:00:00,24:00:00,volume,157078.6719,AADT,Trendline
F-M-9508,MN,Hennepin,road-capacity-expansion,"Under TH 169, replace bridges 27979 & 27980",1/1/1996,1/1/2016,,urban,0.422,10791,after,I-94,,unknown,unknown,unknown,unknown,unknown,unknown,unknown,unknown,unknown,freeway,10791_7,2022-01-01,0:00:00,24:00:00,volume,109106.0,AADT,1,221,,0:00:00,24:00:00,volume,157078.6719,AADT,Trendline
F-M-9508,MN,Hennepin,road-capacity-expansion,"Under TH 169, replace bridges 27979 & 27980",1/1/1996,1/1/2016,,urban,0.422,10791,after,I-94,,unknown,unknown,unknown,unknown,unknown,unknown,unknown,unknown,unknown,freeway,10791_8,2023-01-01,0:00:00,24:00:00,volume,118631.0,AADT,1,221,,0:00:00,24:00:00,volume,157078.6719,AADT,Trendline
F-M-9508,MN,Hennepin,road-capacity-expansion,"Under TH 169, replace bridges 27979 & 27980",1/1/1996,1/1/2016,,urban,0.422,10791,after,I-94,,unknown,unknown,unknown,unknown,unknown,unknown,unknown,unknown,unknown,freeway,10791_9,2024-01-01,0:00:00,24:00:00,volume,123091.0,AADT,1,221,,0:00:00,24:00:00,volume,157078.6719,AADT,Trendline
F-M-9508,MN,Hennepin,road-capacity-expansion,"Under TH 169, replace bridges 27979 & 27980",1/1/1996,1/1/2016,,urban,0.422,10791,after,I-94,,unknown,unknown,unknown,unknown,unknown,unknown,unknown,unknown,unknown,freeway,10791_10,2025-01-01,0:00:00,24:00:00,volume,120089.0,AADT,1,221,,0:00:00,24:00:00,volume,157078.6719,AADT,Trendline
F-M-9508,MN,Hennepin,road-capacity-expansion,"Under TH 169, replace bridges 27979 & 27980",1/1/1996,1/1/2016,,urban,0.422,10792,after,TH 169,,unknown,unknown,unknown,unknown,unknown,unknown,unknown,unknown,unknown,freeway,10792_1,2016-01-01,0:00:00,24:00:00,volume,110000.0,AADT,1,222,,0:00:00,24:00:00,volume,99445.49011,AADT,Trendline
F-M-9508,MN,Hennepin,road-capacity-expansion,"Under TH 169, replace bridges 27979 & 27980",1/1/1996,1/1/2016,,urban,0.422,10792,after,TH 169,,unknown,unknown,unknown,unknown,unknown,unknown,unknown,unknown,unknown,freeway,10792_2,2017-01-01,0:00:00,24:00:00,volume,111000.0,AADT,1,222,,0:00:00,24:00:00,volume,99445.49011,AADT,Trendline
F-M-9508,MN,Hennepin,road-capacity-expansion,"Under TH 169, replace bridges 27979 & 27980",1/1/1996,1/1/2016,,urban,0.422,10792,after,TH 169,,unknown,unknown,unknown,unknown,unknown,unknown,unknown,unknown,unknown,freeway,10792_3,2018-01-01,0:00:00,24:00:00,volume,113000.0,AADT,1,222,,0:00:00,24:00:00,volume,99445.49011,AADT,Trendline
F-M-9508,MN,Hennepin,road-capacity-expansion,"Under TH 169, replace bridges 27979 & 27980",1/1/1996,1/1/2016,,urban,0.422,10792,after,TH 169,,unknown,unknown,unknown,unknown,unknown,unknown,unknown,unknown,unknown,freeway,10792_4,2019-01-01,0:00:00,24:00:00,volume,117000.0,AADT,1,222,,0:00:00,24:00:00,volume,99445.49011,AADT,Trendline
F-M-9508,MN,Hennepin,road-capacity-expansion,"Under TH 169, replace bridges 27979 & 27980",1/1/1996,1/1/2016,,urban,0.422,10792,after,TH 169,,unknown,unknown,unknown,unknown,unknown,unknown,unknown,unknown,unknown,freeway,10792_5,2020-01-01,0:00:00,24:00:00,volume,92000.0,AADT,1,222,,0:00:00,24:00:00,volume,99445.49011,AADT,Trendline
F-M-9508,MN,Hennepin,road-capacity-expansion,"Under TH 169, replace bridges 27979 & 27980",1/1/1996,1/1/2016,,urban,0.422,10792,after,TH 169,,unknown,unknown,unknown,unknown,unknown,unknown,unknown,unknown,unknown,freeway,10792_6,2021-01-01,0:00:00,24:00:00,volume,85805.0,AADT,1,222,,0:00:00,24:00:00,volume,99445.49011,AADT,Trendline
F-M-9508,MN,Hennepin,road-capacity-expansion,"Under TH 169, replace bridges 27979 & 27980",1/1/1996,1/1/2016,,urban,0.422,10792,after,TH 169,,unknown,unknown,unknown,unknown,unknown,unknown,unknown,unknown,unknown,freeway,10792_7,2022-01-01,0:00:00,24:00:00,volume,104148.0,AADT,1,222,,0:00:00,24:00:00,volume,99445.49011,AADT,Trendline
F-M-9508,MN,Hennepin,road-capacity-expansion,"Under TH 169, replace bridges 27979 & 27980",1/1/1996,1/1/2016,,urban,0.422,10792,after,TH 169,,unknown,unknown,unknown,unknown,unknown,unknown,unknown,unknown,unknown,freeway,10792_8,2023-01-01,0:00:00,24:00:00,volume,108623.0,AADT,1,222,,0:00:00,24:00:00,volume,99445.49011,AADT,Trendline
F-M-9508,MN,Hennepin,road-capacity-expansion,"Under TH 169, replace bridges 27979 & 27980",1/1/1996,1/1/2016,,urban,0.422,10792,after,TH 169,,unknown,unknown,unknown,unknown,unknown,unknown,unknown,unknown,unknown,freeway,10792_9,2024-01-01,0:00:00,24:00:00,volume,111110.0,AADT,1,222,,0:00:00,24:00:00,volume,99445.49011,AADT,Trendline
F-M-9508,MN,Hennepin,road-capacity-expansion,"Under TH 169, replace bridges 27979 & 27980",1/1/1996,1/1/2016,,urban,0.422,10792,after,TH 169,,unknown,unknown,unknown,unknown,unknown,unknown,unknown,unknown,unknown,freeway,10792_10,2025-01-01,0:00:00,24:00:00,volume,111296.0,AADT,1,222,,0:00:00,24:00:00,volume,99445.49011,AADT,Trendline
F-M-9603,MN,Hennepin,road-capacity-expansion,ARROWHEAD DR. TO HUNTER DR.,1/1/1998,1/1/2018,,rural,,10748,after,TH 55,,unknown,unknown,unknown,unknown,unknown,unknown,unknown,unknown,unknown,principal arterial,10748_1,2016-01-01,0:00:00,24:00:00,volume,20038.0,AADT,1,268,,0:00:00,24:00:00,volume,29444.13355,AADT,Unknown
F-M-9603,MN,Hennepin,road-capacity-expansion,ARROWHEAD DR. TO HUNTER DR.,1/1/1998,1/1/2018,,rural,,10748,after,TH 55,,unknown,unknown,unknown,unknown,unknown,unknown,unknown,unknown,unknown,principal arterial,10748_2,2017-01-01,0:00:00,24:00:00,volume,20389.0,AADT,1,268,,0:00:00,24:00:00,volume,29444.13355,AADT,Unknown
F-M-9603,MN,Hennepin,road-capacity-expansion,ARROWHEAD DR. TO HUNTER DR.,1/1/1998,1/1/2018,,rural,,10748,after,TH 55,,unknown,unknown,unknown,unknown,unknown,unknown,unknown,unknown,unknown,principal arterial,10748_3,2018-01-01,0:00:00,24:00:00,volume,18800.0,AADT,1,268,,0:00:00,24:00:00,volume,29444.13355,AADT,Unknown
F-M-9603,MN,Hennepin,road-capacity-expansion,ARROWHEAD DR. TO HUNTER DR.,1/1/1998,1/1/2018,,rural,,10748,after,TH 55,,unknown,unknown,unknown,unknown,unknown,unknown,unknown,unknown,unknown,principal arterial,10748_4,2019-01-01,0:00:00,24:00:00,volume,19900.0,AADT,1,268,,0:00:00,24:00:00,volume,29444.13355,AADT,Unknown
F-M-9603,MN,Hennepin,road-capacity-expansion,ARROWHEAD DR. TO HUNTER DR.,1/1/1998,1/1/2018,,rural,,10748,after,TH 55,,unknown,unknown,unknown,unknown,unknown,unknown,unknown,unknown,unknown,principal arterial,10748_5,2020-01-01,0:00:00,24:00:00,volume,17207.0,AADT,1,268,,0:00:00,24:00:00,volume,29444.13355,AADT,Unknown
F-M-9603,MN,Hennepin,road-capacity-expansion,ARROWHEAD DR. TO HUNTER DR.,1/1/1998,1/1/2018,,rural,,10748,after,TH 55,,unknown,unknown,unknown,unknown,unknown,unknown,unknown,unknown,unknown,principal arterial,10748_6,2021-01-01,0:00:00,24:00:00,volume,19444.0,AADT,1,268,,0:00:00,24:00:00,volume,29444.13355,AADT,Unknown
F-M-9603,MN,Hennepin,road-capacity-expansion,ARROWHEAD DR. TO HUNTER DR.,1/1/1998,1/1/2018,,rural,,10748,after,TH 55,,unknown,unknown,unknown,unknown,unknown,unknown,unknown,unknown,unknown,principal arterial,10748_7,2022-01-01,0:00:00,24:00:00,volume,19036.0,AADT,1,268,,0:00:00,24:00:00,volume,29444.13355,AADT,Unknown
F-M-9603,MN,Hennepin,road-capacity-expansion,ARROWHEAD DR. TO HUNTER DR.,1/1/1998,1/1/2018,,rural,,10748,after,TH 55,,unknown,unknown,unknown,unknown,unknown,unknown,unknown,unknown,unknown,principal arterial,10748_8,2023-01-01,0:00:00,24:00:00,volume,18832.0,AADT,1,268,,0:00:00,24:00:00,volume,29444.13355,AADT,Unknown
F-M-9603,MN,Hennepin,road-capacity-expansion,ARROWHEAD DR. TO HUNTER DR.,1/1/1998,1/1/2018,,rural,,10748,after,TH 55,,unknown,unknown,unknown,unknown,unknown,unknown,unknown,unknown,unknown,principal arterial,10748_9,2024-01-01,0:00:00,24:00:00,volume,19415.0,AADT,1,268,,0:00:00,24:00:00,volume,29444.13355,AADT,Unknown
F-M-9605,MN,Hennepin,new-roadway,FROM 0.5 MI. SOUTH OF INTERCHANGE TO 0.5 MI. NORT AND 0.5 MI. WEST OF INTERCHANGE TO 0.5 MI. EAST.,1/1/1997,1/1/2017,,rural,0.012,11177,after,I 494,,unknown,unknown,unknown,unknown,unknown,unknown,unknown,unknown,unknown,principal arterial,11177_1,2016-01-01,0:00:00,24:00:00,volume,153000.0,AADT,1,247,,0:00:00,24:00:00,volume,127390.779,AADT,Population Growth Rates
F-M-9605,MN,Hennepin,new-roadway,FROM 0.5 MI. SOUTH OF INTERCHANGE TO 0.5 MI. NORT AND 0.5 MI. WEST OF INTERCHANGE TO 0.5 MI. EAST.,1/1/1997,1/1/2017,,rural,0.012,11177,after,I 494,,unknown,unknown,unknown,unknown,unknown,unknown,unknown,unknown,unknown,principal arterial,11177_2,2017-01-01,0:00:00,24:00:00,volume,155000.0,AADT,1,247,,0:00:00,24:00:00,volume,127390.779,AADT,Population Growth Rates
F-M-9605,MN,Hennepin,new-roadway,FROM 0.5 MI. SOUTH OF INTERCHANGE TO 0.5 MI. NORT AND 0.5 MI. WEST OF INTERCHANGE TO 0.5 MI. EAST.,1/1/1997,1/1/2017,,rural,0.012,11177,after,I 494,,unknown,unknown,unknown,unknown,unknown,unknown,unknown,unknown,unknown,principal arterial,11177_3,2018-01-01,0:00:00,24:00:00,volume,150000.0,AADT,1,247,,0:00:00,24:00:00,volume,127390.779,AADT,Population Growth Rates
F-M-9605,MN,Hennepin,new-roadway,FROM 0.5 MI. SOUTH OF INTERCHANGE TO 0.5 MI. NORT AND 0.5 MI. WEST OF INTERCHANGE TO 0.5 MI. EAST.,1/1/1997,1/1/2017,,rural,0.012,11177,after,I 494,,unknown,unknown,unknown,unknown,unknown,unknown,unknown,unknown,unknown,principal arterial,11177_4,2019-01-01,0:00:00,24:00:00,volume,145000.0,AADT,1,247,,0:00:00,24:00:00,volume,127390.779,AADT,Population Growth Rates
F-M-9605,MN,Hennepin,new-roadway,FROM 0.5 MI. SOUTH OF INTERCHANGE TO 0.5 MI. NORT AND 0.5 MI. WEST OF INTERCHANGE TO 0.5 MI. EAST.,1/1/1997,1/1/2017,,rural,0.012,11177,after,I 494,,unknown,unknown,unknown,unknown,unknown,unknown,unknown,unknown,unknown,principal arterial,11177_5,2020-01-01,0:00:00,24:00:00,volume,117000.0,AADT,1,247,,0:00:00,24:00:00,volume,127390.779,AADT,Population Growth Rates
F-M-9605,MN,Hennepin,new-roadway,FROM 0.5 MI. SOUTH OF INTERCHANGE TO 0.5 MI. NORT AND 0.5 MI. WEST OF INTERCHANGE TO 0.5 MI. EAST.,1/1/1997,1/1/2017,,rural,0.012,11177,after,I 494,,unknown,unknown,unknown,unknown,unknown,unknown,unknown,unknown,unknown,principal arterial,11177_6,2021-01-01,0:00:00,24:00:00,volume,139600.0,AADT,1,247,,0:00:00,24:00:00,volume,127390.779,AADT,Population Growth Rates
F-M-9605,MN,Hennepin,new-roadway,FROM 0.5 MI. SOUTH OF INTERCHANGE TO 0.5 MI. NORT AND 0.5 MI. WEST OF INTERCHANGE TO 0.5 MI. EAST.,1/1/1997,1/1/2017,,rural,0.012,11177,after,I 494,,unknown,unknown,unknown,unknown,unknown,unknown,unknown,unknown,unknown,principal arterial,11177_7,2022-01-01,0:00:00,24:00:00,volume,147744.0,AADT,1,247,,0:00:00,24:00:00,volume,127390.779,AADT,Population Growth Rates
F-M-9605,MN,Hennepin,new-roadway,FROM 0.5 MI. SOUTH OF INTERCHANGE TO 0.5 MI. NORT AND 0.5 MI. WEST OF INTERCHANGE TO 0.5 MI. EAST.,1/1/1997,1/1/2017,,rural,0.012,11177,after,I 494,,unknown,unknown,unknown,unknown,unknown,unknown,unknown,unknown,unknown,principal arterial,11177_8,2023-01-01,0:00:00,24:00:00,volume,142116.0,AADT,1,247,,0:00:00,24:00:00,volume,127390.779,AADT,Population Growth Rates
F-M-9605,MN,Hennepin,new-roadway,FROM 0.5 MI. SOUTH OF INTERCHANGE TO 0.5 MI. NORT AND 0.5 MI. WEST OF INTERCHANGE TO 0.5 MI. EAST.,1/1/1997,1/1/2017,,rural,0.012,11177,after,I 494,,unknown,unknown,unknown,unknown,unknown,unknown,unknown,unknown,unknown,principal arterial,11177_9,2024-01-01,0:00:00,24:00:00,volume,137310.0,AADT,1,247,,0:00:00,24:00:00,volume,127390.779,AADT,Population Growth Rates
F-M-9605,MN,Hennepin,new-roadway,FROM 0.5 MI. SOUTH OF INTERCHANGE TO 0.5 MI. NORT AND 0.5 MI. WEST OF INTERCHANGE TO 0.5 MI. EAST.,1/1/1997,1/1/2017,,rural,0.012,11177,after,I 494,,unknown,unknown,unknown,unknown,unknown,unknown,unknown,unknown,unknown,principal arterial,11177_10,2025-01-01,0:00:00,24:00:00,volume,140296.0,AADT,1,247,,0:00:00,24:00:00,volume,127390.779,AADT,Population Growth Rates
F-M-9605,MN,Hennepin,new-roadway,FROM 0.5 MI. SOUTH OF INTERCHANGE TO 0.5 MI. NORT AND 0.5 MI. WEST OF INTERCHANGE TO 0.5 MI. EAST.,1/1/1997,1/1/2017,,rural,0.012,11206,after,I 494,,unknown,unknown,unknown,unknown,unknown,unknown,unknown,unknown,unknown,principal arterial,11206_1,2016-01-01,0:00:00,24:00:00,volume,130000.0,AADT,1,246,,0:00:00,24:00:00,volume,110040.0636,AADT,Population Growth Rates
F-M-9605,MN,Hennepin,new-roadway,FROM 0.5 MI. SOUTH OF INTERCHANGE TO 0.5 MI. NORT AND 0.5 MI. WEST OF INTERCHANGE TO 0.5 MI. EAST.,1/1/1997,1/1/2017,,rural,0.012,11206,after,I 494,,unknown,unknown,unknown,unknown,unknown,unknown,unknown,unknown,unknown,principal arterial,11206_2,2017-01-01,0:00:00,24:00:00,volume,141000.0,AADT,1,246,,0:00:00,24:00:00,volume,110040.0636,AADT,Population Growth Rates
F-M-9605,MN,Hennepin,new-roadway,FROM 0.5 MI. SOUTH OF INTERCHANGE TO 0.5 MI. NORT AND 0.5 MI. WEST OF INTERCHANGE TO 0.5 MI. EAST.,1/1/1997,1/1/2017,,rural,0.012,11206,after,I 494,,unknown,unknown,unknown,unknown,unknown,unknown,unknown,unknown,unknown,principal arterial,11206_3,2018-01-01,0:00:00,24:00:00,volume,132000.0,AADT,1,246,,0:00:00,24:00:00,volume,110040.0636,AADT,Population Growth Rates
F-M-9605,MN,Hennepin,new-roadway,FROM 0.5 MI. SOUTH OF INTERCHANGE TO 0.5 MI. NORT AND 0.5 MI. WEST OF INTERCHANGE TO 0.5 MI. EAST.,1/1/1997,1/1/2017,,rural,0.012,11206,after,I 494,,unknown,unknown,unknown,unknown,unknown,unknown,unknown,unknown,unknown,principal arterial,11206_4,2019-01-01,0:00:00,24:00:00,volume,134000.0,AADT,1,246,,0:00:00,24:00:00,volume,110040.0636,AADT,Population Growth Rates
F-M-9605,MN,Hennepin,new-roadway,FROM 0.5 MI. SOUTH OF INTERCHANGE TO 0.5 MI. NORT AND 0.5 MI. WEST OF INTERCHANGE TO 0.5 MI. EAST.,1/1/1997,1/1/2017,,rural,0.012,11206,after,I 494,,unknown,unknown,unknown,unknown,unknown,unknown,unknown,unknown,unknown,principal arterial,11206_5,2020-01-01,0:00:00,24:00:00,volume,107869.0,AADT,1,246,,0:00:00,24:00:00,volume,110040.0636,AADT,Population Growth Rates
F-M-9605,MN,Hennepin,new-roadway,FROM 0.5 MI. SOUTH OF INTERCHANGE TO 0.5 MI. NORT AND 0.5 MI. WEST OF INTERCHANGE TO 0.5 MI. EAST.,1/1/1997,1/1/2017,,rural,0.012,11206,after,I 494,,unknown,unknown,unknown,unknown,unknown,unknown,unknown,unknown,unknown,principal arterial,11206_6,2021-01-01,0:00:00,24:00:00,volume,117157.0,AADT,1,246,,0:00:00,24:00:00,volume,110040.0636,AADT,Population Growth Rates
F-M-9605,MN,Hennepin,new-roadway,FROM 0.5 MI. SOUTH OF INTERCHANGE TO 0.5 MI. NORT AND 0.5 MI. WEST OF INTERCHANGE TO 0.5 MI. EAST.,1/1/1997,1/1/2017,,rural,0.012,11206,after,I 494,,unknown,unknown,unknown,unknown,unknown,unknown,unknown,unknown,unknown,principal arterial,11206_7,2022-01-01,0:00:00,24:00:00,volume,111429.0,AADT,1,246,,0:00:00,24:00:00,volume,110040.0636,AADT,Population Growth Rates
F-M-9605,MN,Hennepin,new-roadway,FROM 0.5 MI. SOUTH OF INTERCHANGE TO 0.5 MI. NORT AND 0.5 MI. WEST OF INTERCHANGE TO 0.5 MI. EAST.,1/1/1997,1/1/2017,,rural,0.012,11206,after,I 494,,unknown,unknown,unknown,unknown,unknown,unknown,unknown,unknown,unknown,principal arterial,11206_8,2023-01-01,0:00:00,24:00:00,volume,115688.0,AADT,1,246,,0:00:00,24:00:00,volume,110040.0636,AADT,Population Growth Rates
F-M-9605,MN,Hennepin,new-roadway,FROM 0.5 MI. SOUTH OF INTERCHANGE TO 0.5 MI. NORT AND 0.5 MI. WEST OF INTERCHANGE TO 0.5 MI. EAST.,1/1/1997,1/1/2017,,rural,0.012,11206,after,I 494,,unknown,unknown,unknown,unknown,unknown,unknown,unknown,unknown,unknown,principal arterial,11206_9,2024-01-01,0:00:00,24:00:00,volume,115089.0,AADT,1,246,,0:00:00,24:00:00,volume,110040.0636,AADT,Population Growth Rates
F-M-9605,MN,Hennepin,new-roadway,FROM 0.5 MI. SOUTH OF INTERCHANGE TO 0.5 MI. NORT AND 0.5 MI. WEST OF INTERCHANGE TO 0.5 MI. EAST.,1/1/1997,1/1/2017,,rural,0.012,11206,after,I 494,,unknown,unknown,unknown,unknown,unknown,unknown,unknown,unknown,unknown,principal arterial,11206_10,2025-01-01,0:00:00,24:00:00,volume,115524.0,AADT,1,246,,0:00:00,24:00:00,volume,110040.0636,AADT,Population Growth Rates
F-M-9605,MN,Hennepin,new-roadway,FROM 0.5 MI. SOUTH OF INTERCHANGE TO 0.5 MI. NORT AND 0.5 MI. WEST OF INTERCHANGE TO 0.5 MI. EAST.,1/1/1997,1/1/2017,,rural,0.012,11561,after,TH 169,,unknown,unknown,unknown,unknown,unknown,unknown,unknown,unknown,unknown,principal arterial,11561_1,2016-01-01,0:00:00,24:00:00,volume,96000.0,AADT,1,244,,0:00:00,24:00:00,volume,69859.45946,AADT,Population Growth Rates
F-M-9605,MN,Hennepin,new-roadway,FROM 0.5 MI. SOUTH OF INTERCHANGE TO 0.5 MI. NORT AND 0.5 MI. WEST OF INTERCHANGE TO 0.5 MI. EAST.,1/1/1997,1/1/2017,,rural,0.012,11561,after,TH 169,,unknown,unknown,unknown,unknown,unknown,unknown,unknown,unknown,unknown,principal arterial,11561_2,2017-01-01,0:00:00,24:00:00,volume,96000.0,AADT,1,244,,0:00:00,24:00:00,volume,69859.45946,AADT,Population Growth Rates
F-M-9605,MN,Hennepin,new-roadway,FROM 0.5 MI. SOUTH OF INTERCHANGE TO 0.5 MI. NORT AND 0.5 MI. WEST OF INTERCHANGE TO 0.5 MI. EAST.,1/1/1997,1/1/2017,,rural,0.012,11561,after,TH 169,,unknown,unknown,unknown,unknown,unknown,unknown,unknown,unknown,unknown,principal arterial,11561_3,2018-01-01,0:00:00,24:00:00,volume,97000.0,AADT,1,244,,0:00:00,24:00:00,volume,69859.45946,AADT,Population Growth Rates
F-M-9605,MN,Hennepin,new-roadway,FROM 0.5 MI. SOUTH OF INTERCHANGE TO 0.5 MI. NORT AND 0.5 MI. WEST OF INTERCHANGE TO 0.5 MI. EAST.,1/1/1997,1/1/2017,,rural,0.012,11561,after,TH 169,,unknown,unknown,unknown,unknown,unknown,unknown,unknown,unknown,unknown,principal arterial,11561_4,2019-01-01,0:00:00,24:00:00,volume,97000.0,AADT,1,244,,0:00:00,24:00:00,volume,69859.45946,AADT,Population Growth Rates
F-M-9605,MN,Hennepin,new-roadway,FROM 0.5 MI. SOUTH OF INTERCHANGE TO 0.5 MI. NORT AND 0.5 MI. WEST OF INTERCHANGE TO 0.5 MI. EAST.,1/1/1997,1/1/2017,,rural,0.012,11561,after,TH 169,,unknown,unknown,unknown,unknown,unknown,unknown,unknown,unknown,unknown,principal arterial,11561_5,2020-01-01,0:00:00,24:00:00,volume,82000.0,AADT,1,244,,0:00:00,24:00:00,volume,69859.45946,AADT,Population Growth Rates
F-M-9605,MN,Hennepin,new-roadway,FROM 0.5 MI. SOUTH OF INTERCHANGE TO 0.5 MI. NORT AND 0.5 MI. WEST OF INTERCHANGE TO 0.5 MI. EAST.,1/1/1997,1/1/2017,,rural,0.012,11561,after,TH 169,,unknown,unknown,unknown,unknown,unknown,unknown,unknown,unknown,unknown,principal arterial,11561_6,2021-01-01,0:00:00,24:00:00,volume,93867.0,AADT,1,244,,0:00:00,24:00:00,volume,69859.45946,AADT,Population Growth Rates
F-M-9605,MN,Hennepin,new-roadway,FROM 0.5 MI. SOUTH OF INTERCHANGE TO 0.5 MI. NORT AND 0.5 MI. WEST OF INTERCHANGE TO 0.5 MI. EAST.,1/1/1997,1/1/2017,,rural,0.012,11561,after,TH 169,,unknown,unknown,unknown,unknown,unknown,unknown,unknown,unknown,unknown,principal arterial,11561_7,2022-01-01,0:00:00,24:00:00,volume,96308.0,AADT,1,244,,0:00:00,24:00:00,volume,69859.45946,AADT,Population Growth Rates
F-M-9605,MN,Hennepin,new-roadway,FROM 0.5 MI. SOUTH OF INTERCHANGE TO 0.5 MI. NORT AND 0.5 MI. WEST OF INTERCHANGE TO 0.5 MI. EAST.,1/1/1997,1/1/2017,,rural,0.012,11561,after,TH 169,,unknown,unknown,unknown,unknown,unknown,unknown,unknown,unknown,unknown,principal arterial,11561_8,2023-01-01,0:00:00,24:00:00,volume,98137.0,AADT,1,244,,0:00:00,24:00:00,volume,69859.45946,AADT,Population Growth Rates
F-M-9605,MN,Hennepin,new-roadway,FROM 0.5 MI. SOUTH OF INTERCHANGE TO 0.5 MI. NORT AND 0.5 MI. WEST OF INTERCHANGE TO 0.5 MI. EAST.,1/1/1997,1/1/2017,,rural,0.012,11561,after,TH 169,,unknown,unknown,unknown,unknown,unknown,unknown,unknown,unknown,unknown,principal arterial,11561_9,2024-01-01,0:00:00,24:00:00,volume,97605.0,AADT,1,244,,0:00:00,24:00:00,volume,69859.45946,AADT,Population Growth Rates
F-M-9605,MN,Hennepin,new-roadway,FROM 0.5 MI. SOUTH OF INTERCHANGE TO 0.5 MI. NORT AND 0.5 MI. WEST OF INTERCHANGE TO 0.5 MI. EAST.,1/1/1997,1/1/2017,,rural,0.012,11561,after,TH 169,,unknown,unknown,unknown,unknown,unknown,unknown,unknown,unknown,unknown,principal arterial,11561_10,2025-01-01,0:00:00,24:00:00,volume,98741.0,AADT,1,244,,0:00:00,24:00:00,volume,69859.45946,AADT,Population Growth Rates
F-M-9607,MN,Anoka and Washington,road-capacity-expansion,Jct. I-35W/I-35E to Jct. TH 8,1/1/1997,1/1/2017,,Unknown,2.537,10509,after,I-35,,unknown,unknown,unknown,unknown,unknown,unknown,unknown,unknown,unknown,Unknown,10509_1,2016-01-01,0:00:00,24:00:00,volume,72000.0,AADT,1,197,,0:00:00,24:00:00,volume,93835.40859,AADT,Population Growth Rates
F-M-9607,MN,Anoka and Washington,road-capacity-expansion,Jct. I-35W/I-35E to Jct. TH 8,1/1/1997,1/1/2017,,Unknown,2.537,10509,after,I-35,,unknown,unknown,unknown,unknown,unknown,unknown,unknown,unknown,unknown,Unknown,10509_2,2017-01-01,0:00:00,24:00:00,volume,75000.0,AADT,1,197,,0:00:00,24:00:00,volume,93835.40859,AADT,Population Growth Rates
F-M-9607,MN,Anoka and Washington,road-capacity-expansion,Jct. I-35W/I-35E to Jct. TH 8,1/1/1997,1/1/2017,,Unknown,2.537,10509,after,I-35,,unknown,unknown,unknown,unknown,unknown,unknown,unknown,unknown,unknown,Unknown,10509_3,2018-01-01,0:00:00,24:00:00,volume,69000.0,AADT,1,197,,0:00:00,24:00:00,volume,93835.40859,AADT,Population Growth Rates
F-M-9607,MN,Anoka and Washington,road-capacity-expansion,Jct. I-35W/I-35E to Jct. TH 8,1/1/1997,1/1/2017,,Unknown,2.537,10509,after,I-35,,unknown,unknown,unknown,unknown,unknown,unknown,unknown,unknown,unknown,Unknown,10509_4,2019-01-01,0:00:00,24:00:00,volume,67000.0,AADT,1,197,,0:00:00,24:00:00,volume,93835.40859,AADT,Population Growth Rates
F-M-9607,MN,Anoka and Washington,road-capacity-expansion,Jct. I-35W/I-35E to Jct. TH 8,1/1/1997,1/1/2017,,Unknown,2.537,10509,after,I-35,,unknown,unknown,unknown,unknown,unknown,unknown,unknown,unknown,unknown,Unknown,10509_5,2020-01-01,0:00:00,24:00:00,volume,61000.0,AADT,1,197,,0:00:00,24:00:00,volume,93835.40859,AADT,Population Growth Rates
F-M-9607,MN,Anoka and Washington,road-capacity-expansion,Jct. I-35W/I-35E to Jct. TH 8,1/1/1997,1/1/2017,,Unknown,2.537,10509,after,I-35,,unknown,unknown,unknown,unknown,unknown,unknown,unknown,unknown,unknown,Unknown,10509_6,2021-01-01,0:00:00,24:00:00,volume,67590.0,AADT,1,197,,0:00:00,24:00:00,volume,93835.40859,AADT,Population Growth Rates
F-M-9607,MN,Anoka and Washington,road-capacity-expansion,Jct. I-35W/I-35E to Jct. TH 8,1/1/1997,1/1/2017,,Unknown,2.537,10509,after,I-35,,unknown,unknown,unknown,unknown,unknown,unknown,unknown,unknown,unknown,Unknown,10509_7,2022-01-01,0:00:00,24:00:00,volume,66182.0,AADT,1,197,,0:00:00,24:00:00,volume,93835.40859,AADT,Population Growth Rates
F-M-9607,MN,Anoka and Washington,road-capacity-expansion,Jct. I-35W/I-35E to Jct. TH 8,1/1/1997,1/1/2017,,Unknown,2.537,10509,after,I-35,,unknown,unknown,unknown,unknown,unknown,unknown,unknown,unknown,unknown,Unknown,10509_8,2023-01-01,0:00:00,24:00:00,volume,72713.0,AADT,1,197,,0:00:00,24:00:00,volume,93835.40859,AADT,Population Growth Rates
F-M-9607,MN,Anoka and Washington,road-capacity-expansion,Jct. I-35W/I-35E to Jct. TH 8,1/1/1997,1/1/2017,,Unknown,2.537,10509,after,I-35,,unknown,unknown,unknown,unknown,unknown,unknown,unknown,unknown,unknown,Unknown,10509_9,2024-01-01,0:00:00,24:00:00,volume,73441.0,AADT,1,197,,0:00:00,24:00:00,volume,93835.40859,AADT,Population Growth Rates
F-M-9607,MN,Anoka and Washington,road-capacity-expansion,Jct. I-35W/I-35E to Jct. TH 8,1/1/1997,1/1/2017,,Unknown,2.537,10509,after,I-35,,unknown,unknown,unknown,unknown,unknown,unknown,unknown,unknown,unknown,Unknown,10509_10,2025-01-01,0:00:00,24:00:00,volume,71167.0,AADT,1,197,,0:00:00,24:00:00,volume,93835.40859,AADT,Population Growth Rates
F-M-9608,MN,Hennepin,new-roadway,Hampshire Ave. to Regent Ave.,1/1/1995,1/1/2015,,exurban,1.652,35330,after,Regent Ave,,unknown,unknown,unknown,unknown,unknown,unknown,unknown,unknown,unknown,ramp,35330_1,2015-01-01,0:00:00,24:00:00,volume,2650.0,AADT,1,206,,0:00:00,24:00:00,volume,2219.18389,AADT,Population Growth Rates
F-M-9608,MN,Hennepin,new-roadway,Hampshire Ave. to Regent Ave.,1/1/1995,1/1/2015,,exurban,1.652,35330,after,Regent Ave,,unknown,unknown,unknown,unknown,unknown,unknown,unknown,unknown,unknown,ramp,35330_2,2016-01-01,0:00:00,24:00:00,volume,2647.0,AADT,1,206,,0:00:00,24:00:00,volume,2219.18389,AADT,Population Growth Rates
F-M-9608,MN,Hennepin,new-roadway,Hampshire Ave. to Regent Ave.,1/1/1995,1/1/2015,,exurban,1.652,35330,after,Regent Ave,,unknown,unknown,unknown,unknown,unknown,unknown,unknown,unknown,unknown,ramp,35330_3,2017-01-01,0:00:00,24:00:00,volume,3250.0,AADT,1,206,,0:00:00,24:00:00,volume,2219.18389,AADT,Population Growth Rates
F-M-9608,MN,Hennepin,new-roadway,Hampshire Ave. to Regent Ave.,1/1/1995,1/1/2015,,exurban,1.652,35330,after,Regent Ave,,unknown,unknown,unknown,unknown,unknown,unknown,unknown,unknown,unknown,ramp,35330_4,2018-01-01,0:00:00,24:00:00,volume,3267.0,AADT,1,206,,0:00:00,24:00:00,volume,2219.18389,AADT,Population Growth Rates
F-M-9608,MN,Hennepin,new-roadway,Hampshire Ave. to Regent Ave.,1/1/1995,1/1/2015,,exurban,1.652,35330,after,Regent Ave,,unknown,unknown,unknown,unknown,unknown,unknown,unknown,unknown,unknown,ramp,35330_5,2019-01-01,0:00:00,24:00:00,volume,3600.0,AADT,1,206,,0:00:00,24:00:00,volume,2219.18389,AADT,Population Growth Rates
F-M-9608,MN,Hennepin,new-roadway,Hampshire Ave. to Regent Ave.,1/1/1995,1/1/2015,,exurban,1.652,35330,after,Regent Ave,,unknown,unknown,unknown,unknown,unknown,unknown,unknown,unknown,unknown,ramp,35330_6,2020-01-01,0:00:00,24:00:00,volume,2530.0,AADT,1,206,,0:00:00,24:00:00,volume,2219.18389,AADT,Population Growth Rates
F-M-9608,MN,Hennepin,new-roadway,Hampshire Ave. to Regent Ave.,1/1/1995,1/1/2015,,exurban,1.652,35330,after,Regent Ave,,unknown,unknown,unknown,unknown,unknown,unknown,unknown,unknown,unknown,ramp,35330_7,2021-01-01,0:00:00,24:00:00,volume,2859.0,AADT,1,206,,0:00:00,24:00:00,volume,2219.18389,AADT,Population Growth Rates
F-M-9608,MN,Hennepin,new-roadway,Hampshire Ave. to Regent Ave.,1/1/1995,1/1/2015,,exurban,1.652,35330,after,Regent Ave,,unknown,unknown,unknown,unknown,unknown,unknown,unknown,unknown,unknown,ramp,35330_8,2022-01-01,0:00:00,24:00:00,volume,2896.0,AADT,1,206,,0:00:00,24:00:00,volume,2219.18389,AADT,Population Growth Rates
F-M-9608,MN,Hennepin,new-roadway,Hampshire Ave. to Regent Ave.,1/1/1995,1/1/2015,,exurban,1.652,35330,after,Regent Ave,,unknown,unknown,unknown,unknown,unknown,unknown,unknown,unknown,unknown,ramp,35330_9,2023-01-01,0:00:00,24:00:00,volume,3748.0,AADT,1,206,,0:00:00,24:00:00,volume,2219.18389,AADT,Population Growth Rates
F-M-9608,MN,Hennepin,new-roadway,Hampshire Ave. to Regent Ave.,1/1/1995,1/1/2015,,exurban,1.652,35330,after,Regent Ave,,unknown,unknown,unknown,unknown,unknown,unknown,unknown,unknown,unknown,ramp,35330_10,2024-01-01,0:00:00,24:00:00,volume,3834.0,AADT,1,206,,0:00:00,24:00:00,volume,2219.18389,AADT,Population Growth Rates
F-M-9608,MN,Hennepin,new-roadway,Hampshire Ave. to Regent Ave.,1/1/1995,1/1/2015,,exurban,1.652,35330,after,Regent Ave,,unknown,unknown,unknown,unknown,unknown,unknown,unknown,unknown,unknown,ramp,35330_11,2025-01-01,0:00:00,24:00:00,volume,3887.0,AADT,1,206,,0:00:00,24:00:00,volume,2219.18389,AADT,Population Growth Rates
F-M-9702UPDATE,MN,Ramsey,road-capacity-expansion,At the Dale St. Interchange,1/1/1998,1/1/2018,,Unknown,1.377,11346,after,TH 36,,unknown,unknown,unknown,unknown,unknown,unknown,unknown,unknown,unknown,Unknown,11346_1,2016-01-01,0:00:00,24:00:00,volume,88000.0,AADT,1,173,,0:00:00,24:00:00,volume,111529.0179,AADT,Travel Model
F-M-9702UPDATE,MN,Ramsey,road-capacity-expansion,At the Dale St. Interchange,1/1/1998,1/1/2018,,Unknown,1.377,11346,after,TH 36,,unknown,unknown,unknown,unknown,unknown,unknown,unknown,unknown,unknown,Unknown,11346_2,2017-01-01,0:00:00,24:00:00,volume,91000.0,AADT,1,173,,0:00:00,24:00:00,volume,111529.0179,AADT,Travel Model
F-M-9702UPDATE,MN,Ramsey,road-capacity-expansion,At the Dale St. Interchange,1/1/1998,1/1/2018,,Unknown,1.377,11346,after,TH 36,,unknown,unknown,unknown,unknown,unknown,unknown,unknown,unknown,unknown,Unknown,11346_3,2018-01-01,0:00:00,24:00:00,volume,85000.0,AADT,1,173,,0:00:00,24:00:00,volume,111529.0179,AADT,Travel Model
F-M-9702UPDATE,MN,Ramsey,road-capacity-expansion,At the Dale St. Interchange,1/1/1998,1/1/2018,,Unknown,1.377,11346,after,TH 36,,unknown,unknown,unknown,unknown,unknown,unknown,unknown,unknown,unknown,Unknown,11346_4,2019-01-01,0:00:00,24:00:00,volume,86000.0,AADT,1,173,,0:00:00,24:00:00,volume,111529.0179,AADT,Travel Model
F-M-9702UPDATE,MN,Ramsey,road-capacity-expansion,At the Dale St. Interchange,1/1/1998,1/1/2018,,Unknown,1.377,11346,after,TH 36,,unknown,unknown,unknown,unknown,unknown,unknown,unknown,unknown,unknown,Unknown,11346_5,2020-01-01,0:00:00,24:00:00,volume,67000.0,AADT,1,173,,0:00:00,24:00:00,volume,111529.0179,AADT,Travel Model
F-M-9702UPDATE,MN,Ramsey,road-capacity-expansion,At the Dale St. Interchange,1/1/1998,1/1/2018,,Unknown,1.377,11346,after,TH 36,,unknown,unknown,unknown,unknown,unknown,unknown,unknown,unknown,unknown,Unknown,11346_6,2021-01-01,0:00:00,24:00:00,volume,78142.0,AADT,1,173,,0:00:00,24:00:00,volume,111529.0179,AADT,Travel Model
F-M-9702UPDATE,MN,Ramsey,road-capacity-expansion,At the Dale St. Interchange,1/1/1998,1/1/2018,,Unknown,1.377,11346,after,TH 36,,unknown,unknown,unknown,unknown,unknown,unknown,unknown,unknown,unknown,Unknown,11346_7,2022-01-01,0:00:00,24:00:00,volume,80047.0,AADT,1,173,,0:00:00,24:00:00,volume,111529.0179,AADT,Travel Model
F-M-9702UPDATE,MN,Ramsey,road-capacity-expansion,At the Dale St. Interchange,1/1/1998,1/1/2018,,Unknown,1.377,11346,after,TH 36,,unknown,unknown,unknown,unknown,unknown,unknown,unknown,unknown,unknown,Unknown,11346_8,2023-01-01,0:00:00,24:00:00,volume,80931.0,AADT,1,173,,0:00:00,24:00:00,volume,111529.0179,AADT,Travel Model
F-M-9702UPDATE,MN,Ramsey,road-capacity-expansion,At the Dale St. Interchange,1/1/1998,1/1/2018,,Unknown,1.377,11346,after,TH 36,,unknown,unknown,unknown,unknown,unknown,unknown,unknown,unknown,unknown,Unknown,11346_9,2024-01-01,0:00:00,24:00:00,volume,82388.0,AADT,1,173,,0:00:00,24:00:00,volume,111529.0179,AADT,Travel Model
F-M-9702UPDATE,MN,Ramsey,road-capacity-expansion,At the Dale St. Interchange,1/1/1998,1/1/2018,,Unknown,1.377,11346,after,TH 36,,unknown,unknown,unknown,unknown,unknown,unknown,unknown,unknown,unknown,Unknown,11346_10,2025-01-01,0:00:00,24:00:00,volume,85645.0,AADT,1,173,,0:00:00,24:00:00,volume,111529.0179,AADT,Travel Model
F-M-9706,MN,Hennepin,new-roadway,Over MN&S R/R W of TH 100,1/1/1998,1/1/2018,,suburban,0.373,11199,after,TH 62,,unknown,unknown,unknown,unknown,unknown,unknown,unknown,unknown,unknown,freeway,11199_1,2016-01-01,0:00:00,24:00:00,volume,88000.0,AADT,1,164,,0:00:00,24:00:00,volume,126415.7172,AADT,Trendline
F-M-9706,MN,Hennepin,new-roadway,Over MN&S R/R W of TH 100,1/1/1998,1/1/2018,,suburban,0.373,11199,after,TH 62,,unknown,unknown,unknown,unknown,unknown,unknown,unknown,unknown,unknown,freeway,11199_2,2017-01-01,0:00:00,24:00:00,volume,84000.0,AADT,1,164,,0:00:00,24:00:00,volume,126415.7172,AADT,Trendline
F-M-9706,MN,Hennepin,new-roadway,Over MN&S R/R W of TH 100,1/1/1998,1/1/2018,,suburban,0.373,11199,after,TH 62,,unknown,unknown,unknown,unknown,unknown,unknown,unknown,unknown,unknown,freeway,11199_3,2018-01-01,0:00:00,24:00:00,volume,82000.0,AADT,1,164,,0:00:00,24:00:00,volume,126415.7172,AADT,Trendline
F-M-9706,MN,Hennepin,new-roadway,Over MN&S R/R W of TH 100,1/1/1998,1/1/2018,,suburban,0.373,11199,after,TH 62,,unknown,unknown,unknown,unknown,unknown,unknown,unknown,unknown,unknown,freeway,11199_4,2019-01-01,0:00:00,24:00:00,volume,80000.0,AADT,1,164,,0:00:00,24:00:00,volume,126415.7172,AADT,Trendline
F-M-9706,MN,Hennepin,new-roadway,Over MN&S R/R W of TH 100,1/1/1998,1/1/2018,,suburban,0.373,11199,after,TH 62,,unknown,unknown,unknown,unknown,unknown,unknown,unknown,unknown,unknown,freeway,11199_5,2020-01-01,0:00:00,24:00:00,volume,67000.0,AADT,1,164,,0:00:00,24:00:00,volume,126415.7172,AADT,Trendline
F-M-9706,MN,Hennepin,new-roadway,Over MN&S R/R W of TH 100,1/1/1998,1/1/2018,,suburban,0.373,11199,after,TH 62,,unknown,unknown,unknown,unknown,unknown,unknown,unknown,unknown,unknown,freeway,11199_6,2021-01-01,0:00:00,24:00:00,volume,69544.0,AADT,1,164,,0:00:00,24:00:00,volume,126415.7172,AADT,Trendline
F-M-9706,MN,Hennepin,new-roadway,Over MN&S R/R W of TH 100,1/1/1998,1/1/2018,,suburban,0.373,11199,after,TH 62,,unknown,unknown,unknown,unknown,unknown,unknown,unknown,unknown,unknown,freeway,11199_7,2022-01-01,0:00:00,24:00:00,volume,78309.0,AADT,1,164,,0:00:00,24:00:00,volume,126415.7172,AADT,Trendline
F-M-9706,MN,Hennepin,new-roadway,Over MN&S R/R W of TH 100,1/1/1998,1/1/2018,,suburban,0.373,11199,after,TH 62,,unknown,unknown,unknown,unknown,unknown,unknown,unknown,unknown,unknown,freeway,11199_8,2023-01-01,0:00:00,24:00:00,volume,84138.0,AADT,1,164,,0:00:00,24:00:00,volume,126415.7172,AADT,Trendline
F-M-9706,MN,Hennepin,new-roadway,Over MN&S R/R W of TH 100,1/1/1998,1/1/2018,,suburban,0.373,11199,after,TH 62,,unknown,unknown,unknown,unknown,unknown,unknown,unknown,unknown,unknown,freeway,11199_9,2024-01-01,0:00:00,24:00:00,volume,87417.0,AADT,1,164,,0:00:00,24:00:00,volume,126415.7172,AADT,Trendline
F-M-9706,MN,Hennepin,new-roadway,Over MN&S R/R W of TH 100,1/1/1998,1/1/2018,,suburban,0.373,11199,after,TH 62,,unknown,unknown,unknown,unknown,unknown,unknown,unknown,unknown,unknown,freeway,11199_10,2025-01-01,0:00:00,24:00:00,volume,89129.0,AADT,1,164,,0:00:00,24:00:00,volume,126415.7172,AADT,Trendline
F-M-9706,MN,Hennepin,new-roadway,Over MN&S R/R W of TH 100,1/1/1998,1/1/2018,,suburban,0.373,9884,after,TH 62,,unknown,unknown,unknown,unknown,unknown,unknown,unknown,unknown,unknown,freeway,9884_1,2016-01-01,0:00:00,24:00:00,volume,91000.0,AADT,1,163,,0:00:00,24:00:00,volume,101122.8756,AADT,Trendline
F-M-9706,MN,Hennepin,new-roadway,Over MN&S R/R W of TH 100,1/1/1998,1/1/2018,,suburban,0.373,9884,after,TH 62,,unknown,unknown,unknown,unknown,unknown,unknown,unknown,unknown,unknown,freeway,9884_2,2017-01-01,0:00:00,24:00:00,volume,94000.0,AADT,1,163,,0:00:00,24:00:00,volume,101122.8756,AADT,Trendline
F-M-9706,MN,Hennepin,new-roadway,Over MN&S R/R W of TH 100,1/1/1998,1/1/2018,,suburban,0.373,9884,after,TH 62,,unknown,unknown,unknown,unknown,unknown,unknown,unknown,unknown,unknown,freeway,9884_3,2018-01-01,0:00:00,24:00:00,volume,92000.0,AADT,1,163,,0:00:00,24:00:00,volume,101122.8756,AADT,Trendline
F-M-9706,MN,Hennepin,new-roadway,Over MN&S R/R W of TH 100,1/1/1998,1/1/2018,,suburban,0.373,9884,after,TH 62,,unknown,unknown,unknown,unknown,unknown,unknown,unknown,unknown,unknown,freeway,9884_4,2019-01-01,0:00:00,24:00:00,volume,90000.0,AADT,1,163,,0:00:00,24:00:00,volume,101122.8756,AADT,Trendline
F-M-9706,MN,Hennepin,new-roadway,Over MN&S R/R W of TH 100,1/1/1998,1/1/2018,,suburban,0.373,9884,after,TH 62,,unknown,unknown,unknown,unknown,unknown,unknown,unknown,unknown,unknown,freeway,9884_5,2020-01-01,0:00:00,24:00:00,volume,74000.0,AADT,1,163,,0:00:00,24:00:00,volume,101122.8756,AADT,Trendline
F-M-9706,MN,Hennepin,new-roadway,Over MN&S R/R W of TH 100,1/1/1998,1/1/2018,,suburban,0.373,9884,after,TH 62,,unknown,unknown,unknown,unknown,unknown,unknown,unknown,unknown,unknown,freeway,9884_6,2021-01-01,0:00:00,24:00:00,volume,80677.0,AADT,1,163,,0:00:00,24:00:00,volume,101122.8756,AADT,Trendline
F-M-9706,MN,Hennepin,new-roadway,Over MN&S R/R W of TH 100,1/1/1998,1/1/2018,,suburban,0.373,9884,after,TH 62,,unknown,unknown,unknown,unknown,unknown,unknown,unknown,unknown,unknown,freeway,9884_7,2022-01-01,0:00:00,24:00:00,volume,84387.0,AADT,1,163,,0:00:00,24:00:00,volume,101122.8756,AADT,Trendline
F-M-9706,MN,Hennepin,new-roadway,Over MN&S R/R W of TH 100,1/1/1998,1/1/2018,,suburban,0.373,9884,after,TH 62,,unknown,unknown,unknown,unknown,unknown,unknown,unknown,unknown,unknown,freeway,9884_8,2023-01-01,0:00:00,24:00:00,volume,84938.0,AADT,1,163,,0:00:00,24:00:00,volume,101122.8756,AADT,Trendline
F-M-9706,MN,Hennepin,new-roadway,Over MN&S R/R W of TH 100,1/1/1998,1/1/2018,,suburban,0.373,9884,after,TH 62,,unknown,unknown,unknown,unknown,unknown,unknown,unknown,unknown,unknown,freeway,9884_9,2024-01-01,0:00:00,24:00:00,volume,85577.0,AADT,1,163,,0:00:00,24:00:00,volume,101122.8756,AADT,Trendline
F-M-9706,MN,Hennepin,new-roadway,Over MN&S R/R W of TH 100,1/1/1998,1/1/2018,,suburban,0.373,9884,after,TH 62,,unknown,unknown,unknown,unknown,unknown,unknown,unknown,unknown,unknown,freeway,9884_10,2025-01-01,0:00:00,24:00:00,volume,87032.0,AADT,1,163,,0:00:00,24:00:00,volume,101122.8756,AADT,Trendline
F-M-9707,MN,Hennepin,new-roadway,NORTH OF CLEARY ROAD AT BRIDGE OVER FORD BROOK,1/1/1998,1/1/2018,,Unknown,1.268,10343,after,I-494,,unknown,unknown,unknown,unknown,unknown,unknown,unknown,unknown,unknown,Unknown,10343_1,2016-01-01,0:00:00,24:00:00,volume,111000.0,AADT,1,183,,0:00:00,24:00:00,volume,143242.0516,AADT,Population Growth Rates
F-M-9707,MN,Hennepin,new-roadway,NORTH OF CLEARY ROAD AT BRIDGE OVER FORD BROOK,1/1/1998,1/1/2018,,Unknown,1.268,10343,after,I-494,,unknown,unknown,unknown,unknown,unknown,unknown,unknown,unknown,unknown,Unknown,10343_2,2017-01-01,0:00:00,24:00:00,volume,111925.0,AADT,1,183,,0:00:00,24:00:00,volume,143242.0516,AADT,Population Growth Rates
F-M-9707,MN,Hennepin,new-roadway,NORTH OF CLEARY ROAD AT BRIDGE OVER FORD BROOK,1/1/1998,1/1/2018,,Unknown,1.268,10343,after,I-494,,unknown,unknown,unknown,unknown,unknown,unknown,unknown,unknown,unknown,Unknown,10343_3,2018-01-01,0:00:00,24:00:00,volume,118000.0,AADT,1,183,,0:00:00,24:00:00,volume,143242.0516,AADT,Population Growth Rates
F-M-9707,MN,Hennepin,new-roadway,NORTH OF CLEARY ROAD AT BRIDGE OVER FORD BROOK,1/1/1998,1/1/2018,,Unknown,1.268,10343,after,I-494,,unknown,unknown,unknown,unknown,unknown,unknown,unknown,unknown,unknown,Unknown,10343_4,2019-01-01,0:00:00,24:00:00,volume,117000.0,AADT,1,183,,0:00:00,24:00:00,volume,143242.0516,AADT,Population Growth Rates
F-M-9707,MN,Hennepin,new-roadway,NORTH OF CLEARY ROAD AT BRIDGE OVER FORD BROOK,1/1/1998,1/1/2018,,Unknown,1.268,10343,after,I-494,,unknown,unknown,unknown,unknown,unknown,unknown,unknown,unknown,unknown,Unknown,10343_5,2020-01-01,0:00:00,24:00:00,volume,89000.0,AADT,1,183,,0:00:00,24:00:00,volume,143242.0516,AADT,Population Growth Rates
F-M-9707,MN,Hennepin,new-roadway,NORTH OF CLEARY ROAD AT BRIDGE OVER FORD BROOK,1/1/1998,1/1/2018,,Unknown,1.268,10343,after,I-494,,unknown,unknown,unknown,unknown,unknown,unknown,unknown,unknown,unknown,Unknown,10343_6,2021-01-01,0:00:00,24:00:00,volume,99851.0,AADT,1,183,,0:00:00,24:00:00,volume,143242.0516,AADT,Population Growth Rates
F-M-9707,MN,Hennepin,new-roadway,NORTH OF CLEARY ROAD AT BRIDGE OVER FORD BROOK,1/1/1998,1/1/2018,,Unknown,1.268,10343,after,I-494,,unknown,unknown,unknown,unknown,unknown,unknown,unknown,unknown,unknown,Unknown,10343_7,2022-01-01,0:00:00,24:00:00,volume,105344.0,AADT,1,183,,0:00:00,24:00:00,volume,143242.0516,AADT,Population Growth Rates
F-M-9707,MN,Hennepin,new-roadway,NORTH OF CLEARY ROAD AT BRIDGE OVER FORD BROOK,1/1/1998,1/1/2018,,Unknown,1.268,10343,after,I-494,,unknown,unknown,unknown,unknown,unknown,unknown,unknown,unknown,unknown,Unknown,10343_8,2023-01-01,0:00:00,24:00:00,volume,107386.0,AADT,1,183,,0:00:00,24:00:00,volume,143242.0516,AADT,Population Growth Rates
F-M-9707,MN,Hennepin,new-roadway,NORTH OF CLEARY ROAD AT BRIDGE OVER FORD BROOK,1/1/1998,1/1/2018,,Unknown,1.268,10343,after,I-494,,unknown,unknown,unknown,unknown,unknown,unknown,unknown,unknown,unknown,Unknown,10343_9,2024-01-01,0:00:00,24:00:00,volume,109969.0,AADT,1,183,,0:00:00,24:00:00,volume,143242.0516,AADT,Population Growth Rates
F-M-9707,MN,Hennepin,new-roadway,NORTH OF CLEARY ROAD AT BRIDGE OVER FORD BROOK,1/1/1998,1/1/2018,,Unknown,1.268,10343,after,I-494,,unknown,unknown,unknown,unknown,unknown,unknown,unknown,unknown,unknown,Unknown,10343_10,2025-01-01,0:00:00,24:00:00,volume,111446.0,AADT,1,183,,0:00:00,24:00:00,volume,143242.0516,AADT,Population Growth Rates
F-M-9712F,MN,Hennepin,road-capacity-expansion,Frontage road and cross streets for FM 9717,1/1/2000,1/1/2020,,urban,0.77,61927,after,I-35W,,unknown,unknown,unknown,unknown,unknown,unknown,unknown,unknown,unknown,minor collector,61927_1,2016-01-01,0:00:00,24:00:00,volume,9200.0,AADT,1,19,,0:00:00,24:00:00,volume,21398.66907,AADT,Trendline
F-M-9712F,MN,Hennepin,road-capacity-expansion,Frontage road and cross streets for FM 9717,1/1/2000,1/1/2020,,urban,0.77,61927,after,I-35W,,unknown,unknown,unknown,unknown,unknown,unknown,unknown,unknown,unknown,minor collector,61927_2,2017-01-01,0:00:00,24:00:00,volume,9371.0,AADT,1,19,,0:00:00,24:00:00,volume,21398.66907,AADT,Trendline
F-M-9712F,MN,Hennepin,road-capacity-expansion,Frontage road and cross streets for FM 9717,1/1/2000,1/1/2020,,urban,0.77,61927,after,I-35W,,unknown,unknown,unknown,unknown,unknown,unknown,unknown,unknown,unknown,minor collector,61927_3,2018-01-01,0:00:00,24:00:00,volume,9420.0,AADT,1,19,,0:00:00,24:00:00,volume,21398.66907,AADT,Trendline
F-M-9712F,MN,Hennepin,road-capacity-expansion,Frontage road and cross streets for FM 9717,1/1/2000,1/1/2020,,urban,0.77,61927,after,I-35W,,unknown,unknown,unknown,unknown,unknown,unknown,unknown,unknown,unknown,minor collector,61927_4,2019-01-01,0:00:00,24:00:00,volume,9541.0,AADT,1,19,,0:00:00,24:00:00,volume,21398.66907,AADT,Trendline
F-M-9712F,MN,Hennepin,road-capacity-expansion,Frontage road and cross streets for FM 9717,1/1/2000,1/1/2020,,urban,0.77,61927,after,I-35W,,unknown,unknown,unknown,unknown,unknown,unknown,unknown,unknown,unknown,minor collector,61927_5,2020-01-01,0:00:00,24:00:00,volume,8600.0,AADT,1,19,,0:00:00,24:00:00,volume,21398.66907,AADT,Trendline
F-M-9712F,MN,Hennepin,road-capacity-expansion,Frontage road and cross streets for FM 9717,1/1/2000,1/1/2020,,urban,0.77,61927,after,I-35W,,unknown,unknown,unknown,unknown,unknown,unknown,unknown,unknown,unknown,minor collector,61927_6,2021-01-01,0:00:00,24:00:00,volume,9494.0,AADT,1,19,,0:00:00,24:00:00,volume,21398.66907,AADT,Trendline
F-M-9712F,MN,Hennepin,road-capacity-expansion,Frontage road and cross streets for FM 9717,1/1/2000,1/1/2020,,urban,0.77,61927,after,I-35W,,unknown,unknown,unknown,unknown,unknown,unknown,unknown,unknown,unknown,minor collector,61927_7,2022-01-01,0:00:00,24:00:00,volume,9751.0,AADT,1,19,,0:00:00,24:00:00,volume,21398.66907,AADT,Trendline
F-M-9712F,MN,Hennepin,road-capacity-expansion,Frontage road and cross streets for FM 9717,1/1/2000,1/1/2020,,urban,0.77,61927,after,I-35W,,unknown,unknown,unknown,unknown,unknown,unknown,unknown,unknown,unknown,minor collector,61927_8,2023-01-01,0:00:00,24:00:00,volume,9663.0,AADT,1,19,,0:00:00,24:00:00,volume,21398.66907,AADT,Trendline
F-M-9712F,MN,Hennepin,road-capacity-expansion,Frontage road and cross streets for FM 9717,1/1/2000,1/1/2020,,urban,0.77,61927,after,I-35W,,unknown,unknown,unknown,unknown,unknown,unknown,unknown,unknown,unknown,minor collector,61927_9,2024-01-01,0:00:00,24:00:00,volume,8845.0,AADT,1,19,,0:00:00,24:00:00,volume,21398.66907,AADT,Trendline
F-M-9712F,MN,Hennepin,road-capacity-expansion,Frontage road and cross streets for FM 9717,1/1/2000,1/1/2020,,urban,0.77,61927,after,I-35W,,unknown,unknown,unknown,unknown,unknown,unknown,unknown,unknown,unknown,minor collector,61927_10,2025-01-01,0:00:00,24:00:00,volume,7865.0,AADT,1,19,,0:00:00,24:00:00,volume,21398.66907,AADT,Trendline
F-M-9712F,MN,Hennepin,road-capacity-expansion,Frontage road and cross streets for FM 9717,1/1/2000,1/1/2020,,urban,0.77,62160,after,I-35W,,unknown,unknown,unknown,unknown,unknown,unknown,unknown,unknown,unknown,minor collector,62160_1,2016-01-01,0:00:00,24:00:00,volume,6300.0,AADT,1,18,,0:00:00,24:00:00,volume,8477.800739,AADT,Trendline
F-M-9712F,MN,Hennepin,road-capacity-expansion,Frontage road and cross streets for FM 9717,1/1/2000,1/1/2020,,urban,0.77,62160,after,I-35W,,unknown,unknown,unknown,unknown,unknown,unknown,unknown,unknown,unknown,minor collector,62160_2,2017-01-01,0:00:00,24:00:00,volume,6417.0,AADT,1,18,,0:00:00,24:00:00,volume,8477.800739,AADT,Trendline
F-M-9712F,MN,Hennepin,road-capacity-expansion,Frontage road and cross streets for FM 9717,1/1/2000,1/1/2020,,urban,0.77,62160,after,I-35W,,unknown,unknown,unknown,unknown,unknown,unknown,unknown,unknown,unknown,minor collector,62160_3,2018-01-01,0:00:00,24:00:00,volume,6450.0,AADT,1,18,,0:00:00,24:00:00,volume,8477.800739,AADT,Trendline
F-M-9712F,MN,Hennepin,road-capacity-expansion,Frontage road and cross streets for FM 9717,1/1/2000,1/1/2020,,urban,0.77,62160,after,I-35W,,unknown,unknown,unknown,unknown,unknown,unknown,unknown,unknown,unknown,minor collector,62160_4,2019-01-01,0:00:00,24:00:00,volume,6533.0,AADT,1,18,,0:00:00,24:00:00,volume,8477.800739,AADT,Trendline
F-M-9712F,MN,Hennepin,road-capacity-expansion,Frontage road and cross streets for FM 9717,1/1/2000,1/1/2020,,urban,0.77,62160,after,I-35W,,unknown,unknown,unknown,unknown,unknown,unknown,unknown,unknown,unknown,minor collector,62160_5,2020-01-01,0:00:00,24:00:00,volume,4750.0,AADT,1,18,,0:00:00,24:00:00,volume,8477.800739,AADT,Trendline
F-M-9712F,MN,Hennepin,road-capacity-expansion,Frontage road and cross streets for FM 9717,1/1/2000,1/1/2020,,urban,0.77,62160,after,I-35W,,unknown,unknown,unknown,unknown,unknown,unknown,unknown,unknown,unknown,minor collector,62160_6,2021-01-01,0:00:00,24:00:00,volume,5596.0,AADT,1,18,,0:00:00,24:00:00,volume,8477.800739,AADT,Trendline
F-M-9712F,MN,Hennepin,road-capacity-expansion,Frontage road and cross streets for FM 9717,1/1/2000,1/1/2020,,urban,0.77,62160,after,I-35W,,unknown,unknown,unknown,unknown,unknown,unknown,unknown,unknown,unknown,minor collector,62160_7,2022-01-01,0:00:00,24:00:00,volume,5668.0,AADT,1,18,,0:00:00,24:00:00,volume,8477.800739,AADT,Trendline
F-M-9712F,MN,Hennepin,road-capacity-expansion,Frontage road and cross streets for FM 9717,1/1/2000,1/1/2020,,urban,0.77,62160,after,I-35W,,unknown,unknown,unknown,unknown,unknown,unknown,unknown,unknown,unknown,minor collector,62160_8,2023-01-01,0:00:00,24:00:00,volume,5521.0,AADT,1,18,,0:00:00,24:00:00,volume,8477.800739,AADT,Trendline
F-M-9712F,MN,Hennepin,road-capacity-expansion,Frontage road and cross streets for FM 9717,1/1/2000,1/1/2020,,urban,0.77,62160,after,I-35W,,unknown,unknown,unknown,unknown,unknown,unknown,unknown,unknown,unknown,minor collector,62160_9,2024-01-01,0:00:00,24:00:00,volume,5469.0,AADT,1,18,,0:00:00,24:00:00,volume,8477.800739,AADT,Trendline
F-M-9712F,MN,Hennepin,road-capacity-expansion,Frontage road and cross streets for FM 9717,1/1/2000,1/1/2020,,urban,0.77,62160,after,I-35W,,unknown,unknown,unknown,unknown,unknown,unknown,unknown,unknown,unknown,minor collector,62160_10,2025-01-01,0:00:00,24:00:00,volume,5502.0,AADT,1,18,,0:00:00,24:00:00,volume,8477.800739,AADT,Trendline
F-M-9712F,MN,Hennepin,road-capacity-expansion,Frontage road and cross streets for FM 9717,1/1/2000,1/1/2020,,urban,0.77,62172,after,I-35W,,unknown,unknown,unknown,unknown,unknown,unknown,unknown,unknown,unknown,minor collector,62172_1,2016-01-01,0:00:00,24:00:00,volume,7200.0,AADT,1,16,,0:00:00,24:00:00,volume,9012.52441,AADT,Trendline
F-M-9712F,MN,Hennepin,road-capacity-expansion,Frontage road and cross streets for FM 9717,1/1/2000,1/1/2020,,urban,0.77,62172,after,I-35W,,unknown,unknown,unknown,unknown,unknown,unknown,unknown,unknown,unknown,minor collector,62172_2,2017-01-01,0:00:00,24:00:00,volume,7334.0,AADT,1,16,,0:00:00,24:00:00,volume,9012.52441,AADT,Trendline
F-M-9712F,MN,Hennepin,road-capacity-expansion,Frontage road and cross streets for FM 9717,1/1/2000,1/1/2020,,urban,0.77,62172,after,I-35W,,unknown,unknown,unknown,unknown,unknown,unknown,unknown,unknown,unknown,minor collector,62172_3,2018-01-01,0:00:00,24:00:00,volume,7372.0,AADT,1,16,,0:00:00,24:00:00,volume,9012.52441,AADT,Trendline
F-M-9712F,MN,Hennepin,road-capacity-expansion,Frontage road and cross streets for FM 9717,1/1/2000,1/1/2020,,urban,0.77,62172,after,I-35W,,unknown,unknown,unknown,unknown,unknown,unknown,unknown,unknown,unknown,minor collector,62172_4,2019-01-01,0:00:00,24:00:00,volume,7467.0,AADT,1,16,,0:00:00,24:00:00,volume,9012.52441,AADT,Trendline
F-M-9712F,MN,Hennepin,road-capacity-expansion,Frontage road and cross streets for FM 9717,1/1/2000,1/1/2020,,urban,0.77,62172,after,I-35W,,unknown,unknown,unknown,unknown,unknown,unknown,unknown,unknown,unknown,minor collector,62172_5,2020-01-01,0:00:00,24:00:00,volume,5900.0,AADT,1,16,,0:00:00,24:00:00,volume,9012.52441,AADT,Trendline
F-M-9712F,MN,Hennepin,road-capacity-expansion,Frontage road and cross streets for FM 9717,1/1/2000,1/1/2020,,urban,0.77,62172,after,I-35W,,unknown,unknown,unknown,unknown,unknown,unknown,unknown,unknown,unknown,minor collector,62172_6,2021-01-01,0:00:00,24:00:00,volume,6950.0,AADT,1,16,,0:00:00,24:00:00,volume,9012.52441,AADT,Trendline
F-M-9712F,MN,Hennepin,road-capacity-expansion,Frontage road and cross streets for FM 9717,1/1/2000,1/1/2020,,urban,0.77,62172,after,I-35W,,unknown,unknown,unknown,unknown,unknown,unknown,unknown,unknown,unknown,minor collector,62172_7,2022-01-01,0:00:00,24:00:00,volume,7138.0,AADT,1,16,,0:00:00,24:00:00,volume,9012.52441,AADT,Trendline
F-M-9712F,MN,Hennepin,road-capacity-expansion,Frontage road and cross streets for FM 9717,1/1/2000,1/1/2020,,urban,0.77,62172,after,I-35W,,unknown,unknown,unknown,unknown,unknown,unknown,unknown,unknown,unknown,minor collector,62172_8,2023-01-01,0:00:00,24:00:00,volume,7074.0,AADT,1,16,,0:00:00,24:00:00,volume,9012.52441,AADT,Trendline
F-M-9712F,MN,Hennepin,road-capacity-expansion,Frontage road and cross streets for FM 9717,1/1/2000,1/1/2020,,urban,0.77,62172,after,I-35W,,unknown,unknown,unknown,unknown,unknown,unknown,unknown,unknown,unknown,minor collector,62172_9,2024-01-01,0:00:00,24:00:00,volume,7557.0,AADT,1,16,,0:00:00,24:00:00,volume,9012.52441,AADT,Trendline
F-M-9712F,MN,Hennepin,road-capacity-expansion,Frontage road and cross streets for FM 9717,1/1/2000,1/1/2020,,urban,0.77,62172,after,I-35W,,unknown,unknown,unknown,unknown,unknown,unknown,unknown,unknown,unknown,minor collector,62172_10,2025-01-01,0:00:00,24:00:00,volume,7073.0,AADT,1,16,,0:00:00,24:00:00,volume,9012.52441,AADT,Trendline
F-M-9801,MN,Dakota,road-capacity-expansion,ON TH55 FROM E JCT OF TH 149 TO TH 3 AND ON ARGENT TRAIL FROM 77TH ST. TO 70TH ST.,1/1/1999,1/1/2019,,exurban,0.73,10664,after,TH 55,,unknown,unknown,unknown,unknown,unknown,unknown,unknown,unknown,unknown,freeway,10664_1,2016-01-01,0:00:00,24:00:00,volume,21231.0,AADT,1,77,,0:00:00,24:00:00,volume,23157.1484,AADT,Trendline
F-M-9801,MN,Dakota,road-capacity-expansion,ON TH55 FROM E JCT OF TH 149 TO TH 3 AND ON ARGENT TRAIL FROM 77TH ST. TO 70TH ST.,1/1/1999,1/1/2019,,exurban,0.73,10664,after,TH 55,,unknown,unknown,unknown,unknown,unknown,unknown,unknown,unknown,unknown,freeway,10664_2,2017-01-01,0:00:00,24:00:00,volume,21603.0,AADT,1,77,,0:00:00,24:00:00,volume,23157.1484,AADT,Trendline
F-M-9801,MN,Dakota,road-capacity-expansion,ON TH55 FROM E JCT OF TH 149 TO TH 3 AND ON ARGENT TRAIL FROM 77TH ST. TO 70TH ST.,1/1/1999,1/1/2019,,exurban,0.73,10664,after,TH 55,,unknown,unknown,unknown,unknown,unknown,unknown,unknown,unknown,unknown,freeway,10664_3,2018-01-01,0:00:00,24:00:00,volume,23800.0,AADT,1,77,,0:00:00,24:00:00,volume,23157.1484,AADT,Trendline
F-M-9801,MN,Dakota,road-capacity-expansion,ON TH55 FROM E JCT OF TH 149 TO TH 3 AND ON ARGENT TRAIL FROM 77TH ST. TO 70TH ST.,1/1/1999,1/1/2019,,exurban,0.73,10664,after,TH 55,,unknown,unknown,unknown,unknown,unknown,unknown,unknown,unknown,unknown,freeway,10664_4,2019-01-01,0:00:00,24:00:00,volume,24500.0,AADT,1,77,,0:00:00,24:00:00,volume,23157.1484,AADT,Trendline
F-M-9801,MN,Dakota,road-capacity-expansion,ON TH55 FROM E JCT OF TH 149 TO TH 3 AND ON ARGENT TRAIL FROM 77TH ST. TO 70TH ST.,1/1/1999,1/1/2019,,exurban,0.73,10664,after,TH 55,,unknown,unknown,unknown,unknown,unknown,unknown,unknown,unknown,unknown,freeway,10664_5,2020-01-01,0:00:00,24:00:00,volume,21185.0,AADT,1,77,,0:00:00,24:00:00,volume,23157.1484,AADT,Trendline
F-M-9801,MN,Dakota,road-capacity-expansion,ON TH55 FROM E JCT OF TH 149 TO TH 3 AND ON ARGENT TRAIL FROM 77TH ST. TO 70TH ST.,1/1/1999,1/1/2019,,exurban,0.73,10664,after,TH 55,,unknown,unknown,unknown,unknown,unknown,unknown,unknown,unknown,unknown,freeway,10664_6,2021-01-01,0:00:00,24:00:00,volume,23939.0,AADT,1,77,,0:00:00,24:00:00,volume,23157.1484,AADT,Trendline
F-M-9801,MN,Dakota,road-capacity-expansion,ON TH55 FROM E JCT OF TH 149 TO TH 3 AND ON ARGENT TRAIL FROM 77TH ST. TO 70TH ST.,1/1/1999,1/1/2019,,exurban,0.73,10664,after,TH 55,,unknown,unknown,unknown,unknown,unknown,unknown,unknown,unknown,unknown,freeway,10664_7,2022-01-01,0:00:00,24:00:00,volume,23436.0,AADT,1,77,,0:00:00,24:00:00,volume,23157.1484,AADT,Trendline
F-M-9801,MN,Dakota,road-capacity-expansion,ON TH55 FROM E JCT OF TH 149 TO TH 3 AND ON ARGENT TRAIL FROM 77TH ST. TO 70TH ST.,1/1/1999,1/1/2019,,exurban,0.73,10664,after,TH 55,,unknown,unknown,unknown,unknown,unknown,unknown,unknown,unknown,unknown,freeway,10664_8,2023-01-01,0:00:00,24:00:00,volume,23905.0,AADT,1,77,,0:00:00,24:00:00,volume,23157.1484,AADT,Trendline
F-M-9801,MN,Dakota,road-capacity-expansion,ON TH55 FROM E JCT OF TH 149 TO TH 3 AND ON ARGENT TRAIL FROM 77TH ST. TO 70TH ST.,1/1/1999,1/1/2019,,exurban,0.73,10664,after,TH 55,,unknown,unknown,unknown,unknown,unknown,unknown,unknown,unknown,unknown,freeway,10664_9,2024-01-01,0:00:00,24:00:00,volume,24646.0,AADT,1,77,,0:00:00,24:00:00,volume,23157.1484,AADT,Trendline
F-M-9801,MN,Dakota,road-capacity-expansion,ON TH55 FROM E JCT OF TH 149 TO TH 3 AND ON ARGENT TRAIL FROM 77TH ST. TO 70TH ST.,1/1/1999,1/1/2019,,exurban,0.73,10664,after,TH 55,,unknown,unknown,unknown,unknown,unknown,unknown,unknown,unknown,unknown,freeway,10664_10,2025-01-01,0:00:00,24:00:00,volume,23536.0,AADT,1,77,,0:00:00,24:00:00,volume,23157.1484,AADT,Trendline
F-M-9801,MN,Dakota,road-capacity-expansion,ON TH55 FROM E JCT OF TH 149 TO TH 3 AND ON ARGENT TRAIL FROM 77TH ST. TO 70TH ST.,1/1/1999,1/1/2019,,exurban,0.73,67671,after,ARGENTA,,unknown,unknown,unknown,unknown,unknown,unknown,unknown,unknown,unknown,minor collector,67671_1,2016-01-01,0:00:00,24:00:00,volume,10700.0,AADT,1,79,,0:00:00,24:00:00,volume,3463.676043,AADT,Trendline
F-M-9801,MN,Dakota,road-capacity-expansion,ON TH55 FROM E JCT OF TH 149 TO TH 3 AND ON ARGENT TRAIL FROM 77TH ST. TO 70TH ST.,1/1/1999,1/1/2019,,exurban,0.73,67671,after,ARGENTA,,unknown,unknown,unknown,unknown,unknown,unknown,unknown,unknown,unknown,minor collector,67671_2,2017-01-01,0:00:00,24:00:00,volume,10899.0,AADT,1,79,,0:00:00,24:00:00,volume,3463.676043,AADT,Trendline
F-M-9801,MN,Dakota,road-capacity-expansion,ON TH55 FROM E JCT OF TH 149 TO TH 3 AND ON ARGENT TRAIL FROM 77TH ST. TO 70TH ST.,1/1/1999,1/1/2019,,exurban,0.73,67671,after,ARGENTA,,unknown,unknown,unknown,unknown,unknown,unknown,unknown,unknown,unknown,minor collector,67671_3,2018-01-01,0:00:00,24:00:00,volume,10956.0,AADT,1,79,,0:00:00,24:00:00,volume,3463.676043,AADT,Trendline
F-M-9801,MN,Dakota,road-capacity-expansion,ON TH55 FROM E JCT OF TH 149 TO TH 3 AND ON ARGENT TRAIL FROM 77TH ST. TO 70TH ST.,1/1/1999,1/1/2019,,exurban,0.73,67671,after,ARGENTA,,unknown,unknown,unknown,unknown,unknown,unknown,unknown,unknown,unknown,minor collector,67671_4,2019-01-01,0:00:00,24:00:00,volume,10500.0,AADT,1,79,,0:00:00,24:00:00,volume,3463.676043,AADT,Trendline
F-M-9801,MN,Dakota,road-capacity-expansion,ON TH55 FROM E JCT OF TH 149 TO TH 3 AND ON ARGENT TRAIL FROM 77TH ST. TO 70TH ST.,1/1/1999,1/1/2019,,exurban,0.73,67671,after,ARGENTA,,unknown,unknown,unknown,unknown,unknown,unknown,unknown,unknown,unknown,minor collector,67671_5,2020-01-01,0:00:00,24:00:00,volume,7867.0,AADT,1,79,,0:00:00,24:00:00,volume,3463.676043,AADT,Trendline
F-M-9801,MN,Dakota,road-capacity-expansion,ON TH55 FROM E JCT OF TH 149 TO TH 3 AND ON ARGENT TRAIL FROM 77TH ST. TO 70TH ST.,1/1/1999,1/1/2019,,exurban,0.73,67671,after,ARGENTA,,unknown,unknown,unknown,unknown,unknown,unknown,unknown,unknown,unknown,minor collector,67671_6,2021-01-01,0:00:00,24:00:00,volume,8685.0,AADT,1,79,,0:00:00,24:00:00,volume,3463.676043,AADT,Trendline
F-M-9801,MN,Dakota,road-capacity-expansion,ON TH55 FROM E JCT OF TH 149 TO TH 3 AND ON ARGENT TRAIL FROM 77TH ST. TO 70TH ST.,1/1/1999,1/1/2019,,exurban,0.73,67671,after,ARGENTA,,unknown,unknown,unknown,unknown,unknown,unknown,unknown,unknown,unknown,minor collector,67671_7,2022-01-01,0:00:00,24:00:00,volume,11037.0,AADT,1,79,,0:00:00,24:00:00,volume,3463.676043,AADT,Trendline
F-M-9801,MN,Dakota,road-capacity-expansion,ON TH55 FROM E JCT OF TH 149 TO TH 3 AND ON ARGENT TRAIL FROM 77TH ST. TO 70TH ST.,1/1/1999,1/1/2019,,exurban,0.73,67671,after,ARGENTA,,unknown,unknown,unknown,unknown,unknown,unknown,unknown,unknown,unknown,minor collector,67671_8,2023-01-01,0:00:00,24:00:00,volume,9758.0,AADT,1,79,,0:00:00,24:00:00,volume,3463.676043,AADT,Trendline
F-M-9801,MN,Dakota,road-capacity-expansion,ON TH55 FROM E JCT OF TH 149 TO TH 3 AND ON ARGENT TRAIL FROM 77TH ST. TO 70TH ST.,1/1/1999,1/1/2019,,exurban,0.73,67671,after,ARGENTA,,unknown,unknown,unknown,unknown,unknown,unknown,unknown,unknown,unknown,minor collector,67671_9,2024-01-01,0:00:00,24:00:00,volume,10249.0,AADT,1,79,,0:00:00,24:00:00,volume,3463.676043,AADT,Trendline
F-M-9801,MN,Dakota,road-capacity-expansion,ON TH55 FROM E JCT OF TH 149 TO TH 3 AND ON ARGENT TRAIL FROM 77TH ST. TO 70TH ST.,1/1/1999,1/1/2019,,exurban,0.73,67671,after,ARGENTA,,unknown,unknown,unknown,unknown,unknown,unknown,unknown,unknown,unknown,minor collector,67671_10,2025-01-01,0:00:00,24:00:00,volume,10257.0,AADT,1,79,,0:00:00,24:00:00,volume,3463.676043,AADT,Trendline
F-M-9803,MN,Scott,road-capacity-expansion,FROM CREEK LANE TO TH 41,1/1/2000,1/1/2020,,rural,0.26,6788,after,TH 169,,unknown,unknown,unknown,unknown,unknown,unknown,unknown,unknown,unknown,freeway,6788_1,2016-01-01,0:00:00,24:00:00,volume,23000.0,AADT,1,122,,0:00:00,24:00:00,volume,12136.10087,AADT,Trendline
F-M-9803,MN,Scott,road-capacity-expansion,FROM CREEK LANE TO TH 41,1/1/2000,1/1/2020,,rural,0.26,6788,after,TH 169,,unknown,unknown,unknown,unknown,unknown,unknown,unknown,unknown,unknown,freeway,6788_2,2017-01-01,0:00:00,24:00:00,volume,24200.0,AADT,1,122,,0:00:00,24:00:00,volume,12136.10087,AADT,Trendline
F-M-9803,MN,Scott,road-capacity-expansion,FROM CREEK LANE TO TH 41,1/1/2000,1/1/2020,,rural,0.26,6788,after,TH 169,,unknown,unknown,unknown,unknown,unknown,unknown,unknown,unknown,unknown,freeway,6788_3,2018-01-01,0:00:00,24:00:00,volume,24294.0,AADT,1,122,,0:00:00,24:00:00,volume,12136.10087,AADT,Trendline
F-M-9803,MN,Scott,road-capacity-expansion,FROM CREEK LANE TO TH 41,1/1/2000,1/1/2020,,rural,0.26,6788,after,TH 169,,unknown,unknown,unknown,unknown,unknown,unknown,unknown,unknown,unknown,freeway,6788_4,2019-01-01,0:00:00,24:00:00,volume,24095.0,AADT,1,122,,0:00:00,24:00:00,volume,12136.10087,AADT,Trendline
F-M-9803,MN,Scott,road-capacity-expansion,FROM CREEK LANE TO TH 41,1/1/2000,1/1/2020,,rural,0.26,6788,after,TH 169,,unknown,unknown,unknown,unknown,unknown,unknown,unknown,unknown,unknown,freeway,6788_5,2020-01-01,0:00:00,24:00:00,volume,20067.0,AADT,1,122,,0:00:00,24:00:00,volume,12136.10087,AADT,Trendline
F-M-9803,MN,Scott,road-capacity-expansion,FROM CREEK LANE TO TH 41,1/1/2000,1/1/2020,,rural,0.26,6788,after,TH 169,,unknown,unknown,unknown,unknown,unknown,unknown,unknown,unknown,unknown,freeway,6788_6,2021-01-01,0:00:00,24:00:00,volume,23383.0,AADT,1,122,,0:00:00,24:00:00,volume,12136.10087,AADT,Trendline
F-M-9803,MN,Scott,road-capacity-expansion,FROM CREEK LANE TO TH 41,1/1/2000,1/1/2020,,rural,0.26,6788,after,TH 169,,unknown,unknown,unknown,unknown,unknown,unknown,unknown,unknown,unknown,freeway,6788_7,2022-01-01,0:00:00,24:00:00,volume,24829.0,AADT,1,122,,0:00:00,24:00:00,volume,12136.10087,AADT,Trendline
F-M-9803,MN,Scott,road-capacity-expansion,FROM CREEK LANE TO TH 41,1/1/2000,1/1/2020,,rural,0.26,6788,after,TH 169,,unknown,unknown,unknown,unknown,unknown,unknown,unknown,unknown,unknown,freeway,6788_8,2023-01-01,0:00:00,24:00:00,volume,25201.0,AADT,1,122,,0:00:00,24:00:00,volume,12136.10087,AADT,Trendline
F-M-9803,MN,Scott,road-capacity-expansion,FROM CREEK LANE TO TH 41,1/1/2000,1/1/2020,,rural,0.26,6788,after,TH 169,,unknown,unknown,unknown,unknown,unknown,unknown,unknown,unknown,unknown,freeway,6788_9,2024-01-01,0:00:00,24:00:00,volume,27660.0,AADT,1,122,,0:00:00,24:00:00,volume,12136.10087,AADT,Trendline
F-M-9816,MN,Hennepin,road-capacity-expansion,CONSTRUCT HOV RAMP FROM CSAH 81 TO EB I 94,1/1/2000,1/1/2020,,Unknown,0.19,73381,after,I 94,,unknown,unknown,unknown,unknown,unknown,unknown,unknown,unknown,unknown,Unknown,73381_1,2020-01-01,0:00:00,24:00:00,volume,2700.0,AADT,1,129,,0:00:00,24:00:00,volume,11539.24345,AADT,Population Growth Rates
F-M-9816,MN,Hennepin,road-capacity-expansion,CONSTRUCT HOV RAMP FROM CSAH 81 TO EB I 94,1/1/2000,1/1/2020,,Unknown,0.19,73381,after,I 94,,unknown,unknown,unknown,unknown,unknown,unknown,unknown,unknown,unknown,Unknown,73381_2,2021-01-01,0:00:00,24:00:00,volume,2994.0,AADT,1,129,,0:00:00,24:00:00,volume,11539.24345,AADT,Population Growth Rates
F-M-9816,MN,Hennepin,road-capacity-expansion,CONSTRUCT HOV RAMP FROM CSAH 81 TO EB I 94,1/1/2000,1/1/2020,,Unknown,0.19,73381,after,I 94,,unknown,unknown,unknown,unknown,unknown,unknown,unknown,unknown,unknown,Unknown,73381_3,2022-01-01,0:00:00,24:00:00,volume,3081.0,AADT,1,129,,0:00:00,24:00:00,volume,11539.24345,AADT,Population Growth Rates
F-M-9816,MN,Hennepin,road-capacity-expansion,CONSTRUCT HOV RAMP FROM CSAH 81 TO EB I 94,1/1/2000,1/1/2020,,Unknown,0.19,73381,after,I 94,,unknown,unknown,unknown,unknown,unknown,unknown,unknown,unknown,unknown,Unknown,73381_4,2023-01-01,0:00:00,24:00:00,volume,3649.0,AADT,1,129,,0:00:00,24:00:00,volume,11539.24345,AADT,Population Growth Rates
F-M-9816,MN,Hennepin,road-capacity-expansion,CONSTRUCT HOV RAMP FROM CSAH 81 TO EB I 94,1/1/2000,1/1/2020,,Unknown,0.19,73381,after,I 94,,unknown,unknown,unknown,unknown,unknown,unknown,unknown,unknown,unknown,Unknown,73381_5,2024-01-01,0:00:00,24:00:00,volume,3602.0,AADT,1,129,,0:00:00,24:00:00,volume,11539.24345,AADT,Population Growth Rates
F-M-9816,MN,Hennepin,road-capacity-expansion,CONSTRUCT HOV RAMP FROM CSAH 81 TO EB I 94,1/1/2000,1/1/2020,,Unknown,0.19,73381,after,I 94,,unknown,unknown,unknown,unknown,unknown,unknown,unknown,unknown,unknown,Unknown,73381_6,2025-01-01,0:00:00,24:00:00,volume,3586.0,AADT,1,129,,0:00:00,24:00:00,volume,11539.24345,AADT,Population Growth Rates
F-M-9821,MN,Anoka,new-roadway,Approaches and Ramps at 95th Ave NE,1/1/2000,1/1/2020,,exurban,1.66,73403,after,I-35W,,unknown,unknown,unknown,unknown,unknown,unknown,unknown,unknown,unknown,minor arterial,73403_1,2020-01-01,0:00:00,24:00:00,volume,5800.0,AADT,1,8,,0:00:00,24:00:00,volume,11154.33577,AADT,Trendline
F-M-9821,MN,Anoka,new-roadway,Approaches and Ramps at 95th Ave NE,1/1/2000,1/1/2020,,exurban,1.66,73403,after,I-35W,,unknown,unknown,unknown,unknown,unknown,unknown,unknown,unknown,unknown,minor arterial,73403_2,2021-01-01,0:00:00,24:00:00,volume,6919.0,AADT,1,8,,0:00:00,24:00:00,volume,11154.33577,AADT,Trendline
F-M-9821,MN,Anoka,new-roadway,Approaches and Ramps at 95th Ave NE,1/1/2000,1/1/2020,,exurban,1.66,73403,after,I-35W,,unknown,unknown,unknown,unknown,unknown,unknown,unknown,unknown,unknown,minor arterial,73403_3,2022-01-01,0:00:00,24:00:00,volume,7548.0,AADT,1,8,,0:00:00,24:00:00,volume,11154.33577,AADT,Trendline
F-M-9821,MN,Anoka,new-roadway,Approaches and Ramps at 95th Ave NE,1/1/2000,1/1/2020,,exurban,1.66,73403,after,I-35W,,unknown,unknown,unknown,unknown,unknown,unknown,unknown,unknown,unknown,minor arterial,73403_4,2023-01-01,0:00:00,24:00:00,volume,7665.0,AADT,1,8,,0:00:00,24:00:00,volume,11154.33577,AADT,Trendline
F-M-9821,MN,Anoka,new-roadway,Approaches and Ramps at 95th Ave NE,1/1/2000,1/1/2020,,exurban,1.66,73403,after,I-35W,,unknown,unknown,unknown,unknown,unknown,unknown,unknown,unknown,unknown,minor arterial,73403_5,2024-01-01,0:00:00,24:00:00,volume,7877.0,AADT,1,8,,0:00:00,24:00:00,volume,11154.33577,AADT,Trendline
F-M-9821,MN,Anoka,new-roadway,Approaches and Ramps at 95th Ave NE,1/1/2000,1/1/2020,,exurban,1.66,73403,after,I-35W,,unknown,unknown,unknown,unknown,unknown,unknown,unknown,unknown,unknown,minor arterial,73403_6,2025-01-01,0:00:00,24:00:00,volume,7930.0,AADT,1,8,,0:00:00,24:00:00,volume,11154.33577,AADT,Trendline
F-M-9821,MN,Anoka,new-roadway,Approaches and Ramps at 95th Ave NE,1/1/2000,1/1/2020,,exurban,1.66,73404,after,I-35W,,unknown,unknown,unknown,unknown,unknown,unknown,unknown,unknown,unknown,ramp,73404_1,2020-01-01,0:00:00,24:00:00,volume,1600.0,AADT,1,9,,0:00:00,24:00:00,volume,2748.479666,AADT,Trendline
F-M-9821,MN,Anoka,new-roadway,Approaches and Ramps at 95th Ave NE,1/1/2000,1/1/2020,,exurban,1.66,73404,after,I-35W,,unknown,unknown,unknown,unknown,unknown,unknown,unknown,unknown,unknown,ramp,73404_2,2021-01-01,0:00:00,24:00:00,volume,1881.0,AADT,1,9,,0:00:00,24:00:00,volume,2748.479666,AADT,Trendline
F-M-9821,MN,Anoka,new-roadway,Approaches and Ramps at 95th Ave NE,1/1/2000,1/1/2020,,exurban,1.66,73404,after,I-35W,,unknown,unknown,unknown,unknown,unknown,unknown,unknown,unknown,unknown,ramp,73404_3,2022-01-01,0:00:00,24:00:00,volume,1845.0,AADT,1,9,,0:00:00,24:00:00,volume,2748.479666,AADT,Trendline
F-M-9821,MN,Anoka,new-roadway,Approaches and Ramps at 95th Ave NE,1/1/2000,1/1/2020,,exurban,1.66,73404,after,I-35W,,unknown,unknown,unknown,unknown,unknown,unknown,unknown,unknown,unknown,ramp,73404_4,2023-01-01,0:00:00,24:00:00,volume,1909.0,AADT,1,9,,0:00:00,24:00:00,volume,2748.479666,AADT,Trendline
F-M-9821,MN,Anoka,new-roadway,Approaches and Ramps at 95th Ave NE,1/1/2000,1/1/2020,,exurban,1.66,73404,after,I-35W,,unknown,unknown,unknown,unknown,unknown,unknown,unknown,unknown,unknown,ramp,73404_5,2024-01-01,0:00:00,24:00:00,volume,2016.0,AADT,1,9,,0:00:00,24:00:00,volume,2748.479666,AADT,Trendline
F-M-9821,MN,Anoka,new-roadway,Approaches and Ramps at 95th Ave NE,1/1/2000,1/1/2020,,exurban,1.66,73404,after,I-35W,,unknown,unknown,unknown,unknown,unknown,unknown,unknown,unknown,unknown,ramp,73404_6,2025-01-01,0:00:00,24:00:00,volume,2026.0,AADT,1,9,,0:00:00,24:00:00,volume,2748.479666,AADT,Trendline
F-M-9821,MN,Anoka,new-roadway,Approaches and Ramps at 95th Ave NE,1/1/2000,1/1/2020,,exurban,1.66,73406,after,I-35W,,unknown,unknown,unknown,unknown,unknown,unknown,unknown,unknown,unknown,ramp,73406_1,2020-01-01,0:00:00,24:00:00,volume,1900.0,AADT,1,10,,0:00:00,24:00:00,volume,3022.647076,AADT,Trendline
F-M-9821,MN,Anoka,new-roadway,Approaches and Ramps at 95th Ave NE,1/1/2000,1/1/2020,,exurban,1.66,73406,after,I-35W,,unknown,unknown,unknown,unknown,unknown,unknown,unknown,unknown,unknown,ramp,73406_2,2021-01-01,0:00:00,24:00:00,volume,2107.0,AADT,1,10,,0:00:00,24:00:00,volume,3022.647076,AADT,Trendline
F-M-9821,MN,Anoka,new-roadway,Approaches and Ramps at 95th Ave NE,1/1/2000,1/1/2020,,exurban,1.66,73406,after,I-35W,,unknown,unknown,unknown,unknown,unknown,unknown,unknown,unknown,unknown,ramp,73406_3,2022-01-01,0:00:00,24:00:00,volume,2168.0,AADT,1,10,,0:00:00,24:00:00,volume,3022.647076,AADT,Trendline
F-M-9821,MN,Anoka,new-roadway,Approaches and Ramps at 95th Ave NE,1/1/2000,1/1/2020,,exurban,1.66,73406,after,I-35W,,unknown,unknown,unknown,unknown,unknown,unknown,unknown,unknown,unknown,ramp,73406_4,2023-01-01,0:00:00,24:00:00,volume,2207.0,AADT,1,10,,0:00:00,24:00:00,volume,3022.647076,AADT,Trendline
F-M-9821,MN,Anoka,new-roadway,Approaches and Ramps at 95th Ave NE,1/1/2000,1/1/2020,,exurban,1.66,73406,after,I-35W,,unknown,unknown,unknown,unknown,unknown,unknown,unknown,unknown,unknown,ramp,73406_5,2024-01-01,0:00:00,24:00:00,volume,2245.0,AADT,1,10,,0:00:00,24:00:00,volume,3022.647076,AADT,Trendline
F-M-9821,MN,Anoka,new-roadway,Approaches and Ramps at 95th Ave NE,1/1/2000,1/1/2020,,exurban,1.66,73406,after,I-35W,,unknown,unknown,unknown,unknown,unknown,unknown,unknown,unknown,unknown,ramp,73406_6,2025-01-01,0:00:00,24:00:00,volume,2276.0,AADT,1,10,,0:00:00,24:00:00,volume,3022.647076,AADT,Trendline
F-M-9821,MN,Anoka,new-roadway,Approaches and Ramps at 95th Ave NE,1/1/2000,1/1/2020,,exurban,1.66,73407,after,I-35W,,unknown,unknown,unknown,unknown,unknown,unknown,unknown,unknown,unknown,ramp,73407_1,2020-01-01,0:00:00,24:00:00,volume,4900.0,AADT,1,11,,0:00:00,24:00:00,volume,8729.606977,AADT,Trendline
F-M-9821,MN,Anoka,new-roadway,Approaches and Ramps at 95th Ave NE,1/1/2000,1/1/2020,,exurban,1.66,73407,after,I-35W,,unknown,unknown,unknown,unknown,unknown,unknown,unknown,unknown,unknown,ramp,73407_2,2021-01-01,0:00:00,24:00:00,volume,5434.0,AADT,1,11,,0:00:00,24:00:00,volume,8729.606977,AADT,Trendline
F-M-9821,MN,Anoka,new-roadway,Approaches and Ramps at 95th Ave NE,1/1/2000,1/1/2020,,exurban,1.66,73407,after,I-35W,,unknown,unknown,unknown,unknown,unknown,unknown,unknown,unknown,unknown,ramp,73407_3,2022-01-01,0:00:00,24:00:00,volume,5592.0,AADT,1,11,,0:00:00,24:00:00,volume,8729.606977,AADT,Trendline
F-M-9821,MN,Anoka,new-roadway,Approaches and Ramps at 95th Ave NE,1/1/2000,1/1/2020,,exurban,1.66,73407,after,I-35W,,unknown,unknown,unknown,unknown,unknown,unknown,unknown,unknown,unknown,ramp,73407_4,2023-01-01,0:00:00,24:00:00,volume,5692.0,AADT,1,11,,0:00:00,24:00:00,volume,8729.606977,AADT,Trendline
F-M-9821,MN,Anoka,new-roadway,Approaches and Ramps at 95th Ave NE,1/1/2000,1/1/2020,,exurban,1.66,73407,after,I-35W,,unknown,unknown,unknown,unknown,unknown,unknown,unknown,unknown,unknown,ramp,73407_5,2024-01-01,0:00:00,24:00:00,volume,5789.0,AADT,1,11,,0:00:00,24:00:00,volume,8729.606977,AADT,Trendline
F-M-9821,MN,Anoka,new-roadway,Approaches and Ramps at 95th Ave NE,1/1/2000,1/1/2020,,exurban,1.66,73407,after,I-35W,,unknown,unknown,unknown,unknown,unknown,unknown,unknown,unknown,unknown,ramp,73407_6,2025-01-01,0:00:00,24:00:00,volume,5870.0,AADT,1,11,,0:00:00,24:00:00,volume,8729.606977,AADT,Trendline
F-M-9825,MN,Hennepin,road-capacity-expansion,HOV RAMP FROM VALLEY VIEW ROAD TO NB I 494,1/1/2000,1/1/2020,,urban,0.523,71974,after,I-494,,unknown,unknown,unknown,unknown,unknown,unknown,unknown,unknown,unknown,ramp,71974_1,2019-01-01,0:00:00,24:00:00,volume,6000.0,AADT,1,115,,0:00:00,24:00:00,volume,10743.43356,AADT,Unknown
F-M-9825,MN,Hennepin,road-capacity-expansion,HOV RAMP FROM VALLEY VIEW ROAD TO NB I 494,1/1/2000,1/1/2020,,urban,0.523,71974,after,I-494,,unknown,unknown,unknown,unknown,unknown,unknown,unknown,unknown,unknown,ramp,71974_2,2020-01-01,0:00:00,24:00:00,volume,4650.0,AADT,1,115,,0:00:00,24:00:00,volume,10743.43356,AADT,Unknown
F-M-9825,MN,Hennepin,road-capacity-expansion,HOV RAMP FROM VALLEY VIEW ROAD TO NB I 494,1/1/2000,1/1/2020,,urban,0.523,71974,after,I-494,,unknown,unknown,unknown,unknown,unknown,unknown,unknown,unknown,unknown,ramp,71974_3,2021-01-01,0:00:00,24:00:00,volume,5155.0,AADT,1,115,,0:00:00,24:00:00,volume,10743.43356,AADT,Unknown
F-M-9825,MN,Hennepin,road-capacity-expansion,HOV RAMP FROM VALLEY VIEW ROAD TO NB I 494,1/1/2000,1/1/2020,,urban,0.523,71974,after,I-494,,unknown,unknown,unknown,unknown,unknown,unknown,unknown,unknown,unknown,ramp,71974_4,2022-01-01,0:00:00,24:00:00,volume,5443.0,AADT,1,115,,0:00:00,24:00:00,volume,10743.43356,AADT,Unknown
F-M-9825,MN,Hennepin,road-capacity-expansion,HOV RAMP FROM VALLEY VIEW ROAD TO NB I 494,1/1/2000,1/1/2020,,urban,0.523,71974,after,I-494,,unknown,unknown,unknown,unknown,unknown,unknown,unknown,unknown,unknown,ramp,71974_5,2023-01-01,0:00:00,24:00:00,volume,5545.0,AADT,1,115,,0:00:00,24:00:00,volume,10743.43356,AADT,Unknown
F-M-9825,MN,Hennepin,road-capacity-expansion,HOV RAMP FROM VALLEY VIEW ROAD TO NB I 494,1/1/2000,1/1/2020,,urban,0.523,71974,after,I-494,,unknown,unknown,unknown,unknown,unknown,unknown,unknown,unknown,unknown,ramp,71974_6,2024-01-01,0:00:00,24:00:00,volume,5766.0,AADT,1,115,,0:00:00,24:00:00,volume,10743.43356,AADT,Unknown
F-M-9825,MN,Hennepin,road-capacity-expansion,HOV RAMP FROM VALLEY VIEW ROAD TO NB I 494,1/1/2000,1/1/2020,,urban,0.523,71974,after,I-494,,unknown,unknown,unknown,unknown,unknown,unknown,unknown,unknown,unknown,ramp,71974_7,2025-01-01,0:00:00,24:00:00,volume,5851.0,AADT,1,115,,0:00:00,24:00:00,volume,10743.43356,AADT,Unknown
F-M-9903,MN,Ramsey,road-capacity-expansion,FROM THE WEST TO THE EAST JCT OF I 35 E/I 694 AND ALL ASSOCIATED RAMPS AND LEGS,1/1/2000,1/1/2020,,exurban,4.41,11275,after,I 35E NB,,unknown,unknown,unknown,unknown,unknown,unknown,unknown,unknown,unknown,freeway,11275_1,2016-01-01,0:00:00,24:00:00,volume,112000.0,AADT,1,30,,0:00:00,24:00:00,volume,31961.89212,AADT,Travel Model
F-M-9903,MN,Ramsey,road-capacity-expansion,FROM THE WEST TO THE EAST JCT OF I 35 E/I 694 AND ALL ASSOCIATED RAMPS AND LEGS,1/1/2000,1/1/2020,,exurban,4.41,11275,after,I 35E NB,,unknown,unknown,unknown,unknown,unknown,unknown,unknown,unknown,unknown,freeway,11275_2,2017-01-01,0:00:00,24:00:00,volume,125000.0,AADT,1,30,,0:00:00,24:00:00,volume,31961.89212,AADT,Travel Model
F-M-9903,MN,Ramsey,road-capacity-expansion,FROM THE WEST TO THE EAST JCT OF I 35 E/I 694 AND ALL ASSOCIATED RAMPS AND LEGS,1/1/2000,1/1/2020,,exurban,4.41,11275,after,I 35E NB,,unknown,unknown,unknown,unknown,unknown,unknown,unknown,unknown,unknown,freeway,11275_3,2018-01-01,0:00:00,24:00:00,volume,137000.0,AADT,1,30,,0:00:00,24:00:00,volume,31961.89212,AADT,Travel Model
F-M-9903,MN,Ramsey,road-capacity-expansion,FROM THE WEST TO THE EAST JCT OF I 35 E/I 694 AND ALL ASSOCIATED RAMPS AND LEGS,1/1/2000,1/1/2020,,exurban,4.41,11275,after,I 35E NB,,unknown,unknown,unknown,unknown,unknown,unknown,unknown,unknown,unknown,freeway,11275_4,2019-01-01,0:00:00,24:00:00,volume,139000.0,AADT,1,30,,0:00:00,24:00:00,volume,31961.89212,AADT,Travel Model
F-M-9903,MN,Ramsey,road-capacity-expansion,FROM THE WEST TO THE EAST JCT OF I 35 E/I 694 AND ALL ASSOCIATED RAMPS AND LEGS,1/1/2000,1/1/2020,,exurban,4.41,11275,after,I 35E NB,,unknown,unknown,unknown,unknown,unknown,unknown,unknown,unknown,unknown,freeway,11275_5,2020-01-01,0:00:00,24:00:00,volume,115000.0,AADT,1,30,,0:00:00,24:00:00,volume,31961.89212,AADT,Travel Model
F-M-9903,MN,Ramsey,road-capacity-expansion,FROM THE WEST TO THE EAST JCT OF I 35 E/I 694 AND ALL ASSOCIATED RAMPS AND LEGS,1/1/2000,1/1/2020,,exurban,4.41,11275,after,I 35E NB,,unknown,unknown,unknown,unknown,unknown,unknown,unknown,unknown,unknown,freeway,11275_6,2021-01-01,0:00:00,24:00:00,volume,122157.0,AADT,1,30,,0:00:00,24:00:00,volume,31961.89212,AADT,Travel Model
F-M-9903,MN,Ramsey,road-capacity-expansion,FROM THE WEST TO THE EAST JCT OF I 35 E/I 694 AND ALL ASSOCIATED RAMPS AND LEGS,1/1/2000,1/1/2020,,exurban,4.41,11275,after,I 35E NB,,unknown,unknown,unknown,unknown,unknown,unknown,unknown,unknown,unknown,freeway,11275_7,2022-01-01,0:00:00,24:00:00,volume,125705.0,AADT,1,30,,0:00:00,24:00:00,volume,31961.89212,AADT,Travel Model
F-M-9903,MN,Ramsey,road-capacity-expansion,FROM THE WEST TO THE EAST JCT OF I 35 E/I 694 AND ALL ASSOCIATED RAMPS AND LEGS,1/1/2000,1/1/2020,,exurban,4.41,11275,after,I 35E NB,,unknown,unknown,unknown,unknown,unknown,unknown,unknown,unknown,unknown,freeway,11275_8,2023-01-01,0:00:00,24:00:00,volume,132844.0,AADT,1,30,,0:00:00,24:00:00,volume,31961.89212,AADT,Travel Model
F-M-9903,MN,Ramsey,road-capacity-expansion,FROM THE WEST TO THE EAST JCT OF I 35 E/I 694 AND ALL ASSOCIATED RAMPS AND LEGS,1/1/2000,1/1/2020,,exurban,4.41,11275,after,I 35E NB,,unknown,unknown,unknown,unknown,unknown,unknown,unknown,unknown,unknown,freeway,11275_9,2024-01-01,0:00:00,24:00:00,volume,140123.0,AADT,1,30,,0:00:00,24:00:00,volume,31961.89212,AADT,Travel Model
F-M-9903,MN,Ramsey,road-capacity-expansion,FROM THE WEST TO THE EAST JCT OF I 35 E/I 694 AND ALL ASSOCIATED RAMPS AND LEGS,1/1/2000,1/1/2020,,exurban,4.41,11275,after,I 35E NB,,unknown,unknown,unknown,unknown,unknown,unknown,unknown,unknown,unknown,freeway,11275_10,2025-01-01,0:00:00,24:00:00,volume,142343.0,AADT,1,30,,0:00:00,24:00:00,volume,31961.89212,AADT,Travel Model
F-M-9903,MN,Ramsey,road-capacity-expansion,FROM THE WEST TO THE EAST JCT OF I 35 E/I 694 AND ALL ASSOCIATED RAMPS AND LEGS,1/1/2000,1/1/2020,,exurban,4.41,11276,after,I 35E/I 694,,unknown,unknown,unknown,unknown,unknown,unknown,unknown,unknown,unknown,freeway,11276_1,2016-01-01,0:00:00,24:00:00,volume,107000.0,AADT,1,29,,0:00:00,24:00:00,volume,149333.7378,AADT,Travel Model
F-M-9903,MN,Ramsey,road-capacity-expansion,FROM THE WEST TO THE EAST JCT OF I 35 E/I 694 AND ALL ASSOCIATED RAMPS AND LEGS,1/1/2000,1/1/2020,,exurban,4.41,11276,after,I 35E/I 694,,unknown,unknown,unknown,unknown,unknown,unknown,unknown,unknown,unknown,freeway,11276_2,2017-01-01,0:00:00,24:00:00,volume,120000.0,AADT,1,29,,0:00:00,24:00:00,volume,149333.7378,AADT,Travel Model
F-M-9903,MN,Ramsey,road-capacity-expansion,FROM THE WEST TO THE EAST JCT OF I 35 E/I 694 AND ALL ASSOCIATED RAMPS AND LEGS,1/1/2000,1/1/2020,,exurban,4.41,11276,after,I 35E/I 694,,unknown,unknown,unknown,unknown,unknown,unknown,unknown,unknown,unknown,freeway,11276_3,2018-01-01,0:00:00,24:00:00,volume,132000.0,AADT,1,29,,0:00:00,24:00:00,volume,149333.7378,AADT,Travel Model
F-M-9903,MN,Ramsey,road-capacity-expansion,FROM THE WEST TO THE EAST JCT OF I 35 E/I 694 AND ALL ASSOCIATED RAMPS AND LEGS,1/1/2000,1/1/2020,,exurban,4.41,11276,after,I 35E/I 694,,unknown,unknown,unknown,unknown,unknown,unknown,unknown,unknown,unknown,freeway,11276_4,2019-01-01,0:00:00,24:00:00,volume,135000.0,AADT,1,29,,0:00:00,24:00:00,volume,149333.7378,AADT,Travel Model
F-M-9903,MN,Ramsey,road-capacity-expansion,FROM THE WEST TO THE EAST JCT OF I 35 E/I 694 AND ALL ASSOCIATED RAMPS AND LEGS,1/1/2000,1/1/2020,,exurban,4.41,11276,after,I 35E/I 694,,unknown,unknown,unknown,unknown,unknown,unknown,unknown,unknown,unknown,freeway,11276_5,2020-01-01,0:00:00,24:00:00,volume,110000.0,AADT,1,29,,0:00:00,24:00:00,volume,149333.7378,AADT,Travel Model
F-M-9903,MN,Ramsey,road-capacity-expansion,FROM THE WEST TO THE EAST JCT OF I 35 E/I 694 AND ALL ASSOCIATED RAMPS AND LEGS,1/1/2000,1/1/2020,,exurban,4.41,11276,after,I 35E/I 694,,unknown,unknown,unknown,unknown,unknown,unknown,unknown,unknown,unknown,freeway,11276_6,2021-01-01,0:00:00,24:00:00,volume,122413.0,AADT,1,29,,0:00:00,24:00:00,volume,149333.7378,AADT,Travel Model
F-M-9903,MN,Ramsey,road-capacity-expansion,FROM THE WEST TO THE EAST JCT OF I 35 E/I 694 AND ALL ASSOCIATED RAMPS AND LEGS,1/1/2000,1/1/2020,,exurban,4.41,11276,after,I 35E/I 694,,unknown,unknown,unknown,unknown,unknown,unknown,unknown,unknown,unknown,freeway,11276_7,2022-01-01,0:00:00,24:00:00,volume,121025.0,AADT,1,29,,0:00:00,24:00:00,volume,149333.7378,AADT,Travel Model
F-M-9903,MN,Ramsey,road-capacity-expansion,FROM THE WEST TO THE EAST JCT OF I 35 E/I 694 AND ALL ASSOCIATED RAMPS AND LEGS,1/1/2000,1/1/2020,,exurban,4.41,11276,after,I 35E/I 694,,unknown,unknown,unknown,unknown,unknown,unknown,unknown,unknown,unknown,freeway,11276_8,2023-01-01,0:00:00,24:00:00,volume,127854.0,AADT,1,29,,0:00:00,24:00:00,volume,149333.7378,AADT,Travel Model
F-M-9903,MN,Ramsey,road-capacity-expansion,FROM THE WEST TO THE EAST JCT OF I 35 E/I 694 AND ALL ASSOCIATED RAMPS AND LEGS,1/1/2000,1/1/2020,,exurban,4.41,11276,after,I 35E/I 694,,unknown,unknown,unknown,unknown,unknown,unknown,unknown,unknown,unknown,freeway,11276_9,2024-01-01,0:00:00,24:00:00,volume,134864.0,AADT,1,29,,0:00:00,24:00:00,volume,149333.7378,AADT,Travel Model
F-M-9903,MN,Ramsey,road-capacity-expansion,FROM THE WEST TO THE EAST JCT OF I 35 E/I 694 AND ALL ASSOCIATED RAMPS AND LEGS,1/1/2000,1/1/2020,,exurban,4.41,11276,after,I 35E/I 694,,unknown,unknown,unknown,unknown,unknown,unknown,unknown,unknown,unknown,freeway,11276_10,2025-01-01,0:00:00,24:00:00,volume,136117.0,AADT,1,29,,0:00:00,24:00:00,volume,149333.7378,AADT,Travel Model
F-M-9903,MN,Ramsey,road-capacity-expansion,FROM THE WEST TO THE EAST JCT OF I 35 E/I 694 AND ALL ASSOCIATED RAMPS AND LEGS,1/1/2000,1/1/2020,,exurban,4.41,11739,after,I-35E SB,,unknown,unknown,unknown,unknown,unknown,unknown,unknown,unknown,unknown,freeway,11739_1,2016-01-01,0:00:00,24:00:00,volume,122000.0,AADT,1,27,,0:00:00,24:00:00,volume,35534.81847,AADT,Travel Model
F-M-9903,MN,Ramsey,road-capacity-expansion,FROM THE WEST TO THE EAST JCT OF I 35 E/I 694 AND ALL ASSOCIATED RAMPS AND LEGS,1/1/2000,1/1/2020,,exurban,4.41,11739,after,I-35E SB,,unknown,unknown,unknown,unknown,unknown,unknown,unknown,unknown,unknown,freeway,11739_2,2017-01-01,0:00:00,24:00:00,volume,129000.0,AADT,1,27,,0:00:00,24:00:00,volume,35534.81847,AADT,Travel Model
F-M-9903,MN,Ramsey,road-capacity-expansion,FROM THE WEST TO THE EAST JCT OF I 35 E/I 694 AND ALL ASSOCIATED RAMPS AND LEGS,1/1/2000,1/1/2020,,exurban,4.41,11739,after,I-35E SB,,unknown,unknown,unknown,unknown,unknown,unknown,unknown,unknown,unknown,freeway,11739_3,2018-01-01,0:00:00,24:00:00,volume,134000.0,AADT,1,27,,0:00:00,24:00:00,volume,35534.81847,AADT,Travel Model
F-M-9903,MN,Ramsey,road-capacity-expansion,FROM THE WEST TO THE EAST JCT OF I 35 E/I 694 AND ALL ASSOCIATED RAMPS AND LEGS,1/1/2000,1/1/2020,,exurban,4.41,11739,after,I-35E SB,,unknown,unknown,unknown,unknown,unknown,unknown,unknown,unknown,unknown,freeway,11739_4,2019-01-01,0:00:00,24:00:00,volume,135000.0,AADT,1,27,,0:00:00,24:00:00,volume,35534.81847,AADT,Travel Model
F-M-9903,MN,Ramsey,road-capacity-expansion,FROM THE WEST TO THE EAST JCT OF I 35 E/I 694 AND ALL ASSOCIATED RAMPS AND LEGS,1/1/2000,1/1/2020,,exurban,4.41,11739,after,I-35E SB,,unknown,unknown,unknown,unknown,unknown,unknown,unknown,unknown,unknown,freeway,11739_5,2020-01-01,0:00:00,24:00:00,volume,112000.0,AADT,1,27,,0:00:00,24:00:00,volume,35534.81847,AADT,Travel Model
F-M-9903,MN,Ramsey,road-capacity-expansion,FROM THE WEST TO THE EAST JCT OF I 35 E/I 694 AND ALL ASSOCIATED RAMPS AND LEGS,1/1/2000,1/1/2020,,exurban,4.41,11739,after,I-35E SB,,unknown,unknown,unknown,unknown,unknown,unknown,unknown,unknown,unknown,freeway,11739_6,2021-01-01,0:00:00,24:00:00,volume,125922.0,AADT,1,27,,0:00:00,24:00:00,volume,35534.81847,AADT,Travel Model
F-M-9903,MN,Ramsey,road-capacity-expansion,FROM THE WEST TO THE EAST JCT OF I 35 E/I 694 AND ALL ASSOCIATED RAMPS AND LEGS,1/1/2000,1/1/2020,,exurban,4.41,11739,after,I-35E SB,,unknown,unknown,unknown,unknown,unknown,unknown,unknown,unknown,unknown,freeway,11739_7,2022-01-01,0:00:00,24:00:00,volume,129776.0,AADT,1,27,,0:00:00,24:00:00,volume,35534.81847,AADT,Travel Model
F-M-9903,MN,Ramsey,road-capacity-expansion,FROM THE WEST TO THE EAST JCT OF I 35 E/I 694 AND ALL ASSOCIATED RAMPS AND LEGS,1/1/2000,1/1/2020,,exurban,4.41,11739,after,I-35E SB,,unknown,unknown,unknown,unknown,unknown,unknown,unknown,unknown,unknown,freeway,11739_8,2023-01-01,0:00:00,24:00:00,volume,131575.0,AADT,1,27,,0:00:00,24:00:00,volume,35534.81847,AADT,Travel Model
F-M-9903,MN,Ramsey,road-capacity-expansion,FROM THE WEST TO THE EAST JCT OF I 35 E/I 694 AND ALL ASSOCIATED RAMPS AND LEGS,1/1/2000,1/1/2020,,exurban,4.41,11739,after,I-35E SB,,unknown,unknown,unknown,unknown,unknown,unknown,unknown,unknown,unknown,freeway,11739_9,2024-01-01,0:00:00,24:00:00,volume,135178.0,AADT,1,27,,0:00:00,24:00:00,volume,35534.81847,AADT,Travel Model
F-M-9903,MN,Ramsey,road-capacity-expansion,FROM THE WEST TO THE EAST JCT OF I 35 E/I 694 AND ALL ASSOCIATED RAMPS AND LEGS,1/1/2000,1/1/2020,,exurban,4.41,11739,after,I-35E SB,,unknown,unknown,unknown,unknown,unknown,unknown,unknown,unknown,unknown,freeway,11739_10,2025-01-01,0:00:00,24:00:00,volume,131289.0,AADT,1,27,,0:00:00,24:00:00,volume,35534.81847,AADT,Travel Model
F-M-9903,MN,Ramsey,road-capacity-expansion,FROM THE WEST TO THE EAST JCT OF I 35 E/I 694 AND ALL ASSOCIATED RAMPS AND LEGS,1/1/2000,1/1/2020,,exurban,4.41,11740,after,I-35E SB,,unknown,unknown,unknown,unknown,unknown,unknown,unknown,unknown,unknown,Unknown,11740_1,2016-01-01,0:00:00,24:00:00,volume,74000.0,AADT,1,26,,0:00:00,24:00:00,volume,18958.38468,AADT,Travel Model
F-M-9903,MN,Ramsey,road-capacity-expansion,FROM THE WEST TO THE EAST JCT OF I 35 E/I 694 AND ALL ASSOCIATED RAMPS AND LEGS,1/1/2000,1/1/2020,,exurban,4.41,11740,after,I-35E SB,,unknown,unknown,unknown,unknown,unknown,unknown,unknown,unknown,unknown,Unknown,11740_2,2017-01-01,0:00:00,24:00:00,volume,85000.0,AADT,1,26,,0:00:00,24:00:00,volume,18958.38468,AADT,Travel Model
F-M-9903,MN,Ramsey,road-capacity-expansion,FROM THE WEST TO THE EAST JCT OF I 35 E/I 694 AND ALL ASSOCIATED RAMPS AND LEGS,1/1/2000,1/1/2020,,exurban,4.41,11740,after,I-35E SB,,unknown,unknown,unknown,unknown,unknown,unknown,unknown,unknown,unknown,Unknown,11740_3,2018-01-01,0:00:00,24:00:00,volume,83000.0,AADT,1,26,,0:00:00,24:00:00,volume,18958.38468,AADT,Travel Model
F-M-9903,MN,Ramsey,road-capacity-expansion,FROM THE WEST TO THE EAST JCT OF I 35 E/I 694 AND ALL ASSOCIATED RAMPS AND LEGS,1/1/2000,1/1/2020,,exurban,4.41,11740,after,I-35E SB,,unknown,unknown,unknown,unknown,unknown,unknown,unknown,unknown,unknown,Unknown,11740_4,2019-01-01,0:00:00,24:00:00,volume,90000.0,AADT,1,26,,0:00:00,24:00:00,volume,18958.38468,AADT,Travel Model
F-M-9903,MN,Ramsey,road-capacity-expansion,FROM THE WEST TO THE EAST JCT OF I 35 E/I 694 AND ALL ASSOCIATED RAMPS AND LEGS,1/1/2000,1/1/2020,,exurban,4.41,11740,after,I-35E SB,,unknown,unknown,unknown,unknown,unknown,unknown,unknown,unknown,unknown,Unknown,11740_5,2020-01-01,0:00:00,24:00:00,volume,73000.0,AADT,1,26,,0:00:00,24:00:00,volume,18958.38468,AADT,Travel Model
F-M-9903,MN,Ramsey,road-capacity-expansion,FROM THE WEST TO THE EAST JCT OF I 35 E/I 694 AND ALL ASSOCIATED RAMPS AND LEGS,1/1/2000,1/1/2020,,exurban,4.41,11740,after,I-35E SB,,unknown,unknown,unknown,unknown,unknown,unknown,unknown,unknown,unknown,Unknown,11740_6,2021-01-01,0:00:00,24:00:00,volume,81629.0,AADT,1,26,,0:00:00,24:00:00,volume,18958.38468,AADT,Travel Model
F-M-9903,MN,Ramsey,road-capacity-expansion,FROM THE WEST TO THE EAST JCT OF I 35 E/I 694 AND ALL ASSOCIATED RAMPS AND LEGS,1/1/2000,1/1/2020,,exurban,4.41,11740,after,I-35E SB,,unknown,unknown,unknown,unknown,unknown,unknown,unknown,unknown,unknown,Unknown,11740_7,2022-01-01,0:00:00,24:00:00,volume,80880.0,AADT,1,26,,0:00:00,24:00:00,volume,18958.38468,AADT,Travel Model
F-M-9903,MN,Ramsey,road-capacity-expansion,FROM THE WEST TO THE EAST JCT OF I 35 E/I 694 AND ALL ASSOCIATED RAMPS AND LEGS,1/1/2000,1/1/2020,,exurban,4.41,11740,after,I-35E SB,,unknown,unknown,unknown,unknown,unknown,unknown,unknown,unknown,unknown,Unknown,11740_8,2023-01-01,0:00:00,24:00:00,volume,84192.0,AADT,1,26,,0:00:00,24:00:00,volume,18958.38468,AADT,Travel Model
F-M-9903,MN,Ramsey,road-capacity-expansion,FROM THE WEST TO THE EAST JCT OF I 35 E/I 694 AND ALL ASSOCIATED RAMPS AND LEGS,1/1/2000,1/1/2020,,exurban,4.41,11740,after,I-35E SB,,unknown,unknown,unknown,unknown,unknown,unknown,unknown,unknown,unknown,Unknown,11740_9,2024-01-01,0:00:00,24:00:00,volume,88112.0,AADT,1,26,,0:00:00,24:00:00,volume,18958.38468,AADT,Travel Model
F-M-9903,MN,Ramsey,road-capacity-expansion,FROM THE WEST TO THE EAST JCT OF I 35 E/I 694 AND ALL ASSOCIATED RAMPS AND LEGS,1/1/2000,1/1/2020,,exurban,4.41,11740,after,I-35E SB,,unknown,unknown,unknown,unknown,unknown,unknown,unknown,unknown,unknown,Unknown,11740_10,2025-01-01,0:00:00,24:00:00,volume,88300.0,AADT,1,26,,0:00:00,24:00:00,volume,18958.38468,AADT,Travel Model
F-M-9903,MN,Ramsey,road-capacity-expansion,FROM THE WEST TO THE EAST JCT OF I 35 E/I 694 AND ALL ASSOCIATED RAMPS AND LEGS,1/1/2000,1/1/2020,,exurban,4.41,11741,after,I-35E,,unknown,unknown,unknown,unknown,unknown,unknown,unknown,unknown,unknown,freeway,11741_1,2016-01-01,0:00:00,24:00:00,volume,73146.0,AADT,1,25,,0:00:00,24:00:00,volume,97659.98673,AADT,Travel Model
F-M-9903,MN,Ramsey,road-capacity-expansion,FROM THE WEST TO THE EAST JCT OF I 35 E/I 694 AND ALL ASSOCIATED RAMPS AND LEGS,1/1/2000,1/1/2020,,exurban,4.41,11741,after,I-35E,,unknown,unknown,unknown,unknown,unknown,unknown,unknown,unknown,unknown,freeway,11741_2,2017-01-01,0:00:00,24:00:00,volume,67000.0,AADT,1,25,,0:00:00,24:00:00,volume,97659.98673,AADT,Travel Model
F-M-9903,MN,Ramsey,road-capacity-expansion,FROM THE WEST TO THE EAST JCT OF I 35 E/I 694 AND ALL ASSOCIATED RAMPS AND LEGS,1/1/2000,1/1/2020,,exurban,4.41,11741,after,I-35E,,unknown,unknown,unknown,unknown,unknown,unknown,unknown,unknown,unknown,freeway,11741_3,2018-01-01,0:00:00,24:00:00,volume,68000.0,AADT,1,25,,0:00:00,24:00:00,volume,97659.98673,AADT,Travel Model
F-M-9903,MN,Ramsey,road-capacity-expansion,FROM THE WEST TO THE EAST JCT OF I 35 E/I 694 AND ALL ASSOCIATED RAMPS AND LEGS,1/1/2000,1/1/2020,,exurban,4.41,11741,after,I-35E,,unknown,unknown,unknown,unknown,unknown,unknown,unknown,unknown,unknown,freeway,11741_4,2019-01-01,0:00:00,24:00:00,volume,69000.0,AADT,1,25,,0:00:00,24:00:00,volume,97659.98673,AADT,Travel Model
F-M-9903,MN,Ramsey,road-capacity-expansion,FROM THE WEST TO THE EAST JCT OF I 35 E/I 694 AND ALL ASSOCIATED RAMPS AND LEGS,1/1/2000,1/1/2020,,exurban,4.41,11741,after,I-35E,,unknown,unknown,unknown,unknown,unknown,unknown,unknown,unknown,unknown,freeway,11741_5,2020-01-01,0:00:00,24:00:00,volume,65000.0,AADT,1,25,,0:00:00,24:00:00,volume,97659.98673,AADT,Travel Model
F-M-9903,MN,Ramsey,road-capacity-expansion,FROM THE WEST TO THE EAST JCT OF I 35 E/I 694 AND ALL ASSOCIATED RAMPS AND LEGS,1/1/2000,1/1/2020,,exurban,4.41,11741,after,I-35E,,unknown,unknown,unknown,unknown,unknown,unknown,unknown,unknown,unknown,freeway,11741_6,2021-01-01,0:00:00,24:00:00,volume,74205.0,AADT,1,25,,0:00:00,24:00:00,volume,97659.98673,AADT,Travel Model
F-M-9903,MN,Ramsey,road-capacity-expansion,FROM THE WEST TO THE EAST JCT OF I 35 E/I 694 AND ALL ASSOCIATED RAMPS AND LEGS,1/1/2000,1/1/2020,,exurban,4.41,11741,after,I-35E,,unknown,unknown,unknown,unknown,unknown,unknown,unknown,unknown,unknown,freeway,11741_7,2022-01-01,0:00:00,24:00:00,volume,72363.0,AADT,1,25,,0:00:00,24:00:00,volume,97659.98673,AADT,Travel Model
F-M-9903,MN,Ramsey,road-capacity-expansion,FROM THE WEST TO THE EAST JCT OF I 35 E/I 694 AND ALL ASSOCIATED RAMPS AND LEGS,1/1/2000,1/1/2020,,exurban,4.41,11741,after,I-35E,,unknown,unknown,unknown,unknown,unknown,unknown,unknown,unknown,unknown,freeway,11741_8,2023-01-01,0:00:00,24:00:00,volume,77675.0,AADT,1,25,,0:00:00,24:00:00,volume,97659.98673,AADT,Travel Model
F-M-9903,MN,Ramsey,road-capacity-expansion,FROM THE WEST TO THE EAST JCT OF I 35 E/I 694 AND ALL ASSOCIATED RAMPS AND LEGS,1/1/2000,1/1/2020,,exurban,4.41,11741,after,I-35E,,unknown,unknown,unknown,unknown,unknown,unknown,unknown,unknown,unknown,freeway,11741_9,2024-01-01,0:00:00,24:00:00,volume,78216.0,AADT,1,25,,0:00:00,24:00:00,volume,97659.98673,AADT,Travel Model
F-M-9903,MN,Ramsey,road-capacity-expansion,FROM THE WEST TO THE EAST JCT OF I 35 E/I 694 AND ALL ASSOCIATED RAMPS AND LEGS,1/1/2000,1/1/2020,,exurban,4.41,11741,after,I-35E,,unknown,unknown,unknown,unknown,unknown,unknown,unknown,unknown,unknown,freeway,11741_10,2025-01-01,0:00:00,24:00:00,volume,71268.0,AADT,1,25,,0:00:00,24:00:00,volume,97659.98673,AADT,Travel Model
F-M-9903,MN,Ramsey,road-capacity-expansion,FROM THE WEST TO THE EAST JCT OF I 35 E/I 694 AND ALL ASSOCIATED RAMPS AND LEGS,1/1/2000,1/1/2020,,exurban,4.41,11755,after,I-35E NB,,unknown,unknown,unknown,unknown,unknown,unknown,unknown,unknown,unknown,freeway,11755_1,2016-01-01,0:00:00,24:00:00,volume,104000.0,AADT,1,28,,0:00:00,24:00:00,volume,54493.20315,AADT,Travel Model
F-M-9903,MN,Ramsey,road-capacity-expansion,FROM THE WEST TO THE EAST JCT OF I 35 E/I 694 AND ALL ASSOCIATED RAMPS AND LEGS,1/1/2000,1/1/2020,,exurban,4.41,11755,after,I-35E NB,,unknown,unknown,unknown,unknown,unknown,unknown,unknown,unknown,unknown,freeway,11755_2,2017-01-01,0:00:00,24:00:00,volume,109000.0,AADT,1,28,,0:00:00,24:00:00,volume,54493.20315,AADT,Travel Model
F-M-9903,MN,Ramsey,road-capacity-expansion,FROM THE WEST TO THE EAST JCT OF I 35 E/I 694 AND ALL ASSOCIATED RAMPS AND LEGS,1/1/2000,1/1/2020,,exurban,4.41,11755,after,I-35E NB,,unknown,unknown,unknown,unknown,unknown,unknown,unknown,unknown,unknown,freeway,11755_3,2018-01-01,0:00:00,24:00:00,volume,110000.0,AADT,1,28,,0:00:00,24:00:00,volume,54493.20315,AADT,Travel Model
F-M-9903,MN,Ramsey,road-capacity-expansion,FROM THE WEST TO THE EAST JCT OF I 35 E/I 694 AND ALL ASSOCIATED RAMPS AND LEGS,1/1/2000,1/1/2020,,exurban,4.41,11755,after,I-35E NB,,unknown,unknown,unknown,unknown,unknown,unknown,unknown,unknown,unknown,freeway,11755_4,2019-01-01,0:00:00,24:00:00,volume,109000.0,AADT,1,28,,0:00:00,24:00:00,volume,54493.20315,AADT,Travel Model
F-M-9903,MN,Ramsey,road-capacity-expansion,FROM THE WEST TO THE EAST JCT OF I 35 E/I 694 AND ALL ASSOCIATED RAMPS AND LEGS,1/1/2000,1/1/2020,,exurban,4.41,11755,after,I-35E NB,,unknown,unknown,unknown,unknown,unknown,unknown,unknown,unknown,unknown,freeway,11755_5,2020-01-01,0:00:00,24:00:00,volume,105000.0,AADT,1,28,,0:00:00,24:00:00,volume,54493.20315,AADT,Travel Model
F-M-9903,MN,Ramsey,road-capacity-expansion,FROM THE WEST TO THE EAST JCT OF I 35 E/I 694 AND ALL ASSOCIATED RAMPS AND LEGS,1/1/2000,1/1/2020,,exurban,4.41,11755,after,I-35E NB,,unknown,unknown,unknown,unknown,unknown,unknown,unknown,unknown,unknown,freeway,11755_6,2021-01-01,0:00:00,24:00:00,volume,124774.0,AADT,1,28,,0:00:00,24:00:00,volume,54493.20315,AADT,Travel Model
F-M-9903,MN,Ramsey,road-capacity-expansion,FROM THE WEST TO THE EAST JCT OF I 35 E/I 694 AND ALL ASSOCIATED RAMPS AND LEGS,1/1/2000,1/1/2020,,exurban,4.41,11755,after,I-35E NB,,unknown,unknown,unknown,unknown,unknown,unknown,unknown,unknown,unknown,freeway,11755_7,2022-01-01,0:00:00,24:00:00,volume,124168.0,AADT,1,28,,0:00:00,24:00:00,volume,54493.20315,AADT,Travel Model
F-M-9903,MN,Ramsey,road-capacity-expansion,FROM THE WEST TO THE EAST JCT OF I 35 E/I 694 AND ALL ASSOCIATED RAMPS AND LEGS,1/1/2000,1/1/2020,,exurban,4.41,11755,after,I-35E NB,,unknown,unknown,unknown,unknown,unknown,unknown,unknown,unknown,unknown,freeway,11755_8,2023-01-01,0:00:00,24:00:00,volume,130743.0,AADT,1,28,,0:00:00,24:00:00,volume,54493.20315,AADT,Travel Model
F-M-9903,MN,Ramsey,road-capacity-expansion,FROM THE WEST TO THE EAST JCT OF I 35 E/I 694 AND ALL ASSOCIATED RAMPS AND LEGS,1/1/2000,1/1/2020,,exurban,4.41,11755,after,I-35E NB,,unknown,unknown,unknown,unknown,unknown,unknown,unknown,unknown,unknown,freeway,11755_9,2024-01-01,0:00:00,24:00:00,volume,135824.0,AADT,1,28,,0:00:00,24:00:00,volume,54493.20315,AADT,Travel Model
F-M-9903,MN,Ramsey,road-capacity-expansion,FROM THE WEST TO THE EAST JCT OF I 35 E/I 694 AND ALL ASSOCIATED RAMPS AND LEGS,1/1/2000,1/1/2020,,exurban,4.41,11755,after,I-35E NB,,unknown,unknown,unknown,unknown,unknown,unknown,unknown,unknown,unknown,freeway,11755_10,2025-01-01,0:00:00,24:00:00,volume,136344.0,AADT,1,28,,0:00:00,24:00:00,volume,54493.20315,AADT,Travel Model
F-M-9903,MN,Ramsey,road-capacity-expansion,FROM THE WEST TO THE EAST JCT OF I 35 E/I 694 AND ALL ASSOCIATED RAMPS AND LEGS,1/1/2000,1/1/2020,,exurban,4.41,69278,after,I 35E/I 694,,unknown,unknown,unknown,unknown,unknown,unknown,unknown,unknown,unknown,freeway,69278_1,2016-01-01,0:00:00,24:00:00,volume,49099.0,AADT,1,34,,0:00:00,24:00:00,volume,64118.22922,AADT,Travel Model
F-M-9903,MN,Ramsey,road-capacity-expansion,FROM THE WEST TO THE EAST JCT OF I 35 E/I 694 AND ALL ASSOCIATED RAMPS AND LEGS,1/1/2000,1/1/2020,,exurban,4.41,69278,after,I 35E/I 694,,unknown,unknown,unknown,unknown,unknown,unknown,unknown,unknown,unknown,freeway,69278_2,2017-01-01,0:00:00,24:00:00,volume,49958.0,AADT,1,34,,0:00:00,24:00:00,volume,64118.22922,AADT,Travel Model
F-M-9903,MN,Ramsey,road-capacity-expansion,FROM THE WEST TO THE EAST JCT OF I 35 E/I 694 AND ALL ASSOCIATED RAMPS AND LEGS,1/1/2000,1/1/2020,,exurban,4.41,69278,after,I 35E/I 694,,unknown,unknown,unknown,unknown,unknown,unknown,unknown,unknown,unknown,freeway,69278_3,2018-01-01,0:00:00,24:00:00,volume,50153.0,AADT,1,34,,0:00:00,24:00:00,volume,64118.22922,AADT,Travel Model
F-M-9903,MN,Ramsey,road-capacity-expansion,FROM THE WEST TO THE EAST JCT OF I 35 E/I 694 AND ALL ASSOCIATED RAMPS AND LEGS,1/1/2000,1/1/2020,,exurban,4.41,69278,after,I 35E/I 694,,unknown,unknown,unknown,unknown,unknown,unknown,unknown,unknown,unknown,freeway,69278_4,2019-01-01,0:00:00,24:00:00,volume,49752.0,AADT,1,34,,0:00:00,24:00:00,volume,64118.22922,AADT,Travel Model
F-M-9903,MN,Ramsey,road-capacity-expansion,FROM THE WEST TO THE EAST JCT OF I 35 E/I 694 AND ALL ASSOCIATED RAMPS AND LEGS,1/1/2000,1/1/2020,,exurban,4.41,69278,after,I 35E/I 694,,unknown,unknown,unknown,unknown,unknown,unknown,unknown,unknown,unknown,freeway,69278_5,2020-01-01,0:00:00,24:00:00,volume,47000.0,AADT,1,34,,0:00:00,24:00:00,volume,64118.22922,AADT,Travel Model
F-M-9903,MN,Ramsey,road-capacity-expansion,FROM THE WEST TO THE EAST JCT OF I 35 E/I 694 AND ALL ASSOCIATED RAMPS AND LEGS,1/1/2000,1/1/2020,,exurban,4.41,69278,after,I 35E/I 694,,unknown,unknown,unknown,unknown,unknown,unknown,unknown,unknown,unknown,freeway,69278_6,2021-01-01,0:00:00,24:00:00,volume,53992.0,AADT,1,34,,0:00:00,24:00:00,volume,64118.22922,AADT,Travel Model
F-M-9903,MN,Ramsey,road-capacity-expansion,FROM THE WEST TO THE EAST JCT OF I 35 E/I 694 AND ALL ASSOCIATED RAMPS AND LEGS,1/1/2000,1/1/2020,,exurban,4.41,69278,after,I 35E/I 694,,unknown,unknown,unknown,unknown,unknown,unknown,unknown,unknown,unknown,freeway,69278_7,2022-01-01,0:00:00,24:00:00,volume,51508.0,AADT,1,34,,0:00:00,24:00:00,volume,64118.22922,AADT,Travel Model
F-M-9903,MN,Ramsey,road-capacity-expansion,FROM THE WEST TO THE EAST JCT OF I 35 E/I 694 AND ALL ASSOCIATED RAMPS AND LEGS,1/1/2000,1/1/2020,,exurban,4.41,69278,after,I 35E/I 694,,unknown,unknown,unknown,unknown,unknown,unknown,unknown,unknown,unknown,freeway,69278_8,2023-01-01,0:00:00,24:00:00,volume,55989.0,AADT,1,34,,0:00:00,24:00:00,volume,64118.22922,AADT,Travel Model
F-M-9903,MN,Ramsey,road-capacity-expansion,FROM THE WEST TO THE EAST JCT OF I 35 E/I 694 AND ALL ASSOCIATED RAMPS AND LEGS,1/1/2000,1/1/2020,,exurban,4.41,69278,after,I 35E/I 694,,unknown,unknown,unknown,unknown,unknown,unknown,unknown,unknown,unknown,freeway,69278_9,2024-01-01,0:00:00,24:00:00,volume,59429.0,AADT,1,34,,0:00:00,24:00:00,volume,64118.22922,AADT,Travel Model
F-M-9903,MN,Ramsey,road-capacity-expansion,FROM THE WEST TO THE EAST JCT OF I 35 E/I 694 AND ALL ASSOCIATED RAMPS AND LEGS,1/1/2000,1/1/2020,,exurban,4.41,69278,after,I 35E/I 694,,unknown,unknown,unknown,unknown,unknown,unknown,unknown,unknown,unknown,freeway,69278_10,2025-01-01,0:00:00,24:00:00,volume,57407.0,AADT,1,34,,0:00:00,24:00:00,volume,64118.22922,AADT,Travel Model
F-M-9903,MN,Ramsey,road-capacity-expansion,FROM THE WEST TO THE EAST JCT OF I 35 E/I 694 AND ALL ASSOCIATED RAMPS AND LEGS,1/1/2000,1/1/2020,,exurban,4.41,71581,after,I 35E/I 694,,unknown,unknown,unknown,unknown,unknown,unknown,unknown,unknown,unknown,ramp,71581_1,2019-01-01,0:00:00,24:00:00,volume,7900.0,AADT,1,38,,0:00:00,24:00:00,volume,3791.676936,AADT,Travel Model
F-M-9903,MN,Ramsey,road-capacity-expansion,FROM THE WEST TO THE EAST JCT OF I 35 E/I 694 AND ALL ASSOCIATED RAMPS AND LEGS,1/1/2000,1/1/2020,,exurban,4.41,71581,after,I 35E/I 694,,unknown,unknown,unknown,unknown,unknown,unknown,unknown,unknown,unknown,ramp,71581_2,2020-01-01,0:00:00,24:00:00,volume,6700.0,AADT,1,38,,0:00:00,24:00:00,volume,3791.676936,AADT,Travel Model
F-M-9903,MN,Ramsey,road-capacity-expansion,FROM THE WEST TO THE EAST JCT OF I 35 E/I 694 AND ALL ASSOCIATED RAMPS AND LEGS,1/1/2000,1/1/2020,,exurban,4.41,71581,after,I 35E/I 694,,unknown,unknown,unknown,unknown,unknown,unknown,unknown,unknown,unknown,ramp,71581_3,2021-01-01,0:00:00,24:00:00,volume,7081.0,AADT,1,38,,0:00:00,24:00:00,volume,3791.676936,AADT,Travel Model
F-M-9903,MN,Ramsey,road-capacity-expansion,FROM THE WEST TO THE EAST JCT OF I 35 E/I 694 AND ALL ASSOCIATED RAMPS AND LEGS,1/1/2000,1/1/2020,,exurban,4.41,71581,after,I 35E/I 694,,unknown,unknown,unknown,unknown,unknown,unknown,unknown,unknown,unknown,ramp,71581_4,2022-01-01,0:00:00,24:00:00,volume,7302.0,AADT,1,38,,0:00:00,24:00:00,volume,3791.676936,AADT,Travel Model
F-M-9903,MN,Ramsey,road-capacity-expansion,FROM THE WEST TO THE EAST JCT OF I 35 E/I 694 AND ALL ASSOCIATED RAMPS AND LEGS,1/1/2000,1/1/2020,,exurban,4.41,71581,after,I 35E/I 694,,unknown,unknown,unknown,unknown,unknown,unknown,unknown,unknown,unknown,ramp,71581_5,2023-01-01,0:00:00,24:00:00,volume,7627.0,AADT,1,38,,0:00:00,24:00:00,volume,3791.676936,AADT,Travel Model
F-M-9903,MN,Ramsey,road-capacity-expansion,FROM THE WEST TO THE EAST JCT OF I 35 E/I 694 AND ALL ASSOCIATED RAMPS AND LEGS,1/1/2000,1/1/2020,,exurban,4.41,71581,after,I 35E/I 694,,unknown,unknown,unknown,unknown,unknown,unknown,unknown,unknown,unknown,ramp,71581_6,2024-01-01,0:00:00,24:00:00,volume,8186.0,AADT,1,38,,0:00:00,24:00:00,volume,3791.676936,AADT,Travel Model
F-M-9903,MN,Ramsey,road-capacity-expansion,FROM THE WEST TO THE EAST JCT OF I 35 E/I 694 AND ALL ASSOCIATED RAMPS AND LEGS,1/1/2000,1/1/2020,,exurban,4.41,71581,after,I 35E/I 694,,unknown,unknown,unknown,unknown,unknown,unknown,unknown,unknown,unknown,ramp,71581_7,2025-01-01,0:00:00,24:00:00,volume,8024.0,AADT,1,38,,0:00:00,24:00:00,volume,3791.676936,AADT,Travel Model
F-M-9903,MN,Ramsey,road-capacity-expansion,FROM THE WEST TO THE EAST JCT OF I 35 E/I 694 AND ALL ASSOCIATED RAMPS AND LEGS,1/1/2000,1/1/2020,,exurban,4.41,73775,after,I 35E/I 694,,unknown,unknown,unknown,unknown,unknown,unknown,unknown,unknown,unknown,freeway,73775_1,2020-01-01,0:00:00,24:00:00,volume,6700.0,AADT,1,31,,0:00:00,24:00:00,volume,10645.86217,AADT,Travel Model
F-M-9903,MN,Ramsey,road-capacity-expansion,FROM THE WEST TO THE EAST JCT OF I 35 E/I 694 AND ALL ASSOCIATED RAMPS AND LEGS,1/1/2000,1/1/2020,,exurban,4.41,73775,after,I 35E/I 694,,unknown,unknown,unknown,unknown,unknown,unknown,unknown,unknown,unknown,freeway,73775_2,2021-01-01,0:00:00,24:00:00,volume,6818.0,AADT,1,31,,0:00:00,24:00:00,volume,10645.86217,AADT,Travel Model
F-M-9903,MN,Ramsey,road-capacity-expansion,FROM THE WEST TO THE EAST JCT OF I 35 E/I 694 AND ALL ASSOCIATED RAMPS AND LEGS,1/1/2000,1/1/2020,,exurban,4.41,73775,after,I 35E/I 694,,unknown,unknown,unknown,unknown,unknown,unknown,unknown,unknown,unknown,freeway,73775_3,2022-01-01,0:00:00,24:00:00,volume,6999.0,AADT,1,31,,0:00:00,24:00:00,volume,10645.86217,AADT,Travel Model
F-M-9903,MN,Ramsey,road-capacity-expansion,FROM THE WEST TO THE EAST JCT OF I 35 E/I 694 AND ALL ASSOCIATED RAMPS AND LEGS,1/1/2000,1/1/2020,,exurban,4.41,73775,after,I 35E/I 694,,unknown,unknown,unknown,unknown,unknown,unknown,unknown,unknown,unknown,freeway,73775_4,2023-01-01,0:00:00,24:00:00,volume,6624.0,AADT,1,31,,0:00:00,24:00:00,volume,10645.86217,AADT,Travel Model
F-M-9903,MN,Ramsey,road-capacity-expansion,FROM THE WEST TO THE EAST JCT OF I 35 E/I 694 AND ALL ASSOCIATED RAMPS AND LEGS,1/1/2000,1/1/2020,,exurban,4.41,73775,after,I 35E/I 694,,unknown,unknown,unknown,unknown,unknown,unknown,unknown,unknown,unknown,freeway,73775_5,2024-01-01,0:00:00,24:00:00,volume,6842.0,AADT,1,31,,0:00:00,24:00:00,volume,10645.86217,AADT,Travel Model
F-M-9903,MN,Ramsey,road-capacity-expansion,FROM THE WEST TO THE EAST JCT OF I 35 E/I 694 AND ALL ASSOCIATED RAMPS AND LEGS,1/1/2000,1/1/2020,,exurban,4.41,73775,after,I 35E/I 694,,unknown,unknown,unknown,unknown,unknown,unknown,unknown,unknown,unknown,freeway,73775_6,2025-01-01,0:00:00,24:00:00,volume,6561.0,AADT,1,31,,0:00:00,24:00:00,volume,10645.86217,AADT,Travel Model
F-M-9903,MN,Ramsey,road-capacity-expansion,FROM THE WEST TO THE EAST JCT OF I 35 E/I 694 AND ALL ASSOCIATED RAMPS AND LEGS,1/1/2000,1/1/2020,,exurban,4.41,73778,after,I 35E/I 694,,unknown,unknown,unknown,unknown,unknown,unknown,unknown,unknown,unknown,freeway,73778_1,2020-01-01,0:00:00,24:00:00,volume,27000.0,AADT,1,32,,0:00:00,24:00:00,volume,42607.75429,AADT,Travel Model
F-M-9903,MN,Ramsey,road-capacity-expansion,FROM THE WEST TO THE EAST JCT OF I 35 E/I 694 AND ALL ASSOCIATED RAMPS AND LEGS,1/1/2000,1/1/2020,,exurban,4.41,73778,after,I 35E/I 694,,unknown,unknown,unknown,unknown,unknown,unknown,unknown,unknown,unknown,freeway,73778_2,2021-01-01,0:00:00,24:00:00,volume,31481.0,AADT,1,32,,0:00:00,24:00:00,volume,42607.75429,AADT,Travel Model
F-M-9903,MN,Ramsey,road-capacity-expansion,FROM THE WEST TO THE EAST JCT OF I 35 E/I 694 AND ALL ASSOCIATED RAMPS AND LEGS,1/1/2000,1/1/2020,,exurban,4.41,73778,after,I 35E/I 694,,unknown,unknown,unknown,unknown,unknown,unknown,unknown,unknown,unknown,freeway,73778_3,2022-01-01,0:00:00,24:00:00,volume,30669.0,AADT,1,32,,0:00:00,24:00:00,volume,42607.75429,AADT,Travel Model
F-M-9903,MN,Ramsey,road-capacity-expansion,FROM THE WEST TO THE EAST JCT OF I 35 E/I 694 AND ALL ASSOCIATED RAMPS AND LEGS,1/1/2000,1/1/2020,,exurban,4.41,73778,after,I 35E/I 694,,unknown,unknown,unknown,unknown,unknown,unknown,unknown,unknown,unknown,freeway,73778_4,2023-01-01,0:00:00,24:00:00,volume,33262.0,AADT,1,32,,0:00:00,24:00:00,volume,42607.75429,AADT,Travel Model
F-M-9903,MN,Ramsey,road-capacity-expansion,FROM THE WEST TO THE EAST JCT OF I 35 E/I 694 AND ALL ASSOCIATED RAMPS AND LEGS,1/1/2000,1/1/2020,,exurban,4.41,73778,after,I 35E/I 694,,unknown,unknown,unknown,unknown,unknown,unknown,unknown,unknown,unknown,freeway,73778_5,2024-01-01,0:00:00,24:00:00,volume,35485.0,AADT,1,32,,0:00:00,24:00:00,volume,42607.75429,AADT,Travel Model
F-M-9903,MN,Ramsey,road-capacity-expansion,FROM THE WEST TO THE EAST JCT OF I 35 E/I 694 AND ALL ASSOCIATED RAMPS AND LEGS,1/1/2000,1/1/2020,,exurban,4.41,73778,after,I 35E/I 694,,unknown,unknown,unknown,unknown,unknown,unknown,unknown,unknown,unknown,freeway,73778_6,2025-01-01,0:00:00,24:00:00,volume,36404.0,AADT,1,32,,0:00:00,24:00:00,volume,42607.75429,AADT,Travel Model
F-M-9903,MN,Ramsey,road-capacity-expansion,FROM THE WEST TO THE EAST JCT OF I 35 E/I 694 AND ALL ASSOCIATED RAMPS AND LEGS,1/1/2000,1/1/2020,,exurban,4.41,74127,after,I 35E/I 694,,unknown,unknown,unknown,unknown,unknown,unknown,unknown,unknown,unknown,ramp,74127_1,2020-01-01,0:00:00,24:00:00,volume,11700.0,AADT,1,37,,0:00:00,24:00:00,volume,30333.41549,AADT,Travel Model
F-M-9903,MN,Ramsey,road-capacity-expansion,FROM THE WEST TO THE EAST JCT OF I 35 E/I 694 AND ALL ASSOCIATED RAMPS AND LEGS,1/1/2000,1/1/2020,,exurban,4.41,74127,after,I 35E/I 694,,unknown,unknown,unknown,unknown,unknown,unknown,unknown,unknown,unknown,ramp,74127_2,2021-01-01,0:00:00,24:00:00,volume,12975.0,AADT,1,37,,0:00:00,24:00:00,volume,30333.41549,AADT,Travel Model
F-M-9903,MN,Ramsey,road-capacity-expansion,FROM THE WEST TO THE EAST JCT OF I 35 E/I 694 AND ALL ASSOCIATED RAMPS AND LEGS,1/1/2000,1/1/2020,,exurban,4.41,74127,after,I 35E/I 694,,unknown,unknown,unknown,unknown,unknown,unknown,unknown,unknown,unknown,ramp,74127_3,2022-01-01,0:00:00,24:00:00,volume,13014.0,AADT,1,37,,0:00:00,24:00:00,volume,30333.41549,AADT,Travel Model
F-M-9903,MN,Ramsey,road-capacity-expansion,FROM THE WEST TO THE EAST JCT OF I 35 E/I 694 AND ALL ASSOCIATED RAMPS AND LEGS,1/1/2000,1/1/2020,,exurban,4.41,74127,after,I 35E/I 694,,unknown,unknown,unknown,unknown,unknown,unknown,unknown,unknown,unknown,ramp,74127_4,2023-01-01,0:00:00,24:00:00,volume,13340.0,AADT,1,37,,0:00:00,24:00:00,volume,30333.41549,AADT,Travel Model
F-M-9903,MN,Ramsey,road-capacity-expansion,FROM THE WEST TO THE EAST JCT OF I 35 E/I 694 AND ALL ASSOCIATED RAMPS AND LEGS,1/1/2000,1/1/2020,,exurban,4.41,74127,after,I 35E/I 694,,unknown,unknown,unknown,unknown,unknown,unknown,unknown,unknown,unknown,ramp,74127_5,2024-01-01,0:00:00,24:00:00,volume,13847.0,AADT,1,37,,0:00:00,24:00:00,volume,30333.41549,AADT,Travel Model
F-M-9903,MN,Ramsey,road-capacity-expansion,FROM THE WEST TO THE EAST JCT OF I 35 E/I 694 AND ALL ASSOCIATED RAMPS AND LEGS,1/1/2000,1/1/2020,,exurban,4.41,74127,after,I 35E/I 694,,unknown,unknown,unknown,unknown,unknown,unknown,unknown,unknown,unknown,ramp,74127_6,2025-01-01,0:00:00,24:00:00,volume,13807.0,AADT,1,37,,0:00:00,24:00:00,volume,30333.41549,AADT,Travel Model
F-M-I694_1,MN,Washington,road-capacity-expansion,,1/1/1990,1/1/2010,,rural,,10232,after,I-694,,unknown,unknown,unknown,unknown,unknown,unknown,unknown,unknown,unknown,principal arterial,10232_1,2016-01-01,0:00:00,24:00:00,volume,87000.0,AADT,1,307,,0:00:00,24:00:00,volume,72396.70223,AADT,Unknown
F-M-I694_1,MN,Washington,road-capacity-expansion,,1/1/1990,1/1/2010,,rural,,10232,after,I-694,,unknown,unknown,unknown,unknown,unknown,unknown,unknown,unknown,unknown,principal arterial,10232_2,2017-01-01,0:00:00,24:00:00,volume,88000.0,AADT,1,307,,0:00:00,24:00:00,volume,72396.70223,AADT,Unknown
F-M-I694_1,MN,Washington,road-capacity-expansion,,1/1/1990,1/1/2010,,rural,,10232,after,I-694,,unknown,unknown,unknown,unknown,unknown,unknown,unknown,unknown,unknown,principal arterial,10232_3,2018-01-01,0:00:00,24:00:00,volume,96000.0,AADT,1,307,,0:00:00,24:00:00,volume,72396.70223,AADT,Unknown
F-M-I694_1,MN,Washington,road-capacity-expansion,,1/1/1990,1/1/2010,,rural,,10232,after,I-694,,unknown,unknown,unknown,unknown,unknown,unknown,unknown,unknown,unknown,principal arterial,10232_4,2019-01-01,0:00:00,24:00:00,volume,94833.0,AADT,1,307,,0:00:00,24:00:00,volume,72396.70223,AADT,Unknown
F-M-I694_1,MN,Washington,road-capacity-expansion,,1/1/1990,1/1/2010,,rural,,10232,after,I-694,,unknown,unknown,unknown,unknown,unknown,unknown,unknown,unknown,unknown,principal arterial,10232_5,2020-01-01,0:00:00,24:00:00,volume,76340.0,AADT,1,307,,0:00:00,24:00:00,volume,72396.70223,AADT,Unknown
F-M-I694_1,MN,Washington,road-capacity-expansion,,1/1/1990,1/1/2010,,rural,,10232,after,I-694,,unknown,unknown,unknown,unknown,unknown,unknown,unknown,unknown,unknown,principal arterial,10232_6,2021-01-01,0:00:00,24:00:00,volume,84661.0,AADT,1,307,,0:00:00,24:00:00,volume,72396.70223,AADT,Unknown
F-M-I694_1,MN,Washington,road-capacity-expansion,,1/1/1990,1/1/2010,,rural,,10232,after,I-694,,unknown,unknown,unknown,unknown,unknown,unknown,unknown,unknown,unknown,principal arterial,10232_7,2022-01-01,0:00:00,24:00:00,volume,87788.0,AADT,1,307,,0:00:00,24:00:00,volume,72396.70223,AADT,Unknown
F-M-I694_1,MN,Washington,road-capacity-expansion,,1/1/1990,1/1/2010,,rural,,10232,after,I-694,,unknown,unknown,unknown,unknown,unknown,unknown,unknown,unknown,unknown,principal arterial,10232_8,2023-01-01,0:00:00,24:00:00,volume,82387.0,AADT,1,307,,0:00:00,24:00:00,volume,72396.70223,AADT,Unknown
F-M-I694_1,MN,Washington,road-capacity-expansion,,1/1/1990,1/1/2010,,rural,,10232,after,I-694,,unknown,unknown,unknown,unknown,unknown,unknown,unknown,unknown,unknown,principal arterial,10232_9,2024-01-01,0:00:00,24:00:00,volume,83373.0,AADT,1,307,,0:00:00,24:00:00,volume,72396.70223,AADT,Unknown
F-M-I694_1,MN,Washington,road-capacity-expansion,,1/1/1990,1/1/2010,,rural,,10232,after,I-694,,unknown,unknown,unknown,unknown,unknown,unknown,unknown,unknown,unknown,principal arterial,10232_10,2025-01-01,0:00:00,24:00:00,volume,83299.0,AADT,1,307,,0:00:00,24:00:00,volume,72396.70223,AADT,Unknown
F-M-I694_2,MN,Ramsey,road-capacity-expansion,,1/1/1980,1/1/2010,,rural,,11251,after,I-694,,unknown,unknown,unknown,unknown,unknown,unknown,unknown,unknown,unknown,principal arterial,11251_1,2010-01-01,0:00:00,24:00:00,volume,109000.0,AADT,1,308,,0:00:00,24:00:00,volume,112384.5036,AADT,Unknown
F-M-I694_2,MN,Ramsey,road-capacity-expansion,,1/1/1980,1/1/2010,,rural,,11251,after,I-694,,unknown,unknown,unknown,unknown,unknown,unknown,unknown,unknown,unknown,principal arterial,11251_2,2016-01-01,0:00:00,24:00:00,volume,115000.0,AADT,1,308,,0:00:00,24:00:00,volume,112384.5036,AADT,Unknown
F-M-I694_2,MN,Ramsey,road-capacity-expansion,,1/1/1980,1/1/2010,,rural,,11251,after,I-694,,unknown,unknown,unknown,unknown,unknown,unknown,unknown,unknown,unknown,principal arterial,11251_3,2017-01-01,0:00:00,24:00:00,volume,121000.0,AADT,1,308,,0:00:00,24:00:00,volume,112384.5036,AADT,Unknown
F-M-I694_2,MN,Ramsey,road-capacity-expansion,,1/1/1980,1/1/2010,,rural,,11251,after,I-694,,unknown,unknown,unknown,unknown,unknown,unknown,unknown,unknown,unknown,principal arterial,11251_4,2018-01-01,0:00:00,24:00:00,volume,125000.0,AADT,1,308,,0:00:00,24:00:00,volume,112384.5036,AADT,Unknown
F-M-I694_2,MN,Ramsey,road-capacity-expansion,,1/1/1980,1/1/2010,,rural,,11251,after,I-694,,unknown,unknown,unknown,unknown,unknown,unknown,unknown,unknown,unknown,principal arterial,11251_5,2019-01-01,0:00:00,24:00:00,volume,120000.0,AADT,1,308,,0:00:00,24:00:00,volume,112384.5036,AADT,Unknown
F-M-I694_2,MN,Ramsey,road-capacity-expansion,,1/1/1980,1/1/2010,,rural,,11251,after,I-694,,unknown,unknown,unknown,unknown,unknown,unknown,unknown,unknown,unknown,principal arterial,11251_6,2020-01-01,0:00:00,24:00:00,volume,95000.0,AADT,1,308,,0:00:00,24:00:00,volume,112384.5036,AADT,Unknown
F-M-I694_2,MN,Ramsey,road-capacity-expansion,,1/1/1980,1/1/2010,,rural,,11251,after,I-694,,unknown,unknown,unknown,unknown,unknown,unknown,unknown,unknown,unknown,principal arterial,11251_7,2021-01-01,0:00:00,24:00:00,volume,97330.0,AADT,1,308,,0:00:00,24:00:00,volume,112384.5036,AADT,Unknown
F-M-I694_2,MN,Ramsey,road-capacity-expansion,,1/1/1980,1/1/2010,,rural,,11251,after,I-694,,unknown,unknown,unknown,unknown,unknown,unknown,unknown,unknown,unknown,principal arterial,11251_8,2022-01-01,0:00:00,24:00:00,volume,118377.0,AADT,1,308,,0:00:00,24:00:00,volume,112384.5036,AADT,Unknown
F-M-I694_2,MN,Ramsey,road-capacity-expansion,,1/1/1980,1/1/2010,,rural,,11251,after,I-694,,unknown,unknown,unknown,unknown,unknown,unknown,unknown,unknown,unknown,principal arterial,11251_9,2023-01-01,0:00:00,24:00:00,volume,122250.0,AADT,1,308,,0:00:00,24:00:00,volume,112384.5036,AADT,Unknown
F-M-I694_2,MN,Ramsey,road-capacity-expansion,,1/1/1980,1/1/2010,,rural,,11251,after,I-694,,unknown,unknown,unknown,unknown,unknown,unknown,unknown,unknown,unknown,principal arterial,11251_10,2024-01-01,0:00:00,24:00:00,volume,125425.0,AADT,1,308,,0:00:00,24:00:00,volume,112384.5036,AADT,Unknown
F-M-I694_2,MN,Ramsey,road-capacity-expansion,,1/1/1980,1/1/2010,,rural,,11251,after,I-694,,unknown,unknown,unknown,unknown,unknown,unknown,unknown,unknown,unknown,principal arterial,11251_11,2025-01-01,0:00:00,24:00:00,volume,123789.0,AADT,1,308,,0:00:00,24:00:00,volume,112384.5036,AADT,Unknown
F-M-I694_3,MN,Ramsey,new-roadway,I 694 FROM I 35 W TO WEST JCT. OF I 35 E,1/1/2000,1/1/2020,,rural,,9836,after,I 35E,,unknown,unknown,unknown,unknown,unknown,unknown,unknown,unknown,unknown,principal arterial,9836_1,2016-01-01,0:00:00,24:00:00,volume,114000.0,AADT,1,287,,0:00:00,24:00:00,volume,183533.6566,AADT,Trendline
F-M-I694_3,MN,Ramsey,new-roadway,I 694 FROM I 35 W TO WEST JCT. OF I 35 E,1/1/2000,1/1/2020,,rural,,9836,after,I 35E,,unknown,unknown,unknown,unknown,unknown,unknown,unknown,unknown,unknown,principal arterial,9836_2,2017-01-01,0:00:00,24:00:00,volume,131000.0,AADT,1,287,,0:00:00,24:00:00,volume,183533.6566,AADT,Trendline
F-M-I694_3,MN,Ramsey,new-roadway,I 694 FROM I 35 W TO WEST JCT. OF I 35 E,1/1/2000,1/1/2020,,rural,,9836,after,I 35E,,unknown,unknown,unknown,unknown,unknown,unknown,unknown,unknown,unknown,principal arterial,9836_3,2018-01-01,0:00:00,24:00:00,volume,138000.0,AADT,1,287,,0:00:00,24:00:00,volume,183533.6566,AADT,Trendline
F-M-I694_3,MN,Ramsey,new-roadway,I 694 FROM I 35 W TO WEST JCT. OF I 35 E,1/1/2000,1/1/2020,,rural,,9836,after,I 35E,,unknown,unknown,unknown,unknown,unknown,unknown,unknown,unknown,unknown,principal arterial,9836_4,2019-01-01,0:00:00,24:00:00,volume,148951.0,AADT,1,287,,0:00:00,24:00:00,volume,183533.6566,AADT,Trendline
F-M-I694_3,MN,Ramsey,new-roadway,I 694 FROM I 35 W TO WEST JCT. OF I 35 E,1/1/2000,1/1/2020,,rural,,9836,after,I 35E,,unknown,unknown,unknown,unknown,unknown,unknown,unknown,unknown,unknown,principal arterial,9836_5,2020-01-01,0:00:00,24:00:00,volume,124164.0,AADT,1,287,,0:00:00,24:00:00,volume,183533.6566,AADT,Trendline
F-M-I694_3,MN,Ramsey,new-roadway,I 694 FROM I 35 W TO WEST JCT. OF I 35 E,1/1/2000,1/1/2020,,rural,,9836,after,I 35E,,unknown,unknown,unknown,unknown,unknown,unknown,unknown,unknown,unknown,principal arterial,9836_6,2021-01-01,0:00:00,24:00:00,volume,152941.0,AADT,1,287,,0:00:00,24:00:00,volume,183533.6566,AADT,Trendline
F-M-I694_3,MN,Ramsey,new-roadway,I 694 FROM I 35 W TO WEST JCT. OF I 35 E,1/1/2000,1/1/2020,,rural,,9836,after,I 35E,,unknown,unknown,unknown,unknown,unknown,unknown,unknown,unknown,unknown,principal arterial,9836_7,2022-01-01,0:00:00,24:00:00,volume,130091.0,AADT,1,287,,0:00:00,24:00:00,volume,183533.6566,AADT,Trendline
F-M-I694_3,MN,Ramsey,new-roadway,I 694 FROM I 35 W TO WEST JCT. OF I 35 E,1/1/2000,1/1/2020,,rural,,9836,after,I 35E,,unknown,unknown,unknown,unknown,unknown,unknown,unknown,unknown,unknown,principal arterial,9836_8,2023-01-01,0:00:00,24:00:00,volume,140092.0,AADT,1,287,,0:00:00,24:00:00,volume,183533.6566,AADT,Trendline
F-M-I694_3,MN,Ramsey,new-roadway,I 694 FROM I 35 W TO WEST JCT. OF I 35 E,1/1/2000,1/1/2020,,rural,,9836,after,I 35E,,unknown,unknown,unknown,unknown,unknown,unknown,unknown,unknown,unknown,principal arterial,9836_9,2024-01-01,0:00:00,24:00:00,volume,146236.0,AADT,1,287,,0:00:00,24:00:00,volume,183533.6566,AADT,Trendline
F-M-I694_3,MN,Ramsey,new-roadway,I 694 FROM I 35 W TO WEST JCT. OF I 35 E,1/1/2000,1/1/2020,,rural,,9836,after,I 35E,,unknown,unknown,unknown,unknown,unknown,unknown,unknown,unknown,unknown,principal arterial,9836_10,2025-01-01,0:00:00,24:00:00,volume,187864.0,AADT,1,287,,0:00:00,24:00:00,volume,183533.6566,AADT,Trendline
F-M-I_494,MN,Dakota,road-capacity-expansion,FROM TH 55 TO I 35 E,1/1/1992,1/1/2012,,rural,,11713,after,I 494,,unknown,unknown,unknown,unknown,unknown,unknown,unknown,unknown,unknown,principal arterial,11713_1,2012-01-01,0:00:00,24:00:00,volume,85000.0,AADT,1,298,,0:00:00,24:00:00,volume,112803.3206,AADT,Unknown
F-M-I_494,MN,Dakota,road-capacity-expansion,FROM TH 55 TO I 35 E,1/1/1992,1/1/2012,,rural,,11713,after,I 494,,unknown,unknown,unknown,unknown,unknown,unknown,unknown,unknown,unknown,principal arterial,11713_2,2016-01-01,0:00:00,24:00:00,volume,96000.0,AADT,1,298,,0:00:00,24:00:00,volume,112803.3206,AADT,Unknown
F-M-I_494,MN,Dakota,road-capacity-expansion,FROM TH 55 TO I 35 E,1/1/1992,1/1/2012,,rural,,11713,after,I 494,,unknown,unknown,unknown,unknown,unknown,unknown,unknown,unknown,unknown,principal arterial,11713_3,2017-01-01,0:00:00,24:00:00,volume,98000.0,AADT,1,298,,0:00:00,24:00:00,volume,112803.3206,AADT,Unknown
F-M-I_494,MN,Dakota,road-capacity-expansion,FROM TH 55 TO I 35 E,1/1/1992,1/1/2012,,rural,,11713,after,I 494,,unknown,unknown,unknown,unknown,unknown,unknown,unknown,unknown,unknown,principal arterial,11713_4,2018-01-01,0:00:00,24:00:00,volume,96000.0,AADT,1,298,,0:00:00,24:00:00,volume,112803.3206,AADT,Unknown
F-M-I_494,MN,Dakota,road-capacity-expansion,FROM TH 55 TO I 35 E,1/1/1992,1/1/2012,,rural,,11713,after,I 494,,unknown,unknown,unknown,unknown,unknown,unknown,unknown,unknown,unknown,principal arterial,11713_5,2019-01-01,0:00:00,24:00:00,volume,94000.0,AADT,1,298,,0:00:00,24:00:00,volume,112803.3206,AADT,Unknown
F-M-I_494,MN,Dakota,road-capacity-expansion,FROM TH 55 TO I 35 E,1/1/1992,1/1/2012,,rural,,11713,after,I 494,,unknown,unknown,unknown,unknown,unknown,unknown,unknown,unknown,unknown,principal arterial,11713_6,2020-01-01,0:00:00,24:00:00,volume,75669.0,AADT,1,298,,0:00:00,24:00:00,volume,112803.3206,AADT,Unknown
F-M-I_494,MN,Dakota,road-capacity-expansion,FROM TH 55 TO I 35 E,1/1/1992,1/1/2012,,rural,,11713,after,I 494,,unknown,unknown,unknown,unknown,unknown,unknown,unknown,unknown,unknown,principal arterial,11713_7,2021-01-01,0:00:00,24:00:00,volume,78443.0,AADT,1,298,,0:00:00,24:00:00,volume,112803.3206,AADT,Unknown
F-M-I_494,MN,Dakota,road-capacity-expansion,FROM TH 55 TO I 35 E,1/1/1992,1/1/2012,,rural,,11713,after,I 494,,unknown,unknown,unknown,unknown,unknown,unknown,unknown,unknown,unknown,principal arterial,11713_8,2022-01-01,0:00:00,24:00:00,volume,88838.0,AADT,1,298,,0:00:00,24:00:00,volume,112803.3206,AADT,Unknown
F-M-I_494,MN,Dakota,road-capacity-expansion,FROM TH 55 TO I 35 E,1/1/1992,1/1/2012,,rural,,11713,after,I 494,,unknown,unknown,unknown,unknown,unknown,unknown,unknown,unknown,unknown,principal arterial,11713_9,2023-01-01,0:00:00,24:00:00,volume,83102.0,AADT,1,298,,0:00:00,24:00:00,volume,112803.3206,AADT,Unknown
F-M-I_494,MN,Dakota,road-capacity-expansion,FROM TH 55 TO I 35 E,1/1/1992,1/1/2012,,rural,,11713,after,I 494,,unknown,unknown,unknown,unknown,unknown,unknown,unknown,unknown,unknown,principal arterial,11713_10,2024-01-01,0:00:00,24:00:00,volume,74990.0,AADT,1,298,,0:00:00,24:00:00,volume,112803.3206,AADT,Unknown
F-M-I_494,MN,Dakota,road-capacity-expansion,FROM TH 55 TO I 35 E,1/1/1992,1/1/2012,,rural,,11713,after,I 494,,unknown,unknown,unknown,unknown,unknown,unknown,unknown,unknown,unknown,principal arterial,11713_11,2025-01-01,0:00:00,24:00:00,volume,76976.0,AADT,1,298,,0:00:00,24:00:00,volume,112803.3206,AADT,Unknown
F-M-MN13,MN,Dakota,road-capacity-expansion,,1/1/1990,1/1/2010,,rural,,10622,after,TH 13,,unknown,unknown,unknown,unknown,unknown,unknown,unknown,unknown,unknown,principal arterial,10622_1,2010-01-01,0:00:00,24:00:00,volume,8900.0,AADT,1,302,,0:00:00,24:00:00,volume,42858.12117,AADT,Unknown
F-M-MN13,MN,Dakota,road-capacity-expansion,,1/1/1990,1/1/2010,,rural,,10622,after,TH 13,,unknown,unknown,unknown,unknown,unknown,unknown,unknown,unknown,unknown,principal arterial,10622_2,2016-01-01,0:00:00,24:00:00,volume,9908.0,AADT,1,302,,0:00:00,24:00:00,volume,42858.12117,AADT,Unknown
F-M-MN13,MN,Dakota,road-capacity-expansion,,1/1/1990,1/1/2010,,rural,,10622,after,TH 13,,unknown,unknown,unknown,unknown,unknown,unknown,unknown,unknown,unknown,principal arterial,10622_3,2017-01-01,0:00:00,24:00:00,volume,10081.0,AADT,1,302,,0:00:00,24:00:00,volume,42858.12117,AADT,Unknown
F-M-MN13,MN,Dakota,road-capacity-expansion,,1/1/1990,1/1/2010,,rural,,10622,after,TH 13,,unknown,unknown,unknown,unknown,unknown,unknown,unknown,unknown,unknown,principal arterial,10622_4,2018-01-01,0:00:00,24:00:00,volume,10120.0,AADT,1,302,,0:00:00,24:00:00,volume,42858.12117,AADT,Unknown
F-M-MN13,MN,Dakota,road-capacity-expansion,,1/1/1990,1/1/2010,,rural,,10622,after,TH 13,,unknown,unknown,unknown,unknown,unknown,unknown,unknown,unknown,unknown,principal arterial,10622_5,2019-01-01,0:00:00,24:00:00,volume,10100.0,AADT,1,302,,0:00:00,24:00:00,volume,42858.12117,AADT,Unknown
F-M-MN13,MN,Dakota,road-capacity-expansion,,1/1/1990,1/1/2010,,rural,,10622,after,TH 13,,unknown,unknown,unknown,unknown,unknown,unknown,unknown,unknown,unknown,principal arterial,10622_6,2020-01-01,0:00:00,24:00:00,volume,7567.0,AADT,1,302,,0:00:00,24:00:00,volume,42858.12117,AADT,Unknown
F-M-MN13,MN,Dakota,road-capacity-expansion,,1/1/1990,1/1/2010,,rural,,10622,after,TH 13,,unknown,unknown,unknown,unknown,unknown,unknown,unknown,unknown,unknown,principal arterial,10622_7,2021-01-01,0:00:00,24:00:00,volume,8354.0,AADT,1,302,,0:00:00,24:00:00,volume,42858.12117,AADT,Unknown
F-M-MN13,MN,Dakota,road-capacity-expansion,,1/1/1990,1/1/2010,,rural,,10622,after,TH 13,,unknown,unknown,unknown,unknown,unknown,unknown,unknown,unknown,unknown,principal arterial,10622_8,2022-01-01,0:00:00,24:00:00,volume,8580.0,AADT,1,302,,0:00:00,24:00:00,volume,42858.12117,AADT,Unknown
F-M-MN13,MN,Dakota,road-capacity-expansion,,1/1/1990,1/1/2010,,rural,,10622,after,TH 13,,unknown,unknown,unknown,unknown,unknown,unknown,unknown,unknown,unknown,principal arterial,10622_9,2023-01-01,0:00:00,24:00:00,volume,11773.0,AADT,1,302,,0:00:00,24:00:00,volume,42858.12117,AADT,Unknown
F-M-MN13,MN,Dakota,road-capacity-expansion,,1/1/1990,1/1/2010,,rural,,10622,after,TH 13,,unknown,unknown,unknown,unknown,unknown,unknown,unknown,unknown,unknown,principal arterial,10622_10,2024-01-01,0:00:00,24:00:00,volume,11371.0,AADT,1,302,,0:00:00,24:00:00,volume,42858.12117,AADT,Unknown
F-M-MN13,MN,Dakota,road-capacity-expansion,,1/1/1990,1/1/2010,,rural,,10622,after,TH 13,,unknown,unknown,unknown,unknown,unknown,unknown,unknown,unknown,unknown,principal arterial,10622_11,2025-01-01,0:00:00,24:00:00,volume,11654.0,AADT,1,302,,0:00:00,24:00:00,volume,42858.12117,AADT,Unknown
F-M-MN3,MN,Dakota,road-capacity-expansion,,1/1/1990,1/1/2010,,rural,,9860,after,TH 3,,unknown,unknown,unknown,unknown,unknown,unknown,unknown,unknown,unknown,principal arterial,9860_1,2010-01-01,0:00:00,24:00:00,volume,10400.0,AADT,1,306,,0:00:00,24:00:00,volume,9896.055684,AADT,Unknown
F-M-MN3,MN,Dakota,road-capacity-expansion,,1/1/1990,1/1/2010,,rural,,9860,after,TH 3,,unknown,unknown,unknown,unknown,unknown,unknown,unknown,unknown,unknown,principal arterial,9860_2,2016-01-01,0:00:00,24:00:00,volume,12536.0,AADT,1,306,,0:00:00,24:00:00,volume,9896.055684,AADT,Unknown
F-M-MN3,MN,Dakota,road-capacity-expansion,,1/1/1990,1/1/2010,,rural,,9860,after,TH 3,,unknown,unknown,unknown,unknown,unknown,unknown,unknown,unknown,unknown,principal arterial,9860_3,2017-01-01,0:00:00,24:00:00,volume,12755.0,AADT,1,306,,0:00:00,24:00:00,volume,9896.055684,AADT,Unknown
F-M-MN3,MN,Dakota,road-capacity-expansion,,1/1/1990,1/1/2010,,rural,,9860,after,TH 3,,unknown,unknown,unknown,unknown,unknown,unknown,unknown,unknown,unknown,principal arterial,9860_4,2018-01-01,0:00:00,24:00:00,volume,13200.0,AADT,1,306,,0:00:00,24:00:00,volume,9896.055684,AADT,Unknown
F-M-MN3,MN,Dakota,road-capacity-expansion,,1/1/1990,1/1/2010,,rural,,9860,after,TH 3,,unknown,unknown,unknown,unknown,unknown,unknown,unknown,unknown,unknown,principal arterial,9860_5,2019-01-01,0:00:00,24:00:00,volume,12976.0,AADT,1,306,,0:00:00,24:00:00,volume,9896.055684,AADT,Unknown
F-M-MN3,MN,Dakota,road-capacity-expansion,,1/1/1990,1/1/2010,,rural,,9860,after,TH 3,,unknown,unknown,unknown,unknown,unknown,unknown,unknown,unknown,unknown,principal arterial,9860_6,2020-01-01,0:00:00,24:00:00,volume,9722.0,AADT,1,306,,0:00:00,24:00:00,volume,9896.055684,AADT,Unknown
F-M-MN3,MN,Dakota,road-capacity-expansion,,1/1/1990,1/1/2010,,rural,,9860,after,TH 3,,unknown,unknown,unknown,unknown,unknown,unknown,unknown,unknown,unknown,principal arterial,9860_7,2021-01-01,0:00:00,24:00:00,volume,10733.0,AADT,1,306,,0:00:00,24:00:00,volume,9896.055684,AADT,Unknown
F-M-MN3,MN,Dakota,road-capacity-expansion,,1/1/1990,1/1/2010,,rural,,9860,after,TH 3,,unknown,unknown,unknown,unknown,unknown,unknown,unknown,unknown,unknown,principal arterial,9860_8,2022-01-01,0:00:00,24:00:00,volume,11023.0,AADT,1,306,,0:00:00,24:00:00,volume,9896.055684,AADT,Unknown
F-M-MN3,MN,Dakota,road-capacity-expansion,,1/1/1990,1/1/2010,,rural,,9860,after,TH 3,,unknown,unknown,unknown,unknown,unknown,unknown,unknown,unknown,unknown,principal arterial,9860_9,2023-01-01,0:00:00,24:00:00,volume,13335.0,AADT,1,306,,0:00:00,24:00:00,volume,9896.055684,AADT,Unknown
F-M-MN3,MN,Dakota,road-capacity-expansion,,1/1/1990,1/1/2010,,rural,,9860,after,TH 3,,unknown,unknown,unknown,unknown,unknown,unknown,unknown,unknown,unknown,principal arterial,9860_10,2024-01-01,0:00:00,24:00:00,volume,12396.0,AADT,1,306,,0:00:00,24:00:00,volume,9896.055684,AADT,Unknown
F-M-MN3,MN,Dakota,road-capacity-expansion,,1/1/1990,1/1/2010,,rural,,9860,after,TH 3,,unknown,unknown,unknown,unknown,unknown,unknown,unknown,unknown,unknown,principal arterial,9860_11,2025-01-01,0:00:00,24:00:00,volume,13203.0,AADT,1,306,,0:00:00,24:00:00,volume,9896.055684,AADT,Unknown
F-M-MN5,MN,Carver,road-capacity-expansion,TH 5 from CSAH 17 to Heritage Rd.,1/1/1990,1/1/2010,,rural,,10722,after,TH 5,,unknown,unknown,unknown,unknown,unknown,unknown,unknown,unknown,unknown,principal arterial,10722_1,2010-01-01,0:00:00,24:00:00,volume,39000.0,AADT,1,301,,0:00:00,24:00:00,volume,45092.8031,AADT,Unknown
F-M-MN5,MN,Carver,road-capacity-expansion,TH 5 from CSAH 17 to Heritage Rd.,1/1/1990,1/1/2010,,rural,,10722,after,TH 5,,unknown,unknown,unknown,unknown,unknown,unknown,unknown,unknown,unknown,principal arterial,10722_2,2016-01-01,0:00:00,24:00:00,volume,36000.0,AADT,1,301,,0:00:00,24:00:00,volume,45092.8031,AADT,Unknown
F-M-MN5,MN,Carver,road-capacity-expansion,TH 5 from CSAH 17 to Heritage Rd.,1/1/1990,1/1/2010,,rural,,10722,after,TH 5,,unknown,unknown,unknown,unknown,unknown,unknown,unknown,unknown,unknown,principal arterial,10722_3,2017-01-01,0:00:00,24:00:00,volume,36630.0,AADT,1,301,,0:00:00,24:00:00,volume,45092.8031,AADT,Unknown
F-M-MN5,MN,Carver,road-capacity-expansion,TH 5 from CSAH 17 to Heritage Rd.,1/1/1990,1/1/2010,,rural,,10722,after,TH 5,,unknown,unknown,unknown,unknown,unknown,unknown,unknown,unknown,unknown,principal arterial,10722_4,2018-01-01,0:00:00,24:00:00,volume,36773.0,AADT,1,301,,0:00:00,24:00:00,volume,45092.8031,AADT,Unknown
F-M-MN5,MN,Carver,road-capacity-expansion,TH 5 from CSAH 17 to Heritage Rd.,1/1/1990,1/1/2010,,rural,,10722,after,TH 5,,unknown,unknown,unknown,unknown,unknown,unknown,unknown,unknown,unknown,principal arterial,10722_5,2019-01-01,0:00:00,24:00:00,volume,37168.0,AADT,1,301,,0:00:00,24:00:00,volume,45092.8031,AADT,Unknown
F-M-MN5,MN,Carver,road-capacity-expansion,TH 5 from CSAH 17 to Heritage Rd.,1/1/1990,1/1/2010,,rural,,10722,after,TH 5,,unknown,unknown,unknown,unknown,unknown,unknown,unknown,unknown,unknown,principal arterial,10722_6,2020-01-01,0:00:00,24:00:00,volume,27847.0,AADT,1,301,,0:00:00,24:00:00,volume,45092.8031,AADT,Unknown
F-M-MN5,MN,Carver,road-capacity-expansion,TH 5 from CSAH 17 to Heritage Rd.,1/1/1990,1/1/2010,,rural,,10722,after,TH 5,,unknown,unknown,unknown,unknown,unknown,unknown,unknown,unknown,unknown,principal arterial,10722_7,2021-01-01,0:00:00,24:00:00,volume,34997.0,AADT,1,301,,0:00:00,24:00:00,volume,45092.8031,AADT,Unknown
F-M-MN5,MN,Carver,road-capacity-expansion,TH 5 from CSAH 17 to Heritage Rd.,1/1/1990,1/1/2010,,rural,,10722,after,TH 5,,unknown,unknown,unknown,unknown,unknown,unknown,unknown,unknown,unknown,principal arterial,10722_8,2022-01-01,0:00:00,24:00:00,volume,35942.0,AADT,1,301,,0:00:00,24:00:00,volume,45092.8031,AADT,Unknown
F-M-MN5,MN,Carver,road-capacity-expansion,TH 5 from CSAH 17 to Heritage Rd.,1/1/1990,1/1/2010,,rural,,10722,after,TH 5,,unknown,unknown,unknown,unknown,unknown,unknown,unknown,unknown,unknown,principal arterial,10722_9,2023-01-01,0:00:00,24:00:00,volume,36573.0,AADT,1,301,,0:00:00,24:00:00,volume,45092.8031,AADT,Unknown
F-M-MN5,MN,Carver,road-capacity-expansion,TH 5 from CSAH 17 to Heritage Rd.,1/1/1990,1/1/2010,,rural,,10722,after,TH 5,,unknown,unknown,unknown,unknown,unknown,unknown,unknown,unknown,unknown,principal arterial,10722_10,2024-01-01,0:00:00,24:00:00,volume,36899.0,AADT,1,301,,0:00:00,24:00:00,volume,45092.8031,AADT,Unknown
F-M-MN5,MN,Carver,road-capacity-expansion,TH 5 from CSAH 17 to Heritage Rd.,1/1/1990,1/1/2010,,rural,,10722,after,TH 5,,unknown,unknown,unknown,unknown,unknown,unknown,unknown,unknown,unknown,principal arterial,10722_11,2025-01-01,0:00:00,24:00:00,volume,33466.0,AADT,1,301,,0:00:00,24:00:00,volume,45092.8031,AADT,Unknown
F-M-TH35E,MN,Anoka and Ramsey,road-capacity-expansion,TH35E From TH694 to North Junction TH35W,1/1/1993,1/1/2013,,rural,6.49,10478,after,TH 35 E,,unknown,unknown,unknown,unknown,unknown,unknown,unknown,unknown,unknown,principal arterial,10478_1,2013-01-01,0:00:00,24:00:00,volume,38000.0,AADT,1,270,,0:00:00,24:00:00,volume,45771.33607,AADT,Trendline
F-M-TH35E,MN,Anoka and Ramsey,road-capacity-expansion,TH35E From TH694 to North Junction TH35W,1/1/1993,1/1/2013,,rural,6.49,10478,after,TH 35 E,,unknown,unknown,unknown,unknown,unknown,unknown,unknown,unknown,unknown,principal arterial,10478_2,2016-01-01,0:00:00,24:00:00,volume,39000.0,AADT,1,270,,0:00:00,24:00:00,volume,45771.33607,AADT,Trendline
F-M-TH35E,MN,Anoka and Ramsey,road-capacity-expansion,TH35E From TH694 to North Junction TH35W,1/1/1993,1/1/2013,,rural,6.49,10478,after,TH 35 E,,unknown,unknown,unknown,unknown,unknown,unknown,unknown,unknown,unknown,principal arterial,10478_3,2017-01-01,0:00:00,24:00:00,volume,42000.0,AADT,1,270,,0:00:00,24:00:00,volume,45771.33607,AADT,Trendline
F-M-TH35E,MN,Anoka and Ramsey,road-capacity-expansion,TH35E From TH694 to North Junction TH35W,1/1/1993,1/1/2013,,rural,6.49,10478,after,TH 35 E,,unknown,unknown,unknown,unknown,unknown,unknown,unknown,unknown,unknown,principal arterial,10478_4,2018-01-01,0:00:00,24:00:00,volume,40500.0,AADT,1,270,,0:00:00,24:00:00,volume,45771.33607,AADT,Trendline
F-M-TH35E,MN,Anoka and Ramsey,road-capacity-expansion,TH35E From TH694 to North Junction TH35W,1/1/1993,1/1/2013,,rural,6.49,10478,after,TH 35 E,,unknown,unknown,unknown,unknown,unknown,unknown,unknown,unknown,unknown,principal arterial,10478_5,2019-01-01,0:00:00,24:00:00,volume,39500.0,AADT,1,270,,0:00:00,24:00:00,volume,45771.33607,AADT,Trendline
F-M-TH35E,MN,Anoka and Ramsey,road-capacity-expansion,TH35E From TH694 to North Junction TH35W,1/1/1993,1/1/2013,,rural,6.49,10478,after,TH 35 E,,unknown,unknown,unknown,unknown,unknown,unknown,unknown,unknown,unknown,principal arterial,10478_6,2020-01-01,0:00:00,24:00:00,volume,35000.0,AADT,1,270,,0:00:00,24:00:00,volume,45771.33607,AADT,Trendline
F-M-TH35E,MN,Anoka and Ramsey,road-capacity-expansion,TH35E From TH694 to North Junction TH35W,1/1/1993,1/1/2013,,rural,6.49,10478,after,TH 35 E,,unknown,unknown,unknown,unknown,unknown,unknown,unknown,unknown,unknown,principal arterial,10478_7,2021-01-01,0:00:00,24:00:00,volume,39806.0,AADT,1,270,,0:00:00,24:00:00,volume,45771.33607,AADT,Trendline
F-M-TH35E,MN,Anoka and Ramsey,road-capacity-expansion,TH35E From TH694 to North Junction TH35W,1/1/1993,1/1/2013,,rural,6.49,10478,after,TH 35 E,,unknown,unknown,unknown,unknown,unknown,unknown,unknown,unknown,unknown,principal arterial,10478_8,2022-01-01,0:00:00,24:00:00,volume,39021.0,AADT,1,270,,0:00:00,24:00:00,volume,45771.33607,AADT,Trendline
F-M-TH35E,MN,Anoka and Ramsey,road-capacity-expansion,TH35E From TH694 to North Junction TH35W,1/1/1993,1/1/2013,,rural,6.49,10478,after,TH 35 E,,unknown,unknown,unknown,unknown,unknown,unknown,unknown,unknown,unknown,principal arterial,10478_9,2023-01-01,0:00:00,24:00:00,volume,41363.0,AADT,1,270,,0:00:00,24:00:00,volume,45771.33607,AADT,Trendline
F-M-TH35E,MN,Anoka and Ramsey,road-capacity-expansion,TH35E From TH694 to North Junction TH35W,1/1/1993,1/1/2013,,rural,6.49,10478,after,TH 35 E,,unknown,unknown,unknown,unknown,unknown,unknown,unknown,unknown,unknown,principal arterial,10478_10,2024-01-01,0:00:00,24:00:00,volume,42239.0,AADT,1,270,,0:00:00,24:00:00,volume,45771.33607,AADT,Trendline
F-M-TH35E,MN,Anoka and Ramsey,road-capacity-expansion,TH35E From TH694 to North Junction TH35W,1/1/1993,1/1/2013,,rural,6.49,10478,after,TH 35 E,,unknown,unknown,unknown,unknown,unknown,unknown,unknown,unknown,unknown,principal arterial,10478_11,2025-01-01,0:00:00,24:00:00,volume,40435.0,AADT,1,270,,0:00:00,24:00:00,volume,45771.33607,AADT,Trendline
F-M-TH35E,MN,Anoka and Ramsey,road-capacity-expansion,TH35E From TH694 to North Junction TH35W,1/1/1993,1/1/2013,,rural,6.49,11464,after,TH 35 E,,unknown,unknown,unknown,unknown,unknown,unknown,unknown,unknown,unknown,principal arterial,11464_1,2013-01-01,0:00:00,24:00:00,volume,57000.0,AADT,1,272,,0:00:00,24:00:00,volume,63148.54306,AADT,Trendline
F-M-TH35E,MN,Anoka and Ramsey,road-capacity-expansion,TH35E From TH694 to North Junction TH35W,1/1/1993,1/1/2013,,rural,6.49,11464,after,TH 35 E,,unknown,unknown,unknown,unknown,unknown,unknown,unknown,unknown,unknown,principal arterial,11464_2,2016-01-01,0:00:00,24:00:00,volume,37000.0,AADT,1,272,,0:00:00,24:00:00,volume,63148.54306,AADT,Trendline
F-M-TH35E,MN,Anoka and Ramsey,road-capacity-expansion,TH35E From TH694 to North Junction TH35W,1/1/1993,1/1/2013,,rural,6.49,11464,after,TH 35 E,,unknown,unknown,unknown,unknown,unknown,unknown,unknown,unknown,unknown,principal arterial,11464_3,2017-01-01,0:00:00,24:00:00,volume,56000.0,AADT,1,272,,0:00:00,24:00:00,volume,63148.54306,AADT,Trendline
F-M-TH35E,MN,Anoka and Ramsey,road-capacity-expansion,TH35E From TH694 to North Junction TH35W,1/1/1993,1/1/2013,,rural,6.49,11464,after,TH 35 E,,unknown,unknown,unknown,unknown,unknown,unknown,unknown,unknown,unknown,principal arterial,11464_4,2018-01-01,0:00:00,24:00:00,volume,56000.0,AADT,1,272,,0:00:00,24:00:00,volume,63148.54306,AADT,Trendline
F-M-TH35E,MN,Anoka and Ramsey,road-capacity-expansion,TH35E From TH694 to North Junction TH35W,1/1/1993,1/1/2013,,rural,6.49,11464,after,TH 35 E,,unknown,unknown,unknown,unknown,unknown,unknown,unknown,unknown,unknown,principal arterial,11464_5,2019-01-01,0:00:00,24:00:00,volume,57000.0,AADT,1,272,,0:00:00,24:00:00,volume,63148.54306,AADT,Trendline
F-M-TH35E,MN,Anoka and Ramsey,road-capacity-expansion,TH35E From TH694 to North Junction TH35W,1/1/1993,1/1/2013,,rural,6.49,11464,after,TH 35 E,,unknown,unknown,unknown,unknown,unknown,unknown,unknown,unknown,unknown,principal arterial,11464_6,2020-01-01,0:00:00,24:00:00,volume,50343.0,AADT,1,272,,0:00:00,24:00:00,volume,63148.54306,AADT,Trendline
F-M-TH35E,MN,Anoka and Ramsey,road-capacity-expansion,TH35E From TH694 to North Junction TH35W,1/1/1993,1/1/2013,,rural,6.49,11464,after,TH 35 E,,unknown,unknown,unknown,unknown,unknown,unknown,unknown,unknown,unknown,principal arterial,11464_7,2021-01-01,0:00:00,24:00:00,volume,57269.0,AADT,1,272,,0:00:00,24:00:00,volume,63148.54306,AADT,Trendline
F-M-TH35E,MN,Anoka and Ramsey,road-capacity-expansion,TH35E From TH694 to North Junction TH35W,1/1/1993,1/1/2013,,rural,6.49,11464,after,TH 35 E,,unknown,unknown,unknown,unknown,unknown,unknown,unknown,unknown,unknown,principal arterial,11464_8,2022-01-01,0:00:00,24:00:00,volume,56165.0,AADT,1,272,,0:00:00,24:00:00,volume,63148.54306,AADT,Trendline
F-M-TH35E,MN,Anoka and Ramsey,road-capacity-expansion,TH35E From TH694 to North Junction TH35W,1/1/1993,1/1/2013,,rural,6.49,11464,after,TH 35 E,,unknown,unknown,unknown,unknown,unknown,unknown,unknown,unknown,unknown,principal arterial,11464_9,2023-01-01,0:00:00,24:00:00,volume,58603.0,AADT,1,272,,0:00:00,24:00:00,volume,63148.54306,AADT,Trendline
F-M-TH35E,MN,Anoka and Ramsey,road-capacity-expansion,TH35E From TH694 to North Junction TH35W,1/1/1993,1/1/2013,,rural,6.49,11464,after,TH 35 E,,unknown,unknown,unknown,unknown,unknown,unknown,unknown,unknown,unknown,principal arterial,11464_10,2024-01-01,0:00:00,24:00:00,volume,61231.0,AADT,1,272,,0:00:00,24:00:00,volume,63148.54306,AADT,Trendline
F-M-TH35E,MN,Anoka and Ramsey,road-capacity-expansion,TH35E From TH694 to North Junction TH35W,1/1/1993,1/1/2013,,rural,6.49,11464,after,TH 35 E,,unknown,unknown,unknown,unknown,unknown,unknown,unknown,unknown,unknown,principal arterial,11464_11,2025-01-01,0:00:00,24:00:00,volume,62800.0,AADT,1,272,,0:00:00,24:00:00,volume,63148.54306,AADT,Trendline
F-M-TH35E,MN,Anoka and Ramsey,road-capacity-expansion,TH35E From TH694 to North Junction TH35W,1/1/1993,1/1/2013,,rural,6.49,11690,after,TH 35 E,,unknown,unknown,unknown,unknown,unknown,unknown,unknown,unknown,unknown,principal arterial,11690_1,2013-01-01,0:00:00,24:00:00,volume,45000.0,AADT,1,271,,0:00:00,24:00:00,volume,55027.82215,AADT,Trendline
F-M-TH35E,MN,Anoka and Ramsey,road-capacity-expansion,TH35E From TH694 to North Junction TH35W,1/1/1993,1/1/2013,,rural,6.49,11690,after,TH 35 E,,unknown,unknown,unknown,unknown,unknown,unknown,unknown,unknown,unknown,principal arterial,11690_2,2016-01-01,0:00:00,24:00:00,volume,43000.0,AADT,1,271,,0:00:00,24:00:00,volume,55027.82215,AADT,Trendline
F-M-TH35E,MN,Anoka and Ramsey,road-capacity-expansion,TH35E From TH694 to North Junction TH35W,1/1/1993,1/1/2013,,rural,6.49,11690,after,TH 35 E,,unknown,unknown,unknown,unknown,unknown,unknown,unknown,unknown,unknown,principal arterial,11690_3,2017-01-01,0:00:00,24:00:00,volume,50000.0,AADT,1,271,,0:00:00,24:00:00,volume,55027.82215,AADT,Trendline
F-M-TH35E,MN,Anoka and Ramsey,road-capacity-expansion,TH35E From TH694 to North Junction TH35W,1/1/1993,1/1/2013,,rural,6.49,11690,after,TH 35 E,,unknown,unknown,unknown,unknown,unknown,unknown,unknown,unknown,unknown,principal arterial,11690_4,2018-01-01,0:00:00,24:00:00,volume,49500.0,AADT,1,271,,0:00:00,24:00:00,volume,55027.82215,AADT,Trendline
F-M-TH35E,MN,Anoka and Ramsey,road-capacity-expansion,TH35E From TH694 to North Junction TH35W,1/1/1993,1/1/2013,,rural,6.49,11690,after,TH 35 E,,unknown,unknown,unknown,unknown,unknown,unknown,unknown,unknown,unknown,principal arterial,11690_5,2019-01-01,0:00:00,24:00:00,volume,50000.0,AADT,1,271,,0:00:00,24:00:00,volume,55027.82215,AADT,Trendline
F-M-TH35E,MN,Anoka and Ramsey,road-capacity-expansion,TH35E From TH694 to North Junction TH35W,1/1/1993,1/1/2013,,rural,6.49,11690,after,TH 35 E,,unknown,unknown,unknown,unknown,unknown,unknown,unknown,unknown,unknown,principal arterial,11690_6,2020-01-01,0:00:00,24:00:00,volume,42000.0,AADT,1,271,,0:00:00,24:00:00,volume,55027.82215,AADT,Trendline
F-M-TH35E,MN,Anoka and Ramsey,road-capacity-expansion,TH35E From TH694 to North Junction TH35W,1/1/1993,1/1/2013,,rural,6.49,11690,after,TH 35 E,,unknown,unknown,unknown,unknown,unknown,unknown,unknown,unknown,unknown,principal arterial,11690_7,2021-01-01,0:00:00,24:00:00,volume,48056.0,AADT,1,271,,0:00:00,24:00:00,volume,55027.82215,AADT,Trendline
F-M-TH35E,MN,Anoka and Ramsey,road-capacity-expansion,TH35E From TH694 to North Junction TH35W,1/1/1993,1/1/2013,,rural,6.49,11690,after,TH 35 E,,unknown,unknown,unknown,unknown,unknown,unknown,unknown,unknown,unknown,principal arterial,11690_8,2022-01-01,0:00:00,24:00:00,volume,47471.0,AADT,1,271,,0:00:00,24:00:00,volume,55027.82215,AADT,Trendline
F-M-TH35E,MN,Anoka and Ramsey,road-capacity-expansion,TH35E From TH694 to North Junction TH35W,1/1/1993,1/1/2013,,rural,6.49,11690,after,TH 35 E,,unknown,unknown,unknown,unknown,unknown,unknown,unknown,unknown,unknown,principal arterial,11690_9,2023-01-01,0:00:00,24:00:00,volume,49184.0,AADT,1,271,,0:00:00,24:00:00,volume,55027.82215,AADT,Trendline
F-M-TH35E,MN,Anoka and Ramsey,road-capacity-expansion,TH35E From TH694 to North Junction TH35W,1/1/1993,1/1/2013,,rural,6.49,11690,after,TH 35 E,,unknown,unknown,unknown,unknown,unknown,unknown,unknown,unknown,unknown,principal arterial,11690_10,2024-01-01,0:00:00,24:00:00,volume,50894.0,AADT,1,271,,0:00:00,24:00:00,volume,55027.82215,AADT,Trendline
F-M-TH35E,MN,Anoka and Ramsey,road-capacity-expansion,TH35E From TH694 to North Junction TH35W,1/1/1993,1/1/2013,,rural,6.49,11690,after,TH 35 E,,unknown,unknown,unknown,unknown,unknown,unknown,unknown,unknown,unknown,principal arterial,11690_11,2025-01-01,0:00:00,24:00:00,volume,52092.0,AADT,1,271,,0:00:00,24:00:00,volume,55027.82215,AADT,Trendline
FM-0804,MN,Hennepin and Dakota,road-capacity-expansion,SB from 106th St to MN 13,1/1/2010,1/1/2030,6/1/2021,exurban,2.91,11705,before,I-35W,,65,11,0,0,9,0,0,0,14,freeway,11705_1,2010-01-01,0:00:00,24:00:00,volume,85000.0,AADT,0,527,,0:00:00,24:00:00,volume,111553.7518,AADT,Travel Model
FM-0804,MN,Hennepin and Dakota,road-capacity-expansion,SB from 106th St to MN 13,1/1/2010,1/1/2030,6/1/2021,exurban,2.91,11705,before,I-35W,,65,11,0,0,9,0,0,0,14,freeway,11705_2,2016-01-01,0:00:00,24:00:00,volume,95000.0,AADT,0,527,,0:00:00,24:00:00,volume,111553.7518,AADT,Travel Model
FM-0804,MN,Hennepin and Dakota,road-capacity-expansion,SB from 106th St to MN 13,1/1/2010,1/1/2030,6/1/2021,exurban,2.91,11705,before,I-35W,,65,11,0,0,9,0,0,0,14,freeway,11705_3,2017-01-01,0:00:00,24:00:00,volume,96000.0,AADT,0,527,,0:00:00,24:00:00,volume,111553.7518,AADT,Travel Model
FM-0804,MN,Hennepin and Dakota,road-capacity-expansion,SB from 106th St to MN 13,1/1/2010,1/1/2030,6/1/2021,exurban,2.91,11705,before,I-35W,,65,11,0,0,9,0,0,0,14,freeway,11705_4,2018-01-01,0:00:00,24:00:00,volume,93000.0,AADT,0,527,,0:00:00,24:00:00,volume,111553.7518,AADT,Travel Model
FM-0804,MN,Hennepin and Dakota,road-capacity-expansion,SB from 106th St to MN 13,1/1/2010,1/1/2030,6/1/2021,exurban,2.91,11705,before,I-35W,,65,11,0,0,9,0,0,0,14,freeway,11705_5,2019-01-01,0:00:00,24:00:00,volume,92000.0,AADT,0,527,,0:00:00,24:00:00,volume,111553.7518,AADT,Travel Model
FM-0804,MN,Hennepin and Dakota,road-capacity-expansion,SB from 106th St to MN 13,1/1/2010,1/1/2030,6/1/2021,exurban,2.91,11705,before,I-35W,,65,11,0,0,9,0,0,0,14,freeway,11705_6,2020-01-01,0:00:00,24:00:00,volume,74059.0,AADT,0,527,,0:00:00,24:00:00,volume,111553.7518,AADT,Travel Model
FM-0804,MN,Hennepin and Dakota,road-capacity-expansion,SB from 106th St to MN 13,1/1/2010,1/1/2030,6/1/2021,exurban,2.91,11705,before,I-35W,,65,11,0,0,9,0,0,0,14,freeway,11705_7,2021-01-01,0:00:00,24:00:00,volume,86344.0,AADT,0,527,,0:00:00,24:00:00,volume,111553.7518,AADT,Travel Model
FM-0804,MN,Hennepin and Dakota,road-capacity-expansion,SB from 106th St to MN 13,1/1/2010,1/1/2030,6/1/2021,exurban,2.91,11705,after,I-35W,,65,11,0,0,9,0,0,0,14,freeway,11705_8,2022-01-01,0:00:00,24:00:00,volume,94603.0,AADT,1,527,,0:00:00,24:00:00,volume,111553.7518,AADT,Travel Model
FM-0804,MN,Hennepin and Dakota,road-capacity-expansion,SB from 106th St to MN 13,1/1/2010,1/1/2030,6/1/2021,exurban,2.91,11705,after,I-35W,,65,11,0,0,9,0,0,0,14,freeway,11705_9,2023-01-01,0:00:00,24:00:00,volume,93141.0,AADT,1,527,,0:00:00,24:00:00,volume,111553.7518,AADT,Travel Model
FM-0804,MN,Hennepin and Dakota,road-capacity-expansion,SB from 106th St to MN 13,1/1/2010,1/1/2030,6/1/2021,exurban,2.91,11705,after,I-35W,,65,11,0,0,9,0,0,0,14,freeway,11705_10,2024-01-01,0:00:00,24:00:00,volume,94497.0,AADT,1,527,,0:00:00,24:00:00,volume,111553.7518,AADT,Travel Model
FM-0804,MN,Hennepin and Dakota,road-capacity-expansion,SB from 106th St to MN 13,1/1/2010,1/1/2030,6/1/2021,exurban,2.91,11705,after,I-35W,,65,11,0,0,9,0,0,0,14,freeway,11705_11,2025-01-01,0:00:00,24:00:00,volume,92411.0,AADT,1,527,,0:00:00,24:00:00,volume,111553.7518,AADT,Travel Model
FM-0804,MN,Hennepin and Dakota,road-capacity-expansion,SB from 106th St to MN 13,1/1/2010,1/1/2030,6/1/2021,exurban,2.91,11706,before,I-35W,,65,11,0,0,7,0,0,2,12,freeway,11706_1,2010-01-01,0:00:00,24:00:00,volume,99000.0,AADT,0,526,,0:00:00,24:00:00,volume,121170.4545,AADT,Travel Model
FM-0804,MN,Hennepin and Dakota,road-capacity-expansion,SB from 106th St to MN 13,1/1/2010,1/1/2030,6/1/2021,exurban,2.91,11706,before,I-35W,,65,11,0,0,7,0,0,2,12,freeway,11706_2,2016-01-01,0:00:00,24:00:00,volume,113000.0,AADT,0,526,,0:00:00,24:00:00,volume,121170.4545,AADT,Travel Model
FM-0804,MN,Hennepin and Dakota,road-capacity-expansion,SB from 106th St to MN 13,1/1/2010,1/1/2030,6/1/2021,exurban,2.91,11706,before,I-35W,,65,11,0,0,7,0,0,2,12,freeway,11706_3,2017-01-01,0:00:00,24:00:00,volume,115000.0,AADT,0,526,,0:00:00,24:00:00,volume,121170.4545,AADT,Travel Model
FM-0804,MN,Hennepin and Dakota,road-capacity-expansion,SB from 106th St to MN 13,1/1/2010,1/1/2030,6/1/2021,exurban,2.91,11706,before,I-35W,,65,11,0,0,7,0,0,2,12,freeway,11706_4,2018-01-01,0:00:00,24:00:00,volume,109000.0,AADT,0,526,,0:00:00,24:00:00,volume,121170.4545,AADT,Travel Model
FM-0804,MN,Hennepin and Dakota,road-capacity-expansion,SB from 106th St to MN 13,1/1/2010,1/1/2030,6/1/2021,exurban,2.91,11706,before,I-35W,,65,11,0,0,7,0,0,2,12,freeway,11706_5,2019-01-01,0:00:00,24:00:00,volume,107152.0,AADT,0,526,,0:00:00,24:00:00,volume,121170.4545,AADT,Travel Model
FM-0804,MN,Hennepin and Dakota,road-capacity-expansion,SB from 106th St to MN 13,1/1/2010,1/1/2030,6/1/2021,exurban,2.91,11706,before,I-35W,,65,11,0,0,7,0,0,2,12,freeway,11706_6,2020-01-01,0:00:00,24:00:00,volume,86256.0,AADT,0,526,,0:00:00,24:00:00,volume,121170.4545,AADT,Travel Model
FM-0804,MN,Hennepin and Dakota,road-capacity-expansion,SB from 106th St to MN 13,1/1/2010,1/1/2030,6/1/2021,exurban,2.91,11706,before,I-35W,,65,11,0,0,7,0,0,2,12,freeway,11706_7,2021-01-01,0:00:00,24:00:00,volume,93076.0,AADT,0,526,,0:00:00,24:00:00,volume,121170.4545,AADT,Travel Model
FM-0804,MN,Hennepin and Dakota,road-capacity-expansion,SB from 106th St to MN 13,1/1/2010,1/1/2030,6/1/2021,exurban,2.91,11706,after,I-35W,,65,11,0,0,8,0,0,2,10,freeway,11706_8,2022-01-01,0:00:00,24:00:00,volume,99567.0,AADT,1,526,,0:00:00,24:00:00,volume,121170.4545,AADT,Travel Model
FM-0804,MN,Hennepin and Dakota,road-capacity-expansion,SB from 106th St to MN 13,1/1/2010,1/1/2030,6/1/2021,exurban,2.91,11706,after,I-35W,,65,11,0,0,8,0,0,2,10,freeway,11706_9,2023-01-01,0:00:00,24:00:00,volume,98477.0,AADT,1,526,,0:00:00,24:00:00,volume,121170.4545,AADT,Travel Model
FM-0804,MN,Hennepin and Dakota,road-capacity-expansion,SB from 106th St to MN 13,1/1/2010,1/1/2030,6/1/2021,exurban,2.91,11706,after,I-35W,,65,11,0,0,8,0,0,2,10,freeway,11706_10,2024-01-01,0:00:00,24:00:00,volume,104239.0,AADT,1,526,,0:00:00,24:00:00,volume,121170.4545,AADT,Travel Model
FM-0804,MN,Hennepin and Dakota,road-capacity-expansion,SB from 106th St to MN 13,1/1/2010,1/1/2030,6/1/2021,exurban,2.91,11706,after,I-35W,,65,11,0,0,8,0,0,2,10,freeway,11706_11,2025-01-01,0:00:00,24:00:00,volume,94340.0,AADT,1,526,,0:00:00,24:00:00,volume,121170.4545,AADT,Travel Model
FM-0902,MN,Hennepin,new-roadway,Construct ew MN 610 from Fernbook to US 173,1/1/2010,1/1/2030,4/1/2017,exurban,2.622,68915,before,MN TRUNK 610,,,,,,,,,,,freeway,68915_1,2012-01-01,0:00:00,24:00:00,volume,19800.0,AADT,0,506,,0:00:00,24:00:00,volume,48303.91333,AADT,Travel Model
FM-0902,MN,Hennepin,new-roadway,Construct ew MN 610 from Fernbook to US 173,1/1/2010,1/1/2030,4/1/2017,exurban,2.622,68915,before,MN TRUNK 610,,,,,,,,,,,freeway,68915_2,2016-01-01,0:00:00,24:00:00,volume,32000.0,AADT,0,506,,0:00:00,24:00:00,volume,48303.91333,AADT,Travel Model
FM-0902,MN,Hennepin,new-roadway,Construct ew MN 610 from Fernbook to US 173,1/1/2010,1/1/2030,4/1/2017,exurban,2.622,68915,before,MN TRUNK 610,,,,,,,,,,,freeway,68915_3,2017-01-01,0:00:00,24:00:00,volume,40500.0,AADT,0,506,,0:00:00,24:00:00,volume,48303.91333,AADT,Travel Model
FM-0902,MN,Hennepin,new-roadway,Construct ew MN 610 from Fernbook to US 173,1/1/2010,1/1/2030,4/1/2017,exurban,2.622,68915,after,MN TRUNK 610,,65.0,11.0,0.0,0.0,4.0,0.0,0.0,0.0,12.0,freeway,68915_4,2018-01-01,0:00:00,24:00:00,volume,44500.0,AADT,1,506,,0:00:00,24:00:00,volume,48303.91333,AADT,Travel Model
FM-0902,MN,Hennepin,new-roadway,Construct ew MN 610 from Fernbook to US 173,1/1/2010,1/1/2030,4/1/2017,exurban,2.622,68915,after,MN TRUNK 610,,65.0,11.0,0.0,0.0,4.0,0.0,0.0,0.0,12.0,freeway,68915_5,2019-01-01,0:00:00,24:00:00,volume,44000.0,AADT,1,506,,0:00:00,24:00:00,volume,48303.91333,AADT,Travel Model
FM-0902,MN,Hennepin,new-roadway,Construct ew MN 610 from Fernbook to US 173,1/1/2010,1/1/2030,4/1/2017,exurban,2.622,68915,after,MN TRUNK 610,,65.0,11.0,0.0,0.0,4.0,0.0,0.0,0.0,12.0,freeway,68915_6,2020-01-01,0:00:00,24:00:00,volume,38500.0,AADT,1,506,,0:00:00,24:00:00,volume,48303.91333,AADT,Travel Model
FM-0902,MN,Hennepin,new-roadway,Construct ew MN 610 from Fernbook to US 173,1/1/2010,1/1/2030,4/1/2017,exurban,2.622,68915,after,MN TRUNK 610,,65.0,11.0,0.0,0.0,4.0,0.0,0.0,0.0,12.0,freeway,68915_7,2021-01-01,0:00:00,24:00:00,volume,44196.0,AADT,1,506,,0:00:00,24:00:00,volume,48303.91333,AADT,Travel Model
FM-0902,MN,Hennepin,new-roadway,Construct ew MN 610 from Fernbook to US 173,1/1/2010,1/1/2030,4/1/2017,exurban,2.622,68915,after,MN TRUNK 610,,65.0,11.0,0.0,0.0,4.0,0.0,0.0,0.0,12.0,freeway,68915_8,2022-01-01,0:00:00,24:00:00,volume,45263.0,AADT,1,506,,0:00:00,24:00:00,volume,48303.91333,AADT,Travel Model
FM-0902,MN,Hennepin,new-roadway,Construct ew MN 610 from Fernbook to US 173,1/1/2010,1/1/2030,4/1/2017,exurban,2.622,68915,after,MN TRUNK 610,,65.0,11.0,0.0,0.0,4.0,0.0,0.0,0.0,12.0,freeway,68915_9,2023-01-01,0:00:00,24:00:00,volume,46219.0,AADT,1,506,,0:00:00,24:00:00,volume,48303.91333,AADT,Travel Model
FM-0902,MN,Hennepin,new-roadway,Construct ew MN 610 from Fernbook to US 173,1/1/2010,1/1/2030,4/1/2017,exurban,2.622,68915,after,MN TRUNK 610,,65.0,11.0,0.0,0.0,4.0,0.0,0.0,0.0,12.0,freeway,68915_10,2024-01-01,0:00:00,24:00:00,volume,47665.0,AADT,1,506,,0:00:00,24:00:00,volume,48303.91333,AADT,Travel Model
FM-0902,MN,Hennepin,new-roadway,Construct ew MN 610 from Fernbook to US 173,1/1/2010,1/1/2030,4/1/2017,exurban,2.622,68915,after,MN TRUNK 610,,65.0,11.0,0.0,0.0,4.0,0.0,0.0,0.0,12.0,freeway,68915_11,2025-01-01,0:00:00,24:00:00,volume,50369.0,AADT,1,506,,0:00:00,24:00:00,volume,48303.91333,AADT,Travel Model
FM-0902,MN,Hennepin,new-roadway,Construct ew MN 610 from Fernbook to US 173,1/1/2010,1/1/2030,4/1/2017,exurban,2.622,68916,before,MN TRUNK 610,,,,,,,,,,,freeway,68916_1,2012-01-01,0:00:00,24:00:00,volume,13200.0,AADT,0,504,,0:00:00,24:00:00,volume,44630.76211,AADT,Travel Model
FM-0902,MN,Hennepin,new-roadway,Construct ew MN 610 from Fernbook to US 173,1/1/2010,1/1/2030,4/1/2017,exurban,2.622,68916,before,MN TRUNK 610,,,,,,,,,,,freeway,68916_2,2016-01-01,0:00:00,24:00:00,volume,24500.0,AADT,0,504,,0:00:00,24:00:00,volume,44630.76211,AADT,Travel Model
FM-0902,MN,Hennepin,new-roadway,Construct ew MN 610 from Fernbook to US 173,1/1/2010,1/1/2030,4/1/2017,exurban,2.622,68916,before,MN TRUNK 610,,,,,,,,,,,freeway,68916_3,2017-01-01,0:00:00,24:00:00,volume,34000.0,AADT,0,504,,0:00:00,24:00:00,volume,44630.76211,AADT,Travel Model
FM-0902,MN,Hennepin,new-roadway,Construct ew MN 610 from Fernbook to US 173,1/1/2010,1/1/2030,4/1/2017,exurban,2.622,68916,after,MN TRUNK 610,,65.0,11.0,0.0,0.0,4.0,0.0,0.0,0.0,12.0,freeway,68916_4,2018-01-01,0:00:00,24:00:00,volume,36500.0,AADT,1,504,,0:00:00,24:00:00,volume,44630.76211,AADT,Travel Model
FM-0902,MN,Hennepin,new-roadway,Construct ew MN 610 from Fernbook to US 173,1/1/2010,1/1/2030,4/1/2017,exurban,2.622,68916,after,MN TRUNK 610,,65.0,11.0,0.0,0.0,4.0,0.0,0.0,0.0,12.0,freeway,68916_5,2019-01-01,0:00:00,24:00:00,volume,37000.0,AADT,1,504,,0:00:00,24:00:00,volume,44630.76211,AADT,Travel Model
FM-0902,MN,Hennepin,new-roadway,Construct ew MN 610 from Fernbook to US 173,1/1/2010,1/1/2030,4/1/2017,exurban,2.622,68916,after,MN TRUNK 610,,65.0,11.0,0.0,0.0,4.0,0.0,0.0,0.0,12.0,freeway,68916_6,2020-01-01,0:00:00,24:00:00,volume,33000.0,AADT,1,504,,0:00:00,24:00:00,volume,44630.76211,AADT,Travel Model
FM-0902,MN,Hennepin,new-roadway,Construct ew MN 610 from Fernbook to US 173,1/1/2010,1/1/2030,4/1/2017,exurban,2.622,68916,after,MN TRUNK 610,,65.0,11.0,0.0,0.0,4.0,0.0,0.0,0.0,12.0,freeway,68916_7,2021-01-01,0:00:00,24:00:00,volume,38395.0,AADT,1,504,,0:00:00,24:00:00,volume,44630.76211,AADT,Travel Model
FM-0902,MN,Hennepin,new-roadway,Construct ew MN 610 from Fernbook to US 173,1/1/2010,1/1/2030,4/1/2017,exurban,2.622,68916,after,MN TRUNK 610,,65.0,11.0,0.0,0.0,4.0,0.0,0.0,0.0,12.0,freeway,68916_8,2022-01-01,0:00:00,24:00:00,volume,39388.0,AADT,1,504,,0:00:00,24:00:00,volume,44630.76211,AADT,Travel Model
FM-0902,MN,Hennepin,new-roadway,Construct ew MN 610 from Fernbook to US 173,1/1/2010,1/1/2030,4/1/2017,exurban,2.622,68916,after,MN TRUNK 610,,65.0,11.0,0.0,0.0,4.0,0.0,0.0,0.0,12.0,freeway,68916_9,2023-01-01,0:00:00,24:00:00,volume,40838.0,AADT,1,504,,0:00:00,24:00:00,volume,44630.76211,AADT,Travel Model
FM-0902,MN,Hennepin,new-roadway,Construct ew MN 610 from Fernbook to US 173,1/1/2010,1/1/2030,4/1/2017,exurban,2.622,68916,after,MN TRUNK 610,,65.0,11.0,0.0,0.0,4.0,0.0,0.0,0.0,12.0,freeway,68916_10,2024-01-01,0:00:00,24:00:00,volume,42168.0,AADT,1,504,,0:00:00,24:00:00,volume,44630.76211,AADT,Travel Model
FM-0902,MN,Hennepin,new-roadway,Construct ew MN 610 from Fernbook to US 173,1/1/2010,1/1/2030,4/1/2017,exurban,2.622,68916,after,MN TRUNK 610,,65.0,11.0,0.0,0.0,4.0,0.0,0.0,0.0,12.0,freeway,68916_11,2025-01-01,0:00:00,24:00:00,volume,44374.0,AADT,1,504,,0:00:00,24:00:00,volume,44630.76211,AADT,Travel Model
FM-0902,MN,Hennepin,new-roadway,Construct ew MN 610 from Fernbook to US 173,1/1/2010,1/1/2030,4/1/2017,exurban,2.622,70412,before,MN TRUNK 610,,,,,,,,,,,freeway,70412_1,2017-01-01,0:00:00,24:00:00,volume,34000.0,AADT,0,505,,0:00:00,24:00:00,volume,42813.93462,AADT,Travel Model
FM-0902,MN,Hennepin,new-roadway,Construct ew MN 610 from Fernbook to US 173,1/1/2010,1/1/2030,4/1/2017,exurban,2.622,70412,after,MN TRUNK 610,,65.0,11.0,0.0,0.0,4.0,0.0,0.0,0.0,11.0,freeway,70412_2,2018-01-01,0:00:00,24:00:00,volume,35500.0,AADT,1,505,,0:00:00,24:00:00,volume,42813.93462,AADT,Travel Model
FM-0902,MN,Hennepin,new-roadway,Construct ew MN 610 from Fernbook to US 173,1/1/2010,1/1/2030,4/1/2017,exurban,2.622,70412,after,MN TRUNK 610,,65.0,11.0,0.0,0.0,4.0,0.0,0.0,0.0,11.0,freeway,70412_3,2019-01-01,0:00:00,24:00:00,volume,35571.0,AADT,1,505,,0:00:00,24:00:00,volume,42813.93462,AADT,Travel Model
FM-0902,MN,Hennepin,new-roadway,Construct ew MN 610 from Fernbook to US 173,1/1/2010,1/1/2030,4/1/2017,exurban,2.622,70412,after,MN TRUNK 610,,65.0,11.0,0.0,0.0,4.0,0.0,0.0,0.0,11.0,freeway,70412_4,2020-01-01,0:00:00,24:00:00,volume,29145.0,AADT,1,505,,0:00:00,24:00:00,volume,42813.93462,AADT,Travel Model
FM-0902,MN,Hennepin,new-roadway,Construct ew MN 610 from Fernbook to US 173,1/1/2010,1/1/2030,4/1/2017,exurban,2.622,70412,after,MN TRUNK 610,,65.0,11.0,0.0,0.0,4.0,0.0,0.0,0.0,11.0,freeway,70412_5,2021-01-01,0:00:00,24:00:00,volume,27331.0,AADT,1,505,,0:00:00,24:00:00,volume,42813.93462,AADT,Travel Model
FM-0902,MN,Hennepin,new-roadway,Construct ew MN 610 from Fernbook to US 173,1/1/2010,1/1/2030,4/1/2017,exurban,2.622,70412,after,MN TRUNK 610,,65.0,11.0,0.0,0.0,4.0,0.0,0.0,0.0,11.0,freeway,70412_6,2022-01-01,0:00:00,24:00:00,volume,32249.0,AADT,1,505,,0:00:00,24:00:00,volume,42813.93462,AADT,Travel Model
FM-0902,MN,Hennepin,new-roadway,Construct ew MN 610 from Fernbook to US 173,1/1/2010,1/1/2030,4/1/2017,exurban,2.622,70412,after,MN TRUNK 610,,65.0,11.0,0.0,0.0,4.0,0.0,0.0,0.0,11.0,freeway,70412_7,2023-01-01,0:00:00,24:00:00,volume,31656.0,AADT,1,505,,0:00:00,24:00:00,volume,42813.93462,AADT,Travel Model
FM-0902,MN,Hennepin,new-roadway,Construct ew MN 610 from Fernbook to US 173,1/1/2010,1/1/2030,4/1/2017,exurban,2.622,70412,after,MN TRUNK 610,,65.0,11.0,0.0,0.0,4.0,0.0,0.0,0.0,11.0,freeway,70412_8,2024-01-01,0:00:00,24:00:00,volume,30999.0,AADT,1,505,,0:00:00,24:00:00,volume,42813.93462,AADT,Travel Model
FM-0902,MN,Hennepin,new-roadway,Construct ew MN 610 from Fernbook to US 173,1/1/2010,1/1/2030,4/1/2017,exurban,2.622,70412,after,MN TRUNK 610,,65.0,11.0,0.0,0.0,4.0,0.0,0.0,0.0,11.0,freeway,70412_9,2025-01-01,0:00:00,24:00:00,volume,31624.0,AADT,1,505,,0:00:00,24:00:00,volume,42813.93462,AADT,Travel Model
FM-0902,MN,Hennepin,new-roadway,Construct ew MN 610 from Fernbook to US 173,1/1/2010,1/1/2030,4/1/2017,exurban,2.622,70413,before,MN TRUNK 610,,,,,,,,,,,freeway,70413_1,2017-01-01,0:00:00,24:00:00,volume,34000.0,AADT,0,503,,0:00:00,24:00:00,volume,51345.12455,AADT,Travel Model
FM-0902,MN,Hennepin,new-roadway,Construct ew MN 610 from Fernbook to US 173,1/1/2010,1/1/2030,4/1/2017,exurban,2.622,70413,after,MN TRUNK 610,,65.0,11.0,0.0,0.0,4.0,0.0,0.0,0.0,11.0,freeway,70413_2,2018-01-01,0:00:00,24:00:00,volume,17900.0,AADT,1,503,,0:00:00,24:00:00,volume,51345.12455,AADT,Travel Model
FM-0902,MN,Hennepin,new-roadway,Construct ew MN 610 from Fernbook to US 173,1/1/2010,1/1/2030,4/1/2017,exurban,2.622,70413,after,MN TRUNK 610,,65.0,11.0,0.0,0.0,4.0,0.0,0.0,0.0,11.0,freeway,70413_3,2019-01-01,0:00:00,24:00:00,volume,17936.0,AADT,1,503,,0:00:00,24:00:00,volume,51345.12455,AADT,Travel Model
FM-0902,MN,Hennepin,new-roadway,Construct ew MN 610 from Fernbook to US 173,1/1/2010,1/1/2030,4/1/2017,exurban,2.622,70413,after,MN TRUNK 610,,65.0,11.0,0.0,0.0,4.0,0.0,0.0,0.0,11.0,freeway,70413_4,2020-01-01,0:00:00,24:00:00,volume,13052.0,AADT,1,503,,0:00:00,24:00:00,volume,51345.12455,AADT,Travel Model
FM-0902,MN,Hennepin,new-roadway,Construct ew MN 610 from Fernbook to US 173,1/1/2010,1/1/2030,4/1/2017,exurban,2.622,70413,after,MN TRUNK 610,,65.0,11.0,0.0,0.0,4.0,0.0,0.0,0.0,11.0,freeway,70413_5,2021-01-01,0:00:00,24:00:00,volume,16181.0,AADT,1,503,,0:00:00,24:00:00,volume,51345.12455,AADT,Travel Model
FM-0902,MN,Hennepin,new-roadway,Construct ew MN 610 from Fernbook to US 173,1/1/2010,1/1/2030,4/1/2017,exurban,2.622,70413,after,MN TRUNK 610,,65.0,11.0,0.0,0.0,4.0,0.0,0.0,0.0,11.0,freeway,70413_6,2022-01-01,0:00:00,24:00:00,volume,20323.0,AADT,1,503,,0:00:00,24:00:00,volume,51345.12455,AADT,Travel Model
FM-0902,MN,Hennepin,new-roadway,Construct ew MN 610 from Fernbook to US 173,1/1/2010,1/1/2030,4/1/2017,exurban,2.622,70413,after,MN TRUNK 610,,65.0,11.0,0.0,0.0,4.0,0.0,0.0,0.0,11.0,freeway,70413_7,2023-01-01,0:00:00,24:00:00,volume,22607.0,AADT,1,503,,0:00:00,24:00:00,volume,51345.12455,AADT,Travel Model
FM-0902,MN,Hennepin,new-roadway,Construct ew MN 610 from Fernbook to US 173,1/1/2010,1/1/2030,4/1/2017,exurban,2.622,70413,after,MN TRUNK 610,,65.0,11.0,0.0,0.0,4.0,0.0,0.0,0.0,11.0,freeway,70413_8,2024-01-01,0:00:00,24:00:00,volume,23363.0,AADT,1,503,,0:00:00,24:00:00,volume,51345.12455,AADT,Travel Model
FM-0907,MN,Hennepin,new-roadway,Construct ew MN 610 from Fernbook to US 173,1/1/2010,1/1/2030,4/1/2017,exurban,2.622,42888,before,US TRUNK 610,,,,,,,,,,,minor arterial,42888_1,2011-01-01,0:00:00,24:00:00,volume,12100.0,AADT,0,517,,0:00:00,24:00:00,volume,15354.16705,AADT,Travel Model
FM-0907,MN,Hennepin,new-roadway,Construct ew MN 610 from Fernbook to US 173,1/1/2010,1/1/2030,4/1/2017,exurban,2.622,42888,before,US TRUNK 610,,,,,,,,,,,minor arterial,42888_2,2016-01-01,0:00:00,24:00:00,volume,12687.0,AADT,0,517,,0:00:00,24:00:00,volume,15354.16705,AADT,Travel Model
FM-0907,MN,Hennepin,new-roadway,Construct ew MN 610 from Fernbook to US 173,1/1/2010,1/1/2030,4/1/2017,exurban,2.622,42888,before,US TRUNK 610,,,,,,,,,,,minor arterial,42888_3,2017-01-01,0:00:00,24:00:00,volume,13600.0,AADT,0,517,,0:00:00,24:00:00,volume,15354.16705,AADT,Travel Model
FM-0907,MN,Hennepin,new-roadway,Construct ew MN 610 from Fernbook to US 173,1/1/2010,1/1/2030,4/1/2017,exurban,2.622,42888,after,US TRUNK 610,,65.0,12.0,0.0,0.0,2.0,0.0,0.0,0.0,9.0,minor arterial,42888_4,2018-01-01,0:00:00,24:00:00,volume,13671.0,AADT,1,517,,0:00:00,24:00:00,volume,15354.16705,AADT,Travel Model
FM-0907,MN,Hennepin,new-roadway,Construct ew MN 610 from Fernbook to US 173,1/1/2010,1/1/2030,4/1/2017,exurban,2.622,42888,after,US TRUNK 610,,65.0,12.0,0.0,0.0,2.0,0.0,0.0,0.0,9.0,minor arterial,42888_5,2019-01-01,0:00:00,24:00:00,volume,13900.0,AADT,1,517,,0:00:00,24:00:00,volume,15354.16705,AADT,Travel Model
FM-0907,MN,Hennepin,new-roadway,Construct ew MN 610 from Fernbook to US 173,1/1/2010,1/1/2030,4/1/2017,exurban,2.622,42888,after,US TRUNK 610,,65.0,12.0,0.0,0.0,2.0,0.0,0.0,0.0,9.0,minor arterial,42888_6,2020-01-01,0:00:00,24:00:00,volume,10414.0,AADT,1,517,,0:00:00,24:00:00,volume,15354.16705,AADT,Travel Model
FM-0907,MN,Hennepin,new-roadway,Construct ew MN 610 from Fernbook to US 173,1/1/2010,1/1/2030,4/1/2017,exurban,2.622,42888,after,US TRUNK 610,,65.0,12.0,0.0,0.0,2.0,0.0,0.0,0.0,9.0,minor arterial,42888_7,2021-01-01,0:00:00,24:00:00,volume,11497.0,AADT,1,517,,0:00:00,24:00:00,volume,15354.16705,AADT,Travel Model
FM-0907,MN,Hennepin,new-roadway,Construct ew MN 610 from Fernbook to US 173,1/1/2010,1/1/2030,4/1/2017,exurban,2.622,42888,after,US TRUNK 610,,65.0,12.0,0.0,0.0,2.0,0.0,0.0,0.0,9.0,minor arterial,42888_8,2022-01-01,0:00:00,24:00:00,volume,12985.0,AADT,1,517,,0:00:00,24:00:00,volume,15354.16705,AADT,Travel Model
FM-0907,MN,Hennepin,new-roadway,Construct ew MN 610 from Fernbook to US 173,1/1/2010,1/1/2030,4/1/2017,exurban,2.622,42888,after,US TRUNK 610,,65.0,12.0,0.0,0.0,2.0,0.0,0.0,0.0,9.0,minor arterial,42888_9,2023-01-01,0:00:00,24:00:00,volume,12868.0,AADT,1,517,,0:00:00,24:00:00,volume,15354.16705,AADT,Travel Model
FM-0907,MN,Hennepin,new-roadway,Construct ew MN 610 from Fernbook to US 173,1/1/2010,1/1/2030,4/1/2017,exurban,2.622,42888,after,US TRUNK 610,,65.0,12.0,0.0,0.0,2.0,0.0,0.0,0.0,9.0,minor arterial,42888_10,2024-01-01,0:00:00,24:00:00,volume,12168.0,AADT,1,517,,0:00:00,24:00:00,volume,15354.16705,AADT,Travel Model
FM-0907,MN,Hennepin,new-roadway,Construct ew MN 610 from Fernbook to US 173,1/1/2010,1/1/2030,4/1/2017,exurban,2.622,74095,after,US TRUNK 610,,65.0,15.0,0.0,0.0,1.0,0.0,0.0,0.0,11.0,ramp,74095_1,2020-01-01,0:00:00,24:00:00,volume,2650.0,AADT,1,512,,0:00:00,24:00:00,volume,2517.885915,AADT,Travel Model
FM-0907,MN,Hennepin,new-roadway,Construct ew MN 610 from Fernbook to US 173,1/1/2010,1/1/2030,4/1/2017,exurban,2.622,74095,after,US TRUNK 610,,65.0,15.0,0.0,0.0,1.0,0.0,0.0,0.0,11.0,ramp,74095_2,2021-01-01,0:00:00,24:00:00,volume,2939.0,AADT,1,512,,0:00:00,24:00:00,volume,2517.885915,AADT,Travel Model
FM-0907,MN,Hennepin,new-roadway,Construct ew MN 610 from Fernbook to US 173,1/1/2010,1/1/2030,4/1/2017,exurban,2.622,74095,after,US TRUNK 610,,65.0,15.0,0.0,0.0,1.0,0.0,0.0,0.0,11.0,ramp,74095_3,2022-01-01,0:00:00,24:00:00,volume,2420.0,AADT,1,512,,0:00:00,24:00:00,volume,2517.885915,AADT,Travel Model
FM-0907,MN,Hennepin,new-roadway,Construct ew MN 610 from Fernbook to US 173,1/1/2010,1/1/2030,4/1/2017,exurban,2.622,74095,after,US TRUNK 610,,65.0,15.0,0.0,0.0,1.0,0.0,0.0,0.0,11.0,ramp,74095_4,2023-01-01,0:00:00,24:00:00,volume,2449.0,AADT,1,512,,0:00:00,24:00:00,volume,2517.885915,AADT,Travel Model
FM-0907,MN,Hennepin,new-roadway,Construct ew MN 610 from Fernbook to US 173,1/1/2010,1/1/2030,4/1/2017,exurban,2.622,74095,after,US TRUNK 610,,65.0,15.0,0.0,0.0,1.0,0.0,0.0,0.0,11.0,ramp,74095_5,2024-01-01,0:00:00,24:00:00,volume,2576.0,AADT,1,512,,0:00:00,24:00:00,volume,2517.885915,AADT,Travel Model
FM-0907,MN,Hennepin,new-roadway,Construct ew MN 610 from Fernbook to US 173,1/1/2010,1/1/2030,4/1/2017,exurban,2.622,74095,after,US TRUNK 610,,65.0,15.0,0.0,0.0,1.0,0.0,0.0,0.0,11.0,ramp,74095_6,2025-01-01,0:00:00,24:00:00,volume,2849.0,AADT,1,512,,0:00:00,24:00:00,volume,2517.885915,AADT,Travel Model
FM-0907,MN,Hennepin,new-roadway,Construct ew MN 610 from Fernbook to US 173,1/1/2010,1/1/2030,4/1/2017,exurban,2.622,74096,after,US TRUNK 610,,65.0,17.0,0.0,0.0,1.0,0.0,0.0,0.0,7.0,ramp,74096_1,2020-01-01,0:00:00,24:00:00,volume,2550.0,AADT,1,509,,0:00:00,24:00:00,volume,4788.92027,AADT,Travel Model
FM-0907,MN,Hennepin,new-roadway,Construct ew MN 610 from Fernbook to US 173,1/1/2010,1/1/2030,4/1/2017,exurban,2.622,74096,after,US TRUNK 610,,65.0,17.0,0.0,0.0,1.0,0.0,0.0,0.0,7.0,ramp,74096_2,2021-01-01,0:00:00,24:00:00,volume,2918.0,AADT,1,509,,0:00:00,24:00:00,volume,4788.92027,AADT,Travel Model
FM-0907,MN,Hennepin,new-roadway,Construct ew MN 610 from Fernbook to US 173,1/1/2010,1/1/2030,4/1/2017,exurban,2.622,74096,after,US TRUNK 610,,65.0,17.0,0.0,0.0,1.0,0.0,0.0,0.0,7.0,ramp,74096_3,2022-01-01,0:00:00,24:00:00,volume,3033.0,AADT,1,509,,0:00:00,24:00:00,volume,4788.92027,AADT,Travel Model
FM-0907,MN,Hennepin,new-roadway,Construct ew MN 610 from Fernbook to US 173,1/1/2010,1/1/2030,4/1/2017,exurban,2.622,74096,after,US TRUNK 610,,65.0,17.0,0.0,0.0,1.0,0.0,0.0,0.0,7.0,ramp,74096_4,2023-01-01,0:00:00,24:00:00,volume,3166.0,AADT,1,509,,0:00:00,24:00:00,volume,4788.92027,AADT,Travel Model
FM-0907,MN,Hennepin,new-roadway,Construct ew MN 610 from Fernbook to US 173,1/1/2010,1/1/2030,4/1/2017,exurban,2.622,74096,after,US TRUNK 610,,65.0,17.0,0.0,0.0,1.0,0.0,0.0,0.0,7.0,ramp,74096_5,2024-01-01,0:00:00,24:00:00,volume,3038.0,AADT,1,509,,0:00:00,24:00:00,volume,4788.92027,AADT,Travel Model
FM-0907,MN,Hennepin,new-roadway,Construct ew MN 610 from Fernbook to US 173,1/1/2010,1/1/2030,4/1/2017,exurban,2.622,74096,after,US TRUNK 610,,65.0,17.0,0.0,0.0,1.0,0.0,0.0,0.0,7.0,ramp,74096_6,2025-01-01,0:00:00,24:00:00,volume,3187.0,AADT,1,509,,0:00:00,24:00:00,volume,4788.92027,AADT,Travel Model
FM-0907,MN,Hennepin,new-roadway,Construct ew MN 610 from Fernbook to US 173,1/1/2010,1/1/2030,4/1/2017,exurban,2.622,74097,after,US TRUNK 610,,65.0,15.0,0.0,0.0,1.0,0.0,0.0,0.0,7.0,ramp,74097_1,2020-01-01,0:00:00,24:00:00,volume,2700.0,AADT,1,510,,0:00:00,24:00:00,volume,4097.735901,AADT,Travel Model
FM-0907,MN,Hennepin,new-roadway,Construct ew MN 610 from Fernbook to US 173,1/1/2010,1/1/2030,4/1/2017,exurban,2.622,74097,after,US TRUNK 610,,65.0,15.0,0.0,0.0,1.0,0.0,0.0,0.0,7.0,ramp,74097_2,2021-01-01,0:00:00,24:00:00,volume,2798.0,AADT,1,510,,0:00:00,24:00:00,volume,4097.735901,AADT,Travel Model
FM-0907,MN,Hennepin,new-roadway,Construct ew MN 610 from Fernbook to US 173,1/1/2010,1/1/2030,4/1/2017,exurban,2.622,74097,after,US TRUNK 610,,65.0,15.0,0.0,0.0,1.0,0.0,0.0,0.0,7.0,ramp,74097_3,2022-01-01,0:00:00,24:00:00,volume,3018.0,AADT,1,510,,0:00:00,24:00:00,volume,4097.735901,AADT,Travel Model
FM-0907,MN,Hennepin,new-roadway,Construct ew MN 610 from Fernbook to US 173,1/1/2010,1/1/2030,4/1/2017,exurban,2.622,74097,after,US TRUNK 610,,65.0,15.0,0.0,0.0,1.0,0.0,0.0,0.0,7.0,ramp,74097_4,2023-01-01,0:00:00,24:00:00,volume,3141.0,AADT,1,510,,0:00:00,24:00:00,volume,4097.735901,AADT,Travel Model
FM-0907,MN,Hennepin,new-roadway,Construct ew MN 610 from Fernbook to US 173,1/1/2010,1/1/2030,4/1/2017,exurban,2.622,74097,after,US TRUNK 610,,65.0,15.0,0.0,0.0,1.0,0.0,0.0,0.0,7.0,ramp,74097_5,2024-01-01,0:00:00,24:00:00,volume,3345.0,AADT,1,510,,0:00:00,24:00:00,volume,4097.735901,AADT,Travel Model
FM-0907,MN,Hennepin,new-roadway,Construct ew MN 610 from Fernbook to US 173,1/1/2010,1/1/2030,4/1/2017,exurban,2.622,74097,after,US TRUNK 610,,65.0,15.0,0.0,0.0,1.0,0.0,0.0,0.0,7.0,ramp,74097_6,2025-01-01,0:00:00,24:00:00,volume,3500.0,AADT,1,510,,0:00:00,24:00:00,volume,4097.735901,AADT,Travel Model
FM-0907,MN,Hennepin,new-roadway,Construct ew MN 610 from Fernbook to US 173,1/1/2010,1/1/2030,4/1/2017,exurban,2.622,74099,after,US TRUNK 610,,65.0,15.0,0.0,0.0,1.0,0.0,0.0,0.0,7.0,ramp,74099_1,2020-01-01,0:00:00,24:00:00,volume,2350.0,AADT,1,511,,0:00:00,24:00:00,volume,4838.290582,AADT,Travel Model
FM-0907,MN,Hennepin,new-roadway,Construct ew MN 610 from Fernbook to US 173,1/1/2010,1/1/2030,4/1/2017,exurban,2.622,74099,after,US TRUNK 610,,65.0,15.0,0.0,0.0,1.0,0.0,0.0,0.0,7.0,ramp,74099_2,2021-01-01,0:00:00,24:00:00,volume,2582.0,AADT,1,511,,0:00:00,24:00:00,volume,4838.290582,AADT,Travel Model
FM-0907,MN,Hennepin,new-roadway,Construct ew MN 610 from Fernbook to US 173,1/1/2010,1/1/2030,4/1/2017,exurban,2.622,74099,after,US TRUNK 610,,65.0,15.0,0.0,0.0,1.0,0.0,0.0,0.0,7.0,ramp,74099_3,2022-01-01,0:00:00,24:00:00,volume,3148.0,AADT,1,511,,0:00:00,24:00:00,volume,4838.290582,AADT,Travel Model
FM-0907,MN,Hennepin,new-roadway,Construct ew MN 610 from Fernbook to US 173,1/1/2010,1/1/2030,4/1/2017,exurban,2.622,74099,after,US TRUNK 610,,65.0,15.0,0.0,0.0,1.0,0.0,0.0,0.0,7.0,ramp,74099_4,2023-01-01,0:00:00,24:00:00,volume,3310.0,AADT,1,511,,0:00:00,24:00:00,volume,4838.290582,AADT,Travel Model
FM-0907,MN,Hennepin,new-roadway,Construct ew MN 610 from Fernbook to US 173,1/1/2010,1/1/2030,4/1/2017,exurban,2.622,74099,after,US TRUNK 610,,65.0,15.0,0.0,0.0,1.0,0.0,0.0,0.0,7.0,ramp,74099_5,2024-01-01,0:00:00,24:00:00,volume,3249.0,AADT,1,511,,0:00:00,24:00:00,volume,4838.290582,AADT,Travel Model
FM-0907,MN,Hennepin,new-roadway,Construct ew MN 610 from Fernbook to US 173,1/1/2010,1/1/2030,4/1/2017,exurban,2.622,74099,after,US TRUNK 610,,65.0,15.0,0.0,0.0,1.0,0.0,0.0,0.0,7.0,ramp,74099_6,2025-01-01,0:00:00,24:00:00,volume,3397.0,AADT,1,511,,0:00:00,24:00:00,volume,4838.290582,AADT,Travel Model
FM-0907,MN,Hennepin,new-roadway,Construct ew MN 610 from Fernbook to US 173,1/1/2010,1/1/2030,4/1/2017,exurban,2.622,74100,after,US TRUNK 610,,65.0,17.0,0.0,0.0,1.0,0.0,0.0,0.0,7.0,ramp,74100_1,2020-01-01,0:00:00,24:00:00,volume,2650.0,AADT,1,507,,0:00:00,24:00:00,volume,1151.315677,AADT,Travel Model
FM-0907,MN,Hennepin,new-roadway,Construct ew MN 610 from Fernbook to US 173,1/1/2010,1/1/2030,4/1/2017,exurban,2.622,74100,after,US TRUNK 610,,65.0,17.0,0.0,0.0,1.0,0.0,0.0,0.0,7.0,ramp,74100_2,2021-01-01,0:00:00,24:00:00,volume,2650.0,AADT,1,507,,0:00:00,24:00:00,volume,1151.315677,AADT,Travel Model
FM-0907,MN,Hennepin,new-roadway,Construct ew MN 610 from Fernbook to US 173,1/1/2010,1/1/2030,4/1/2017,exurban,2.622,74100,after,US TRUNK 610,,65.0,17.0,0.0,0.0,1.0,0.0,0.0,0.0,7.0,ramp,74100_3,2022-01-01,0:00:00,24:00:00,volume,2186.0,AADT,1,507,,0:00:00,24:00:00,volume,1151.315677,AADT,Travel Model
FM-0907,MN,Hennepin,new-roadway,Construct ew MN 610 from Fernbook to US 173,1/1/2010,1/1/2030,4/1/2017,exurban,2.622,74100,after,US TRUNK 610,,65.0,17.0,0.0,0.0,1.0,0.0,0.0,0.0,7.0,ramp,74100_4,2023-01-01,0:00:00,24:00:00,volume,2253.0,AADT,1,507,,0:00:00,24:00:00,volume,1151.315677,AADT,Travel Model
FM-0907,MN,Hennepin,new-roadway,Construct ew MN 610 from Fernbook to US 173,1/1/2010,1/1/2030,4/1/2017,exurban,2.622,74100,after,US TRUNK 610,,65.0,17.0,0.0,0.0,1.0,0.0,0.0,0.0,7.0,ramp,74100_5,2024-01-01,0:00:00,24:00:00,volume,2224.0,AADT,1,507,,0:00:00,24:00:00,volume,1151.315677,AADT,Travel Model
FM-0907,MN,Hennepin,new-roadway,Construct ew MN 610 from Fernbook to US 173,1/1/2010,1/1/2030,4/1/2017,exurban,2.622,74100,after,US TRUNK 610,,65.0,17.0,0.0,0.0,1.0,0.0,0.0,0.0,7.0,ramp,74100_6,2025-01-01,0:00:00,24:00:00,volume,2420.0,AADT,1,507,,0:00:00,24:00:00,volume,1151.315677,AADT,Travel Model
FM-0907,MN,Hennepin,new-roadway,Construct ew MN 610 from Fernbook to US 173,1/1/2010,1/1/2030,4/1/2017,exurban,2.622,74101,after,US TRUNK 610,,65.0,15.0,0.0,0.0,1.0,0.0,0.0,0.0,7.0,ramp,74101_1,2020-01-01,0:00:00,24:00:00,volume,11700.0,AADT,1,508,,0:00:00,24:00:00,volume,9725.951477,AADT,Travel Model
FM-0907,MN,Hennepin,new-roadway,Construct ew MN 610 from Fernbook to US 173,1/1/2010,1/1/2030,4/1/2017,exurban,2.622,74101,after,US TRUNK 610,,65.0,15.0,0.0,0.0,1.0,0.0,0.0,0.0,7.0,ramp,74101_2,2021-01-01,0:00:00,24:00:00,volume,13842.0,AADT,1,508,,0:00:00,24:00:00,volume,9725.951477,AADT,Travel Model
FM-0907,MN,Hennepin,new-roadway,Construct ew MN 610 from Fernbook to US 173,1/1/2010,1/1/2030,4/1/2017,exurban,2.622,74101,after,US TRUNK 610,,65.0,15.0,0.0,0.0,1.0,0.0,0.0,0.0,7.0,ramp,74101_3,2022-01-01,0:00:00,24:00:00,volume,13291.0,AADT,1,508,,0:00:00,24:00:00,volume,9725.951477,AADT,Travel Model
FM-0907,MN,Hennepin,new-roadway,Construct ew MN 610 from Fernbook to US 173,1/1/2010,1/1/2030,4/1/2017,exurban,2.622,74101,after,US TRUNK 610,,65.0,15.0,0.0,0.0,1.0,0.0,0.0,0.0,7.0,ramp,74101_4,2023-01-01,0:00:00,24:00:00,volume,13411.0,AADT,1,508,,0:00:00,24:00:00,volume,9725.951477,AADT,Travel Model
FM-0907,MN,Hennepin,new-roadway,Construct ew MN 610 from Fernbook to US 173,1/1/2010,1/1/2030,4/1/2017,exurban,2.622,74101,after,US TRUNK 610,,65.0,15.0,0.0,0.0,1.0,0.0,0.0,0.0,7.0,ramp,74101_5,2024-01-01,0:00:00,24:00:00,volume,13652.0,AADT,1,508,,0:00:00,24:00:00,volume,9725.951477,AADT,Travel Model
FM-0907,MN,Hennepin,new-roadway,Construct ew MN 610 from Fernbook to US 173,1/1/2010,1/1/2030,4/1/2017,exurban,2.622,74105,after,US TRUNK 610,,65.0,11.0,0.0,0.0,1.0,0.0,0.0,0.0,4.0,ramp,74105_1,2020-01-01,0:00:00,24:00:00,volume,1689.0,AADT,1,519,,0:00:00,24:00:00,volume,3554.662469,AADT,Travel Model
FM-0907,MN,Hennepin,new-roadway,Construct ew MN 610 from Fernbook to US 173,1/1/2010,1/1/2030,4/1/2017,exurban,2.622,74105,after,US TRUNK 610,,65.0,11.0,0.0,0.0,1.0,0.0,0.0,0.0,4.0,ramp,74105_2,2021-01-01,0:00:00,24:00:00,volume,1873.0,AADT,1,519,,0:00:00,24:00:00,volume,3554.662469,AADT,Travel Model
FM-0907,MN,Hennepin,new-roadway,Construct ew MN 610 from Fernbook to US 173,1/1/2010,1/1/2030,4/1/2017,exurban,2.622,74105,after,US TRUNK 610,,65.0,11.0,0.0,0.0,1.0,0.0,0.0,0.0,4.0,ramp,74105_3,2022-01-01,0:00:00,24:00:00,volume,1922.0,AADT,1,519,,0:00:00,24:00:00,volume,3554.662469,AADT,Travel Model
FM-0907,MN,Hennepin,new-roadway,Construct ew MN 610 from Fernbook to US 173,1/1/2010,1/1/2030,4/1/2017,exurban,2.622,74105,after,US TRUNK 610,,65.0,11.0,0.0,0.0,1.0,0.0,0.0,0.0,4.0,ramp,74105_4,2023-01-01,0:00:00,24:00:00,volume,1964.0,AADT,1,519,,0:00:00,24:00:00,volume,3554.662469,AADT,Travel Model
FM-0907,MN,Hennepin,new-roadway,Construct ew MN 610 from Fernbook to US 173,1/1/2010,1/1/2030,4/1/2017,exurban,2.622,74105,after,US TRUNK 610,,65.0,11.0,0.0,0.0,1.0,0.0,0.0,0.0,4.0,ramp,74105_5,2024-01-01,0:00:00,24:00:00,volume,1827.0,AADT,1,519,,0:00:00,24:00:00,volume,3554.662469,AADT,Travel Model
FM-0907,MN,Hennepin,new-roadway,Construct ew MN 610 from Fernbook to US 173,1/1/2010,1/1/2030,4/1/2017,exurban,2.622,74105,after,US TRUNK 610,,65.0,11.0,0.0,0.0,1.0,0.0,0.0,0.0,4.0,ramp,74105_6,2025-01-01,0:00:00,24:00:00,volume,1897.0,AADT,1,519,,0:00:00,24:00:00,volume,3554.662469,AADT,Travel Model
FM-0907,MN,Hennepin,new-roadway,Construct ew MN 610 from Fernbook to US 173,1/1/2010,1/1/2030,4/1/2017,exurban,2.622,74106,after,US TRUNK 610,,65.0,11.0,0.0,0.0,1.0,1.0,0.0,0.0,4.0,ramp,74106_1,2020-01-01,0:00:00,24:00:00,volume,4500.0,AADT,1,518,,0:00:00,24:00:00,volume,5628.215576,AADT,Travel Model
FM-0907,MN,Hennepin,new-roadway,Construct ew MN 610 from Fernbook to US 173,1/1/2010,1/1/2030,4/1/2017,exurban,2.622,74106,after,US TRUNK 610,,65.0,11.0,0.0,0.0,1.0,1.0,0.0,0.0,4.0,ramp,74106_2,2021-01-01,0:00:00,24:00:00,volume,4500.0,AADT,1,518,,0:00:00,24:00:00,volume,5628.215576,AADT,Travel Model
FM-0907,MN,Hennepin,new-roadway,Construct ew MN 610 from Fernbook to US 173,1/1/2010,1/1/2030,4/1/2017,exurban,2.622,74106,after,US TRUNK 610,,65.0,11.0,0.0,0.0,1.0,1.0,0.0,0.0,4.0,ramp,74106_3,2022-01-01,0:00:00,24:00:00,volume,4483.0,AADT,1,518,,0:00:00,24:00:00,volume,5628.215576,AADT,Travel Model
FM-0907,MN,Hennepin,new-roadway,Construct ew MN 610 from Fernbook to US 173,1/1/2010,1/1/2030,4/1/2017,exurban,2.622,74106,after,US TRUNK 610,,65.0,11.0,0.0,0.0,1.0,1.0,0.0,0.0,4.0,ramp,74106_4,2023-01-01,0:00:00,24:00:00,volume,4407.0,AADT,1,518,,0:00:00,24:00:00,volume,5628.215576,AADT,Travel Model
FM-0907,MN,Hennepin,new-roadway,Construct ew MN 610 from Fernbook to US 173,1/1/2010,1/1/2030,4/1/2017,exurban,2.622,74106,after,US TRUNK 610,,65.0,11.0,0.0,0.0,1.0,1.0,0.0,0.0,4.0,ramp,74106_5,2024-01-01,0:00:00,24:00:00,volume,4468.0,AADT,1,518,,0:00:00,24:00:00,volume,5628.215576,AADT,Travel Model
FM-0907,MN,Hennepin,new-roadway,Construct ew MN 610 from Fernbook to US 173,1/1/2010,1/1/2030,4/1/2017,exurban,2.622,74106,after,US TRUNK 610,,65.0,11.0,0.0,0.0,1.0,1.0,0.0,0.0,4.0,ramp,74106_6,2025-01-01,0:00:00,24:00:00,volume,4622.0,AADT,1,518,,0:00:00,24:00:00,volume,5628.215576,AADT,Travel Model
FM-0907,MN,Hennepin,new-roadway,Construct ew MN 610 from Fernbook to US 173,1/1/2010,1/1/2030,4/1/2017,exurban,2.622,74107,after,US TRUNK 610,,65.0,15.0,0.0,0.0,1.0,0.0,0.0,0.0,4.0,ramp,74107_1,2020-01-01,0:00:00,24:00:00,volume,5300.0,AADT,1,520,,0:00:00,24:00:00,volume,4670.431521,AADT,Travel Model
FM-0907,MN,Hennepin,new-roadway,Construct ew MN 610 from Fernbook to US 173,1/1/2010,1/1/2030,4/1/2017,exurban,2.622,74107,after,US TRUNK 610,,65.0,15.0,0.0,0.0,1.0,0.0,0.0,0.0,4.0,ramp,74107_2,2021-01-01,0:00:00,24:00:00,volume,1635.0,AADT,1,520,,0:00:00,24:00:00,volume,4670.431521,AADT,Travel Model
FM-0907,MN,Hennepin,new-roadway,Construct ew MN 610 from Fernbook to US 173,1/1/2010,1/1/2030,4/1/2017,exurban,2.622,74107,after,US TRUNK 610,,65.0,15.0,0.0,0.0,1.0,0.0,0.0,0.0,4.0,ramp,74107_3,2022-01-01,0:00:00,24:00:00,volume,1813.0,AADT,1,520,,0:00:00,24:00:00,volume,4670.431521,AADT,Travel Model
FM-0907,MN,Hennepin,new-roadway,Construct ew MN 610 from Fernbook to US 173,1/1/2010,1/1/2030,4/1/2017,exurban,2.622,74107,after,US TRUNK 610,,65.0,15.0,0.0,0.0,1.0,0.0,0.0,0.0,4.0,ramp,74107_4,2023-01-01,0:00:00,24:00:00,volume,1721.0,AADT,1,520,,0:00:00,24:00:00,volume,4670.431521,AADT,Travel Model
FM-0907,MN,Hennepin,new-roadway,Construct ew MN 610 from Fernbook to US 173,1/1/2010,1/1/2030,4/1/2017,exurban,2.622,74107,after,US TRUNK 610,,65.0,15.0,0.0,0.0,1.0,0.0,0.0,0.0,4.0,ramp,74107_5,2024-01-01,0:00:00,24:00:00,volume,1738.0,AADT,1,520,,0:00:00,24:00:00,volume,4670.431521,AADT,Travel Model
FM-0907,MN,Hennepin,new-roadway,Construct ew MN 610 from Fernbook to US 173,1/1/2010,1/1/2030,4/1/2017,exurban,2.622,74107,after,US TRUNK 610,,65.0,15.0,0.0,0.0,1.0,0.0,0.0,0.0,4.0,ramp,74107_6,2025-01-01,0:00:00,24:00:00,volume,1833.0,AADT,1,520,,0:00:00,24:00:00,volume,4670.431521,AADT,Travel Model
FM-0907,MN,Hennepin,new-roadway,Construct ew MN 610 from Fernbook to US 173,1/1/2010,1/1/2030,4/1/2017,exurban,2.622,74108,after,US TRUNK 610,,65.0,17.0,0.0,0.0,2.0,0.0,0.0,1.0,4.0,ramp,74108_1,2020-01-01,0:00:00,24:00:00,volume,4500.0,AADT,1,521,,0:00:00,24:00:00,volume,11355.17178,AADT,Travel Model
FM-0907,MN,Hennepin,new-roadway,Construct ew MN 610 from Fernbook to US 173,1/1/2010,1/1/2030,4/1/2017,exurban,2.622,74108,after,US TRUNK 610,,65.0,17.0,0.0,0.0,2.0,0.0,0.0,1.0,4.0,ramp,74108_2,2021-01-01,0:00:00,24:00:00,volume,4679.0,AADT,1,521,,0:00:00,24:00:00,volume,11355.17178,AADT,Travel Model
FM-0907,MN,Hennepin,new-roadway,Construct ew MN 610 from Fernbook to US 173,1/1/2010,1/1/2030,4/1/2017,exurban,2.622,74108,after,US TRUNK 610,,65.0,17.0,0.0,0.0,2.0,0.0,0.0,1.0,4.0,ramp,74108_3,2022-01-01,0:00:00,24:00:00,volume,4649.0,AADT,1,521,,0:00:00,24:00:00,volume,11355.17178,AADT,Travel Model
FM-0907,MN,Hennepin,new-roadway,Construct ew MN 610 from Fernbook to US 173,1/1/2010,1/1/2030,4/1/2017,exurban,2.622,74108,after,US TRUNK 610,,65.0,17.0,0.0,0.0,2.0,0.0,0.0,1.0,4.0,ramp,74108_4,2023-01-01,0:00:00,24:00:00,volume,4528.0,AADT,1,521,,0:00:00,24:00:00,volume,11355.17178,AADT,Travel Model
FM-0907,MN,Hennepin,new-roadway,Construct ew MN 610 from Fernbook to US 173,1/1/2010,1/1/2030,4/1/2017,exurban,2.622,74108,after,US TRUNK 610,,65.0,17.0,0.0,0.0,2.0,0.0,0.0,1.0,4.0,ramp,74108_5,2024-01-01,0:00:00,24:00:00,volume,4619.0,AADT,1,521,,0:00:00,24:00:00,volume,11355.17178,AADT,Travel Model
FM-0907,MN,Hennepin,new-roadway,Construct ew MN 610 from Fernbook to US 173,1/1/2010,1/1/2030,4/1/2017,exurban,2.622,74108,after,US TRUNK 610,,65.0,17.0,0.0,0.0,2.0,0.0,0.0,1.0,4.0,ramp,74108_6,2025-01-01,0:00:00,24:00:00,volume,4803.0,AADT,1,521,,0:00:00,24:00:00,volume,11355.17178,AADT,Travel Model
FM-0907,MN,Hennepin,new-roadway,Construct ew MN 610 from Fernbook to US 173,1/1/2010,1/1/2030,4/1/2017,exurban,2.622,74647,after,US TRUNK 610,,65.0,12.0,0.0,0.0,1.0,0.0,0.0,0.0,4.0,ramp,74647_1,2019-01-01,0:00:00,24:00:00,volume,7000.0,AADT,1,516,,0:00:00,24:00:00,volume,2468.515603,AADT,Travel Model
FM-0907,MN,Hennepin,new-roadway,Construct ew MN 610 from Fernbook to US 173,1/1/2010,1/1/2030,4/1/2017,exurban,2.622,74647,after,US TRUNK 610,,65.0,12.0,0.0,0.0,1.0,0.0,0.0,0.0,4.0,ramp,74647_2,2020-01-01,0:00:00,24:00:00,volume,5735.0,AADT,1,516,,0:00:00,24:00:00,volume,2468.515603,AADT,Travel Model
FM-0907,MN,Hennepin,new-roadway,Construct ew MN 610 from Fernbook to US 173,1/1/2010,1/1/2030,4/1/2017,exurban,2.622,74647,after,US TRUNK 610,,65.0,12.0,0.0,0.0,1.0,0.0,0.0,0.0,4.0,ramp,74647_3,2021-01-01,0:00:00,24:00:00,volume,5254.0,AADT,1,516,,0:00:00,24:00:00,volume,2468.515603,AADT,Travel Model
FM-0907,MN,Hennepin,new-roadway,Construct ew MN 610 from Fernbook to US 173,1/1/2010,1/1/2030,4/1/2017,exurban,2.622,74647,after,US TRUNK 610,,65.0,12.0,0.0,0.0,1.0,0.0,0.0,0.0,4.0,ramp,74647_4,2022-01-01,0:00:00,24:00:00,volume,5391.0,AADT,1,516,,0:00:00,24:00:00,volume,2468.515603,AADT,Travel Model
FM-0907,MN,Hennepin,new-roadway,Construct ew MN 610 from Fernbook to US 173,1/1/2010,1/1/2030,4/1/2017,exurban,2.622,74647,after,US TRUNK 610,,65.0,12.0,0.0,0.0,1.0,0.0,0.0,0.0,4.0,ramp,74647_5,2023-01-01,0:00:00,24:00:00,volume,5493.0,AADT,1,516,,0:00:00,24:00:00,volume,2468.515603,AADT,Travel Model
FM-0907,MN,Hennepin,new-roadway,Construct ew MN 610 from Fernbook to US 173,1/1/2010,1/1/2030,4/1/2017,exurban,2.622,74647,after,US TRUNK 610,,65.0,12.0,0.0,0.0,1.0,0.0,0.0,0.0,4.0,ramp,74647_6,2024-01-01,0:00:00,24:00:00,volume,5592.0,AADT,1,516,,0:00:00,24:00:00,volume,2468.515603,AADT,Travel Model
FM-0907,MN,Hennepin,new-roadway,Construct ew MN 610 from Fernbook to US 173,1/1/2010,1/1/2030,4/1/2017,exurban,2.622,74647,after,US TRUNK 610,,65.0,12.0,0.0,0.0,1.0,0.0,0.0,0.0,4.0,ramp,74647_7,2025-01-01,0:00:00,24:00:00,volume,4128.0,AADT,1,516,,0:00:00,24:00:00,volume,2468.515603,AADT,Travel Model
FM-0907,MN,Hennepin,new-roadway,Construct ew MN 610 from Fernbook to US 173,1/1/2010,1/1/2030,4/1/2017,exurban,2.622,74648,after,MN TRUNK 610,,65.0,12.0,0.0,0.0,1.0,0.0,0.0,0.0,4.0,ramp,74648_1,2019-01-01,0:00:00,24:00:00,volume,3750.0,AADT,1,514,,0:00:00,24:00:00,volume,1831.638578,AADT,Travel Model
FM-0907,MN,Hennepin,new-roadway,Construct ew MN 610 from Fernbook to US 173,1/1/2010,1/1/2030,4/1/2017,exurban,2.622,74648,after,MN TRUNK 610,,65.0,12.0,0.0,0.0,1.0,0.0,0.0,0.0,4.0,ramp,74648_2,2020-01-01,0:00:00,24:00:00,volume,4450.0,AADT,1,514,,0:00:00,24:00:00,volume,1831.638578,AADT,Travel Model
FM-0907,MN,Hennepin,new-roadway,Construct ew MN 610 from Fernbook to US 173,1/1/2010,1/1/2030,4/1/2017,exurban,2.622,74648,after,MN TRUNK 610,,65.0,12.0,0.0,0.0,1.0,0.0,0.0,0.0,4.0,ramp,74648_3,2021-01-01,0:00:00,24:00:00,volume,4935.0,AADT,1,514,,0:00:00,24:00:00,volume,1831.638578,AADT,Travel Model
FM-0907,MN,Hennepin,new-roadway,Construct ew MN 610 from Fernbook to US 173,1/1/2010,1/1/2030,4/1/2017,exurban,2.622,74648,after,MN TRUNK 610,,65.0,12.0,0.0,0.0,1.0,0.0,0.0,0.0,4.0,ramp,74648_4,2022-01-01,0:00:00,24:00:00,volume,3584.0,AADT,1,514,,0:00:00,24:00:00,volume,1831.638578,AADT,Travel Model
FM-0907,MN,Hennepin,new-roadway,Construct ew MN 610 from Fernbook to US 173,1/1/2010,1/1/2030,4/1/2017,exurban,2.622,74648,after,MN TRUNK 610,,65.0,12.0,0.0,0.0,1.0,0.0,0.0,0.0,4.0,ramp,74648_5,2023-01-01,0:00:00,24:00:00,volume,3660.0,AADT,1,514,,0:00:00,24:00:00,volume,1831.638578,AADT,Travel Model
FM-0907,MN,Hennepin,new-roadway,Construct ew MN 610 from Fernbook to US 173,1/1/2010,1/1/2030,4/1/2017,exurban,2.622,74648,after,MN TRUNK 610,,65.0,12.0,0.0,0.0,1.0,0.0,0.0,0.0,4.0,ramp,74648_6,2024-01-01,0:00:00,24:00:00,volume,3726.0,AADT,1,514,,0:00:00,24:00:00,volume,1831.638578,AADT,Travel Model
FM-0907,MN,Hennepin,new-roadway,Construct ew MN 610 from Fernbook to US 173,1/1/2010,1/1/2030,4/1/2017,exurban,2.622,74648,after,MN TRUNK 610,,65.0,12.0,0.0,0.0,1.0,0.0,0.0,0.0,4.0,ramp,74648_7,2025-01-01,0:00:00,24:00:00,volume,2798.0,AADT,1,514,,0:00:00,24:00:00,volume,1831.638578,AADT,Travel Model
FM-0907,MN,Hennepin,new-roadway,Construct ew MN 610 from Fernbook to US 173,1/1/2010,1/1/2030,4/1/2017,exurban,2.622,74649,after,US TRUNK 610,,65.0,12.0,0.0,0.0,1.0,0.0,0.0,0.0,4.0,ramp,74649_1,2019-01-01,0:00:00,24:00:00,volume,11900.0,AADT,1,515,,0:00:00,24:00:00,volume,4310.028243,AADT,Travel Model
FM-0907,MN,Hennepin,new-roadway,Construct ew MN 610 from Fernbook to US 173,1/1/2010,1/1/2030,4/1/2017,exurban,2.622,74649,after,US TRUNK 610,,65.0,12.0,0.0,0.0,1.0,0.0,0.0,0.0,4.0,ramp,74649_2,2020-01-01,0:00:00,24:00:00,volume,6200.0,AADT,1,515,,0:00:00,24:00:00,volume,4310.028243,AADT,Travel Model
FM-0907,MN,Hennepin,new-roadway,Construct ew MN 610 from Fernbook to US 173,1/1/2010,1/1/2030,4/1/2017,exurban,2.622,74649,after,US TRUNK 610,,65.0,12.0,0.0,0.0,1.0,0.0,0.0,0.0,4.0,ramp,74649_3,2021-01-01,0:00:00,24:00:00,volume,6876.0,AADT,1,515,,0:00:00,24:00:00,volume,4310.028243,AADT,Travel Model
FM-0907,MN,Hennepin,new-roadway,Construct ew MN 610 from Fernbook to US 173,1/1/2010,1/1/2030,4/1/2017,exurban,2.622,74649,after,US TRUNK 610,,65.0,12.0,0.0,0.0,1.0,0.0,0.0,0.0,4.0,ramp,74649_4,2022-01-01,0:00:00,24:00:00,volume,5515.0,AADT,1,515,,0:00:00,24:00:00,volume,4310.028243,AADT,Travel Model
FM-0907,MN,Hennepin,new-roadway,Construct ew MN 610 from Fernbook to US 173,1/1/2010,1/1/2030,4/1/2017,exurban,2.622,74649,after,US TRUNK 610,,65.0,12.0,0.0,0.0,1.0,0.0,0.0,0.0,4.0,ramp,74649_5,2023-01-01,0:00:00,24:00:00,volume,5543.0,AADT,1,515,,0:00:00,24:00:00,volume,4310.028243,AADT,Travel Model
FM-0907,MN,Hennepin,new-roadway,Construct ew MN 610 from Fernbook to US 173,1/1/2010,1/1/2030,4/1/2017,exurban,2.622,74649,after,US TRUNK 610,,65.0,12.0,0.0,0.0,1.0,0.0,0.0,0.0,4.0,ramp,74649_6,2024-01-01,0:00:00,24:00:00,volume,5749.0,AADT,1,515,,0:00:00,24:00:00,volume,4310.028243,AADT,Travel Model
FM-0907,MN,Hennepin,new-roadway,Construct ew MN 610 from Fernbook to US 173,1/1/2010,1/1/2030,4/1/2017,exurban,2.622,74649,after,US TRUNK 610,,65.0,12.0,0.0,0.0,1.0,0.0,0.0,0.0,4.0,ramp,74649_7,2025-01-01,0:00:00,24:00:00,volume,5767.0,AADT,1,515,,0:00:00,24:00:00,volume,4310.028243,AADT,Travel Model
FM-0915,MN,Scott,new-roadway,MN 13 at the Jct of MN 801B (formerly MN 101),1/1/2010,1/1/2030,9/1/2013,exurban,0.989,10279,before,MN TRUNK 13,,55,12,0,0,4,0,0,0,10,freeway,10279_1,2010-01-01,0:00:00,24:00:00,volume,42000.0,AADT,0,470,,0:00:00,24:00:00,volume,53319.93703,AADT,Trendline
FM-0915,MN,Scott,new-roadway,MN 13 at the Jct of MN 801B (formerly MN 101),1/1/2010,1/1/2030,9/1/2013,exurban,0.989,10279,after,MN TRUNK 13,,55,12,0,0,4,0,0,0,10,freeway,10279_2,2016-01-01,0:00:00,24:00:00,volume,48743.0,AADT,1,470,,0:00:00,24:00:00,volume,53319.93703,AADT,Trendline
FM-0915,MN,Scott,new-roadway,MN 13 at the Jct of MN 801B (formerly MN 101),1/1/2010,1/1/2030,9/1/2013,exurban,0.989,10279,after,MN TRUNK 13,,55,12,0,0,4,0,0,0,10,freeway,10279_3,2017-01-01,0:00:00,24:00:00,volume,49596.0,AADT,1,470,,0:00:00,24:00:00,volume,53319.93703,AADT,Trendline
FM-0915,MN,Scott,new-roadway,MN 13 at the Jct of MN 801B (formerly MN 101),1/1/2010,1/1/2030,9/1/2013,exurban,0.989,10279,after,MN TRUNK 13,,55,12,0,0,4,0,0,0,10,freeway,10279_4,2018-01-01,0:00:00,24:00:00,volume,55000.0,AADT,1,470,,0:00:00,24:00:00,volume,53319.93703,AADT,Trendline
FM-0915,MN,Scott,new-roadway,MN 13 at the Jct of MN 801B (formerly MN 101),1/1/2010,1/1/2030,9/1/2013,exurban,0.989,10279,after,MN TRUNK 13,,55,12,0,0,4,0,0,0,10,freeway,10279_5,2019-01-01,0:00:00,24:00:00,volume,54000.0,AADT,1,470,,0:00:00,24:00:00,volume,53319.93703,AADT,Trendline
FM-0915,MN,Scott,new-roadway,MN 13 at the Jct of MN 801B (formerly MN 101),1/1/2010,1/1/2030,9/1/2013,exurban,0.989,10279,after,MN TRUNK 13,,55,12,0,0,4,0,0,0,10,freeway,10279_6,2020-01-01,0:00:00,24:00:00,volume,46693.0,AADT,1,470,,0:00:00,24:00:00,volume,53319.93703,AADT,Trendline
FM-0915,MN,Scott,new-roadway,MN 13 at the Jct of MN 801B (formerly MN 101),1/1/2010,1/1/2030,9/1/2013,exurban,0.989,10279,after,MN TRUNK 13,,55,12,0,0,4,0,0,0,10,freeway,10279_7,2021-01-01,0:00:00,24:00:00,volume,52763.0,AADT,1,470,,0:00:00,24:00:00,volume,53319.93703,AADT,Trendline
FM-0915,MN,Scott,new-roadway,MN 13 at the Jct of MN 801B (formerly MN 101),1/1/2010,1/1/2030,9/1/2013,exurban,0.989,10279,after,MN TRUNK 13,,55,12,0,0,4,0,0,0,10,freeway,10279_8,2022-01-01,0:00:00,24:00:00,volume,51655.0,AADT,1,470,,0:00:00,24:00:00,volume,53319.93703,AADT,Trendline
FM-0915,MN,Scott,new-roadway,MN 13 at the Jct of MN 801B (formerly MN 101),1/1/2010,1/1/2030,9/1/2013,exurban,0.989,10279,after,MN TRUNK 13,,55,12,0,0,4,0,0,0,10,freeway,10279_9,2023-01-01,0:00:00,24:00:00,volume,52688.0,AADT,1,470,,0:00:00,24:00:00,volume,53319.93703,AADT,Trendline
FM-0915,MN,Scott,new-roadway,MN 13 at the Jct of MN 801B (formerly MN 101),1/1/2010,1/1/2030,9/1/2013,exurban,0.989,10279,after,MN TRUNK 13,,55,12,0,0,4,0,0,0,10,freeway,10279_10,2024-01-01,0:00:00,24:00:00,volume,54321.0,AADT,1,470,,0:00:00,24:00:00,volume,53319.93703,AADT,Trendline
FM-0915,MN,Scott,new-roadway,MN 13 at the Jct of MN 801B (formerly MN 101),1/1/2010,1/1/2030,9/1/2013,exurban,0.989,11033,before,MN TRUNK 13,,55,12,1,0,3,2,1,0,10,ramp,11033_1,2010-01-01,0:00:00,24:00:00,volume,22800.0,AADT,0,471,,0:00:00,24:00:00,volume,24685.15603,AADT,Trendline
FM-0915,MN,Scott,new-roadway,MN 13 at the Jct of MN 801B (formerly MN 101),1/1/2010,1/1/2030,9/1/2013,exurban,0.989,11033,after,MN TRUNK 13,,55,12,0,0,2,2,1,0,7,ramp,11033_2,2016-01-01,0:00:00,24:00:00,volume,26633.0,AADT,1,471,,0:00:00,24:00:00,volume,24685.15603,AADT,Trendline
FM-0915,MN,Scott,new-roadway,MN 13 at the Jct of MN 801B (formerly MN 101),1/1/2010,1/1/2030,9/1/2013,exurban,0.989,11033,after,MN TRUNK 13,,55,12,0,0,2,2,1,0,7,ramp,11033_3,2017-01-01,0:00:00,24:00:00,volume,27099.0,AADT,1,471,,0:00:00,24:00:00,volume,24685.15603,AADT,Trendline
FM-0915,MN,Scott,new-roadway,MN 13 at the Jct of MN 801B (formerly MN 101),1/1/2010,1/1/2030,9/1/2013,exurban,0.989,11033,after,MN TRUNK 13,,55,12,0,0,2,2,1,0,7,ramp,11033_4,2018-01-01,0:00:00,24:00:00,volume,27205.0,AADT,1,471,,0:00:00,24:00:00,volume,24685.15603,AADT,Trendline
FM-0915,MN,Scott,new-roadway,MN 13 at the Jct of MN 801B (formerly MN 101),1/1/2010,1/1/2030,9/1/2013,exurban,0.989,11033,after,MN TRUNK 13,,55,12,0,0,2,2,1,0,7,ramp,11033_5,2019-01-01,0:00:00,24:00:00,volume,27625.0,AADT,1,471,,0:00:00,24:00:00,volume,24685.15603,AADT,Trendline
FM-0915,MN,Scott,new-roadway,MN 13 at the Jct of MN 801B (formerly MN 101),1/1/2010,1/1/2030,9/1/2013,exurban,0.989,11033,after,MN TRUNK 13,,55,12,0,0,2,2,1,0,7,ramp,11033_6,2020-01-01,0:00:00,24:00:00,volume,20697.0,AADT,1,471,,0:00:00,24:00:00,volume,24685.15603,AADT,Trendline
FM-0915,MN,Scott,new-roadway,MN 13 at the Jct of MN 801B (formerly MN 101),1/1/2010,1/1/2030,9/1/2013,exurban,0.989,11033,after,MN TRUNK 13,,55,12,0,0,2,2,1,0,7,ramp,11033_7,2021-01-01,0:00:00,24:00:00,volume,22849.0,AADT,1,471,,0:00:00,24:00:00,volume,24685.15603,AADT,Trendline
FM-0915,MN,Scott,new-roadway,MN 13 at the Jct of MN 801B (formerly MN 101),1/1/2010,1/1/2030,9/1/2013,exurban,0.989,11033,after,MN TRUNK 13,,55,12,0,0,2,2,1,0,7,ramp,11033_8,2022-01-01,0:00:00,24:00:00,volume,28331.0,AADT,1,471,,0:00:00,24:00:00,volume,24685.15603,AADT,Trendline
FM-0915,MN,Scott,new-roadway,MN 13 at the Jct of MN 801B (formerly MN 101),1/1/2010,1/1/2030,9/1/2013,exurban,0.989,11033,after,MN TRUNK 13,,55,12,0,0,2,2,1,0,7,ramp,11033_9,2023-01-01,0:00:00,24:00:00,volume,26988.0,AADT,1,471,,0:00:00,24:00:00,volume,24685.15603,AADT,Trendline
FM-0915,MN,Scott,new-roadway,MN 13 at the Jct of MN 801B (formerly MN 101),1/1/2010,1/1/2030,9/1/2013,exurban,0.989,11033,after,MN TRUNK 13,,55,12,0,0,2,2,1,0,7,ramp,11033_10,2024-01-01,0:00:00,24:00:00,volume,27960.0,AADT,1,471,,0:00:00,24:00:00,volume,24685.15603,AADT,Trendline
FM-0915,MN,Scott,new-roadway,MN 13 at the Jct of MN 801B (formerly MN 101),1/1/2010,1/1/2030,9/1/2013,exurban,0.989,11034,before,MN TRUNK 13,,55,12,0,0,6,1,0,0,10,freeway,11034_1,2010-01-01,0:00:00,24:00:00,volume,50000.0,AADT,0,469,,0:00:00,24:00:00,volume,52332.53079,AADT,Trendline
FM-0915,MN,Scott,new-roadway,MN 13 at the Jct of MN 801B (formerly MN 101),1/1/2010,1/1/2030,9/1/2013,exurban,0.989,11034,after,MN TRUNK 13,,55,12,0,0,6,0,0,0,12,freeway,11034_2,2016-01-01,0:00:00,24:00:00,volume,52260.0,AADT,1,469,,0:00:00,24:00:00,volume,52332.53079,AADT,Trendline
FM-0915,MN,Scott,new-roadway,MN 13 at the Jct of MN 801B (formerly MN 101),1/1/2010,1/1/2030,9/1/2013,exurban,0.989,11034,after,MN TRUNK 13,,55,12,0,0,6,0,0,0,12,freeway,11034_3,2017-01-01,0:00:00,24:00:00,volume,53175.0,AADT,1,469,,0:00:00,24:00:00,volume,52332.53079,AADT,Trendline
FM-0915,MN,Scott,new-roadway,MN 13 at the Jct of MN 801B (formerly MN 101),1/1/2010,1/1/2030,9/1/2013,exurban,0.989,11034,after,MN TRUNK 13,,55,12,0,0,6,0,0,0,12,freeway,11034_4,2018-01-01,0:00:00,24:00:00,volume,53382.0,AADT,1,469,,0:00:00,24:00:00,volume,52332.53079,AADT,Trendline
FM-0915,MN,Scott,new-roadway,MN 13 at the Jct of MN 801B (formerly MN 101),1/1/2010,1/1/2030,9/1/2013,exurban,0.989,11034,after,MN TRUNK 13,,55,12,0,0,6,0,0,0,12,freeway,11034_5,2019-01-01,0:00:00,24:00:00,volume,54206.0,AADT,1,469,,0:00:00,24:00:00,volume,52332.53079,AADT,Trendline
FM-0915,MN,Scott,new-roadway,MN 13 at the Jct of MN 801B (formerly MN 101),1/1/2010,1/1/2030,9/1/2013,exurban,0.989,11034,after,MN TRUNK 13,,55,12,0,0,6,0,0,0,12,freeway,11034_6,2020-01-01,0:00:00,24:00:00,volume,46871.0,AADT,1,469,,0:00:00,24:00:00,volume,52332.53079,AADT,Trendline
FM-0915,MN,Scott,new-roadway,MN 13 at the Jct of MN 801B (formerly MN 101),1/1/2010,1/1/2030,9/1/2013,exurban,0.989,11034,after,MN TRUNK 13,,55,12,0,0,6,0,0,0,12,freeway,11034_7,2021-01-01,0:00:00,24:00:00,volume,52964.0,AADT,1,469,,0:00:00,24:00:00,volume,52332.53079,AADT,Trendline
FM-0915,MN,Scott,new-roadway,MN 13 at the Jct of MN 801B (formerly MN 101),1/1/2010,1/1/2030,9/1/2013,exurban,0.989,11034,after,MN TRUNK 13,,55,12,0,0,6,0,0,0,12,freeway,11034_8,2022-01-01,0:00:00,24:00:00,volume,52567.0,AADT,1,469,,0:00:00,24:00:00,volume,52332.53079,AADT,Trendline
FM-0915,MN,Scott,new-roadway,MN 13 at the Jct of MN 801B (formerly MN 101),1/1/2010,1/1/2030,9/1/2013,exurban,0.989,11034,after,MN TRUNK 13,,55,12,0,0,6,0,0,0,12,freeway,11034_9,2023-01-01,0:00:00,24:00:00,volume,54814.0,AADT,1,469,,0:00:00,24:00:00,volume,52332.53079,AADT,Trendline
FM-0915,MN,Scott,new-roadway,MN 13 at the Jct of MN 801B (formerly MN 101),1/1/2010,1/1/2030,9/1/2013,exurban,0.989,11034,after,MN TRUNK 13,,55,12,0,0,6,0,0,0,12,freeway,11034_10,2024-01-01,0:00:00,24:00:00,volume,56513.0,AADT,1,469,,0:00:00,24:00:00,volume,52332.53079,AADT,Trendline
FM-0915,MN,Scott,new-roadway,MN 13 at the Jct of MN 801B (formerly MN 101),1/1/2010,1/1/2030,9/1/2013,exurban,0.989,75602,after,MN TRUNK 13,,55,12,0,0,4,0,0,0,10,ramp,75602_1,2022-01-01,0:00:00,24:00:00,volume,9715.0,AADT,1,473,,0:00:00,24:00:00,volume,12600.0,AADT,Trendline
FM-0915,MN,Scott,new-roadway,MN 13 at the Jct of MN 801B (formerly MN 101),1/1/2010,1/1/2030,9/1/2013,exurban,0.989,75602,after,MN TRUNK 13,,55,12,0,0,4,0,0,0,10,ramp,75602_2,2023-01-01,0:00:00,24:00:00,volume,9910.0,AADT,1,473,,0:00:00,24:00:00,volume,12600.0,AADT,Trendline
FM-0915,MN,Scott,new-roadway,MN 13 at the Jct of MN 801B (formerly MN 101),1/1/2010,1/1/2030,9/1/2013,exurban,0.989,75602,after,MN TRUNK 13,,55,12,0,0,4,0,0,0,10,ramp,75602_3,2024-01-01,0:00:00,24:00:00,volume,10217.0,AADT,1,473,,0:00:00,24:00:00,volume,12600.0,AADT,Trendline
FM-1101,MN,Ramsey,new-roadway,US 10 at CSAH 96 Partial Interchange Construction,1/1/2012,1/1/2032,10/1/2014,exurban,0.526,10942,before,US TRUNK 10,,65.0,11.0,0.0,0.0,4.0,0.0,0.0,0.0,11.0,freeway,10942_1,2012-01-01,0:00:00,24:00:00,volume,36000.0,AADT,0,375,,0:00:00,24:00:00,volume,47477.60279,AADT,Travel Model
FM-1101,MN,Ramsey,new-roadway,US 10 at CSAH 96 Partial Interchange Construction,1/1/2012,1/1/2032,10/1/2014,exurban,0.526,10942,after,US TRUNK 10,,65.0,11.0,0.0,0.0,4.0,0.0,0.0,0.0,11.0,freeway,10942_2,2016-01-01,0:00:00,24:00:00,volume,44000.0,AADT,1,375,,0:00:00,24:00:00,volume,47477.60279,AADT,Travel Model
FM-1101,MN,Ramsey,new-roadway,US 10 at CSAH 96 Partial Interchange Construction,1/1/2012,1/1/2032,10/1/2014,exurban,0.526,10942,after,US TRUNK 10,,65.0,11.0,0.0,0.0,4.0,0.0,0.0,0.0,11.0,freeway,10942_3,2017-01-01,0:00:00,24:00:00,volume,40000.0,AADT,1,375,,0:00:00,24:00:00,volume,47477.60279,AADT,Travel Model
FM-1101,MN,Ramsey,new-roadway,US 10 at CSAH 96 Partial Interchange Construction,1/1/2012,1/1/2032,10/1/2014,exurban,0.526,10942,after,US TRUNK 10,,65.0,11.0,0.0,0.0,4.0,0.0,0.0,0.0,11.0,freeway,10942_4,2018-01-01,0:00:00,24:00:00,volume,40156.0,AADT,1,375,,0:00:00,24:00:00,volume,47477.60279,AADT,Travel Model
FM-1101,MN,Ramsey,new-roadway,US 10 at CSAH 96 Partial Interchange Construction,1/1/2012,1/1/2032,10/1/2014,exurban,0.526,10942,after,US TRUNK 10,,65.0,11.0,0.0,0.0,4.0,0.0,0.0,0.0,11.0,freeway,10942_5,2019-01-01,0:00:00,24:00:00,volume,39835.0,AADT,1,375,,0:00:00,24:00:00,volume,47477.60279,AADT,Travel Model
FM-1101,MN,Ramsey,new-roadway,US 10 at CSAH 96 Partial Interchange Construction,1/1/2012,1/1/2032,10/1/2014,exurban,0.526,10942,after,US TRUNK 10,,65.0,11.0,0.0,0.0,4.0,0.0,0.0,0.0,11.0,freeway,10942_6,2020-01-01,0:00:00,24:00:00,volume,48000.0,AADT,1,375,,0:00:00,24:00:00,volume,47477.60279,AADT,Travel Model
FM-1101,MN,Ramsey,new-roadway,US 10 at CSAH 96 Partial Interchange Construction,1/1/2012,1/1/2032,10/1/2014,exurban,0.526,10942,after,US TRUNK 10,,65.0,11.0,0.0,0.0,4.0,0.0,0.0,0.0,11.0,freeway,10942_7,2021-01-01,0:00:00,24:00:00,volume,51734.0,AADT,1,375,,0:00:00,24:00:00,volume,47477.60279,AADT,Travel Model
FM-1101,MN,Ramsey,new-roadway,US 10 at CSAH 96 Partial Interchange Construction,1/1/2012,1/1/2032,10/1/2014,exurban,0.526,10942,after,US TRUNK 10,,65.0,11.0,0.0,0.0,4.0,0.0,0.0,0.0,11.0,freeway,10942_8,2022-01-01,0:00:00,24:00:00,volume,54968.0,AADT,1,375,,0:00:00,24:00:00,volume,47477.60279,AADT,Travel Model
FM-1101,MN,Ramsey,new-roadway,US 10 at CSAH 96 Partial Interchange Construction,1/1/2012,1/1/2032,10/1/2014,exurban,0.526,10942,after,US TRUNK 10,,65.0,11.0,0.0,0.0,4.0,0.0,0.0,0.0,11.0,freeway,10942_9,2023-01-01,0:00:00,24:00:00,volume,51700.0,AADT,1,375,,0:00:00,24:00:00,volume,47477.60279,AADT,Travel Model
FM-1101,MN,Ramsey,new-roadway,US 10 at CSAH 96 Partial Interchange Construction,1/1/2012,1/1/2032,10/1/2014,exurban,0.526,10942,after,US TRUNK 10,,65.0,11.0,0.0,0.0,4.0,0.0,0.0,0.0,11.0,freeway,10942_10,2024-01-01,0:00:00,24:00:00,volume,56358.0,AADT,1,375,,0:00:00,24:00:00,volume,47477.60279,AADT,Travel Model
FM-1101,MN,Ramsey,new-roadway,US 10 at CSAH 96 Partial Interchange Construction,1/1/2012,1/1/2032,10/1/2014,exurban,0.526,10942,after,US TRUNK 10,,65.0,11.0,0.0,0.0,4.0,0.0,0.0,0.0,11.0,freeway,10942_11,2025-01-01,0:00:00,24:00:00,volume,56414.0,AADT,1,375,,0:00:00,24:00:00,volume,47477.60279,AADT,Travel Model
FM-1101,MN,Ramsey,new-roadway,US 10 at CSAH 96 Partial Interchange Construction,1/1/2012,1/1/2032,10/1/2014,exurban,0.526,10946,before,US TRUNK 10,,65.0,11.0,0.0,0.0,4.0,1.0,0.0,0.0,11.0,freeway,10946_1,2012-01-01,0:00:00,24:00:00,volume,47000.0,AADT,0,376,,0:00:00,24:00:00,volume,58972.18031,AADT,Travel Model
FM-1101,MN,Ramsey,new-roadway,US 10 at CSAH 96 Partial Interchange Construction,1/1/2012,1/1/2032,10/1/2014,exurban,0.526,10946,after,US TRUNK 10,,65.0,11.0,0.0,0.0,5.0,0.0,0.0,0.0,11.0,freeway,10946_2,2016-01-01,0:00:00,24:00:00,volume,52104.0,AADT,1,376,,0:00:00,24:00:00,volume,58972.18031,AADT,Travel Model
FM-1101,MN,Ramsey,new-roadway,US 10 at CSAH 96 Partial Interchange Construction,1/1/2012,1/1/2032,10/1/2014,exurban,0.526,10946,after,US TRUNK 10,,65.0,11.0,0.0,0.0,5.0,0.0,0.0,0.0,11.0,freeway,10946_3,2017-01-01,0:00:00,24:00:00,volume,53016.0,AADT,1,376,,0:00:00,24:00:00,volume,58972.18031,AADT,Travel Model
FM-1101,MN,Ramsey,new-roadway,US 10 at CSAH 96 Partial Interchange Construction,1/1/2012,1/1/2032,10/1/2014,exurban,0.526,10946,after,US TRUNK 10,,65.0,11.0,0.0,0.0,5.0,0.0,0.0,0.0,11.0,freeway,10946_4,2018-01-01,0:00:00,24:00:00,volume,53223.0,AADT,1,376,,0:00:00,24:00:00,volume,58972.18031,AADT,Travel Model
FM-1101,MN,Ramsey,new-roadway,US 10 at CSAH 96 Partial Interchange Construction,1/1/2012,1/1/2032,10/1/2014,exurban,0.526,10946,after,US TRUNK 10,,65.0,11.0,0.0,0.0,5.0,0.0,0.0,0.0,11.0,freeway,10946_5,2019-01-01,0:00:00,24:00:00,volume,52798.0,AADT,1,376,,0:00:00,24:00:00,volume,58972.18031,AADT,Travel Model
FM-1101,MN,Ramsey,new-roadway,US 10 at CSAH 96 Partial Interchange Construction,1/1/2012,1/1/2032,10/1/2014,exurban,0.526,10946,after,US TRUNK 10,,65.0,11.0,0.0,0.0,5.0,0.0,0.0,0.0,11.0,freeway,10946_6,2020-01-01,0:00:00,24:00:00,volume,49500.0,AADT,1,376,,0:00:00,24:00:00,volume,58972.18031,AADT,Travel Model
FM-1101,MN,Ramsey,new-roadway,US 10 at CSAH 96 Partial Interchange Construction,1/1/2012,1/1/2032,10/1/2014,exurban,0.526,10946,after,US TRUNK 10,,65.0,11.0,0.0,0.0,5.0,0.0,0.0,0.0,11.0,freeway,10946_7,2021-01-01,0:00:00,24:00:00,volume,57088.0,AADT,1,376,,0:00:00,24:00:00,volume,58972.18031,AADT,Travel Model
FM-1101,MN,Ramsey,new-roadway,US 10 at CSAH 96 Partial Interchange Construction,1/1/2012,1/1/2032,10/1/2014,exurban,0.526,10946,after,US TRUNK 10,,65.0,11.0,0.0,0.0,5.0,0.0,0.0,0.0,11.0,freeway,10946_8,2022-01-01,0:00:00,24:00:00,volume,60249.0,AADT,1,376,,0:00:00,24:00:00,volume,58972.18031,AADT,Travel Model
FM-1101,MN,Ramsey,new-roadway,US 10 at CSAH 96 Partial Interchange Construction,1/1/2012,1/1/2032,10/1/2014,exurban,0.526,10946,after,US TRUNK 10,,65.0,11.0,0.0,0.0,5.0,0.0,0.0,0.0,11.0,freeway,10946_9,2023-01-01,0:00:00,24:00:00,volume,66632.0,AADT,1,376,,0:00:00,24:00:00,volume,58972.18031,AADT,Travel Model
FM-1101,MN,Ramsey,new-roadway,US 10 at CSAH 96 Partial Interchange Construction,1/1/2012,1/1/2032,10/1/2014,exurban,0.526,10946,after,US TRUNK 10,,65.0,11.0,0.0,0.0,5.0,0.0,0.0,0.0,11.0,freeway,10946_10,2024-01-01,0:00:00,24:00:00,volume,73011.0,AADT,1,376,,0:00:00,24:00:00,volume,58972.18031,AADT,Travel Model
FM-1101,MN,Ramsey,new-roadway,US 10 at CSAH 96 Partial Interchange Construction,1/1/2012,1/1/2032,10/1/2014,exurban,0.526,10946,after,US TRUNK 10,,65.0,11.0,0.0,0.0,5.0,0.0,0.0,0.0,11.0,freeway,10946_11,2025-01-01,0:00:00,24:00:00,volume,73707.0,AADT,1,376,,0:00:00,24:00:00,volume,58972.18031,AADT,Travel Model
FM-1101,MN,Ramsey,new-roadway,US 10 at CSAH 96 Partial Interchange Construction,1/1/2012,1/1/2032,10/1/2014,exurban,0.526,42347,after,CSAH 96,,55.0,11.0,0.0,0.0,4.0,1.0,0.0,0.0,11.0,minor arterial,42347_1,2015-01-01,0:00:00,24:00:00,volume,18500.0,AADT,1,378,,0:00:00,24:00:00,volume,20740.21596,AADT,Travel Model
FM-1101,MN,Ramsey,new-roadway,US 10 at CSAH 96 Partial Interchange Construction,1/1/2012,1/1/2032,10/1/2014,exurban,0.526,42347,after,CSAH 96,,55.0,11.0,0.0,0.0,4.0,1.0,0.0,0.0,11.0,minor arterial,42347_2,2016-01-01,0:00:00,24:00:00,volume,18519.0,AADT,1,378,,0:00:00,24:00:00,volume,20740.21596,AADT,Travel Model
FM-1101,MN,Ramsey,new-roadway,US 10 at CSAH 96 Partial Interchange Construction,1/1/2012,1/1/2032,10/1/2014,exurban,0.526,42347,after,CSAH 96,,55.0,11.0,0.0,0.0,4.0,1.0,0.0,0.0,11.0,minor arterial,42347_3,2017-01-01,0:00:00,24:00:00,volume,18863.0,AADT,1,378,,0:00:00,24:00:00,volume,20740.21596,AADT,Travel Model
FM-1101,MN,Ramsey,new-roadway,US 10 at CSAH 96 Partial Interchange Construction,1/1/2012,1/1/2032,10/1/2014,exurban,0.526,42347,after,CSAH 96,,55.0,11.0,0.0,0.0,4.0,1.0,0.0,0.0,11.0,minor arterial,42347_4,2018-01-01,0:00:00,24:00:00,volume,18961.0,AADT,1,378,,0:00:00,24:00:00,volume,20740.21596,AADT,Travel Model
FM-1101,MN,Ramsey,new-roadway,US 10 at CSAH 96 Partial Interchange Construction,1/1/2012,1/1/2032,10/1/2014,exurban,0.526,42347,after,CSAH 96,,55.0,11.0,0.0,0.0,4.0,1.0,0.0,0.0,11.0,minor arterial,42347_5,2019-01-01,0:00:00,24:00:00,volume,19400.0,AADT,1,378,,0:00:00,24:00:00,volume,20740.21596,AADT,Travel Model
FM-1101,MN,Ramsey,new-roadway,US 10 at CSAH 96 Partial Interchange Construction,1/1/2012,1/1/2032,10/1/2014,exurban,0.526,42347,after,CSAH 96,,55.0,11.0,0.0,0.0,4.0,1.0,0.0,0.0,11.0,minor arterial,42347_6,2020-01-01,0:00:00,24:00:00,volume,14535.0,AADT,1,378,,0:00:00,24:00:00,volume,20740.21596,AADT,Travel Model
FM-1101,MN,Ramsey,new-roadway,US 10 at CSAH 96 Partial Interchange Construction,1/1/2012,1/1/2032,10/1/2014,exurban,0.526,42347,after,CSAH 96,,55.0,11.0,0.0,0.0,4.0,1.0,0.0,0.0,11.0,minor arterial,42347_7,2021-01-01,0:00:00,24:00:00,volume,17252.0,AADT,1,378,,0:00:00,24:00:00,volume,20740.21596,AADT,Travel Model
FM-1101,MN,Ramsey,new-roadway,US 10 at CSAH 96 Partial Interchange Construction,1/1/2012,1/1/2032,10/1/2014,exurban,0.526,42347,after,CSAH 96,,55.0,11.0,0.0,0.0,4.0,1.0,0.0,0.0,11.0,minor arterial,42347_8,2022-01-01,0:00:00,24:00:00,volume,17718.0,AADT,1,378,,0:00:00,24:00:00,volume,20740.21596,AADT,Travel Model
FM-1101,MN,Ramsey,new-roadway,US 10 at CSAH 96 Partial Interchange Construction,1/1/2012,1/1/2032,10/1/2014,exurban,0.526,42347,after,CSAH 96,,55.0,11.0,0.0,0.0,4.0,1.0,0.0,0.0,11.0,minor arterial,42347_9,2023-01-01,0:00:00,24:00:00,volume,18836.0,AADT,1,378,,0:00:00,24:00:00,volume,20740.21596,AADT,Travel Model
FM-1101,MN,Ramsey,new-roadway,US 10 at CSAH 96 Partial Interchange Construction,1/1/2012,1/1/2032,10/1/2014,exurban,0.526,42347,after,CSAH 96,,55.0,11.0,0.0,0.0,4.0,1.0,0.0,0.0,11.0,minor arterial,42347_10,2024-01-01,0:00:00,24:00:00,volume,24250.0,AADT,1,378,,0:00:00,24:00:00,volume,20740.21596,AADT,Travel Model
FM-1101,MN,Ramsey,new-roadway,US 10 at CSAH 96 Partial Interchange Construction,1/1/2012,1/1/2032,10/1/2014,exurban,0.526,42348,after,CSAH 96,,55.0,11.0,0.0,0.0,4.0,0.0,0.0,0.0,11.0,freeway,42348_1,2015-01-01,0:00:00,24:00:00,volume,13000.0,AADT,1,377,,0:00:00,24:00:00,volume,14892.97435,AADT,Travel Model
FM-1101,MN,Ramsey,new-roadway,US 10 at CSAH 96 Partial Interchange Construction,1/1/2012,1/1/2032,10/1/2014,exurban,0.526,42348,after,CSAH 96,,55.0,11.0,0.0,0.0,4.0,0.0,0.0,0.0,11.0,freeway,42348_2,2016-01-01,0:00:00,24:00:00,volume,13013.0,AADT,1,377,,0:00:00,24:00:00,volume,14892.97435,AADT,Travel Model
FM-1101,MN,Ramsey,new-roadway,US 10 at CSAH 96 Partial Interchange Construction,1/1/2012,1/1/2032,10/1/2014,exurban,0.526,42348,after,CSAH 96,,55.0,11.0,0.0,0.0,4.0,0.0,0.0,0.0,11.0,freeway,42348_3,2017-01-01,0:00:00,24:00:00,volume,13255.0,AADT,1,377,,0:00:00,24:00:00,volume,14892.97435,AADT,Travel Model
FM-1101,MN,Ramsey,new-roadway,US 10 at CSAH 96 Partial Interchange Construction,1/1/2012,1/1/2032,10/1/2014,exurban,0.526,42348,after,CSAH 96,,55.0,11.0,0.0,0.0,4.0,0.0,0.0,0.0,11.0,freeway,42348_4,2018-01-01,0:00:00,24:00:00,volume,13324.0,AADT,1,377,,0:00:00,24:00:00,volume,14892.97435,AADT,Travel Model
FM-1101,MN,Ramsey,new-roadway,US 10 at CSAH 96 Partial Interchange Construction,1/1/2012,1/1/2032,10/1/2014,exurban,0.526,42348,after,CSAH 96,,55.0,11.0,0.0,0.0,4.0,0.0,0.0,0.0,11.0,freeway,42348_5,2019-01-01,0:00:00,24:00:00,volume,14200.0,AADT,1,377,,0:00:00,24:00:00,volume,14892.97435,AADT,Travel Model
FM-1101,MN,Ramsey,new-roadway,US 10 at CSAH 96 Partial Interchange Construction,1/1/2012,1/1/2032,10/1/2014,exurban,0.526,42348,after,CSAH 96,,55.0,11.0,0.0,0.0,4.0,0.0,0.0,0.0,11.0,freeway,42348_6,2020-01-01,0:00:00,24:00:00,volume,10639.0,AADT,1,377,,0:00:00,24:00:00,volume,14892.97435,AADT,Travel Model
FM-1101,MN,Ramsey,new-roadway,US 10 at CSAH 96 Partial Interchange Construction,1/1/2012,1/1/2032,10/1/2014,exurban,0.526,42348,after,CSAH 96,,55.0,11.0,0.0,0.0,4.0,0.0,0.0,0.0,11.0,freeway,42348_7,2021-01-01,0:00:00,24:00:00,volume,11178.0,AADT,1,377,,0:00:00,24:00:00,volume,14892.97435,AADT,Travel Model
FM-1101,MN,Ramsey,new-roadway,US 10 at CSAH 96 Partial Interchange Construction,1/1/2012,1/1/2032,10/1/2014,exurban,0.526,42348,after,CSAH 96,,55.0,11.0,0.0,0.0,4.0,0.0,0.0,0.0,11.0,freeway,42348_8,2022-01-01,0:00:00,24:00:00,volume,11480.0,AADT,1,377,,0:00:00,24:00:00,volume,14892.97435,AADT,Travel Model
FM-1101,MN,Ramsey,new-roadway,US 10 at CSAH 96 Partial Interchange Construction,1/1/2012,1/1/2032,10/1/2014,exurban,0.526,42348,after,CSAH 96,,55.0,11.0,0.0,0.0,4.0,0.0,0.0,0.0,11.0,freeway,42348_9,2023-01-01,0:00:00,24:00:00,volume,11695.0,AADT,1,377,,0:00:00,24:00:00,volume,14892.97435,AADT,Travel Model
FM-1101,MN,Ramsey,new-roadway,US 10 at CSAH 96 Partial Interchange Construction,1/1/2012,1/1/2032,10/1/2014,exurban,0.526,42348,after,CSAH 96,,55.0,11.0,0.0,0.0,4.0,0.0,0.0,0.0,11.0,freeway,42348_10,2024-01-01,0:00:00,24:00:00,volume,14598.0,AADT,1,377,,0:00:00,24:00:00,volume,14892.97435,AADT,Travel Model
FM-1101,MN,Ramsey,new-roadway,US 10 at CSAH 96 Partial Interchange Construction,1/1/2012,1/1/2032,10/1/2014,exurban,0.526,42354,before,US 10,,55.0,11.0,0.0,0.0,2.0,0.0,0.0,0.0,10.0,minor arterial,42354_1,2014-01-01,0:00:00,24:00:00,volume,2450.0,AADT,0,381,,0:00:00,24:00:00,volume,219.8962656,AADT,Travel Model
FM-1101,MN,Ramsey,new-roadway,US 10 at CSAH 96 Partial Interchange Construction,1/1/2012,1/1/2032,10/1/2014,exurban,0.526,42354,after,US 10,,55.0,12.0,0.0,0.0,1.0,1.0,1.0,0.0,4.0,minor arterial,42354_2,2016-01-01,0:00:00,24:00:00,volume,2452.0,AADT,1,381,,0:00:00,24:00:00,volume,219.8962656,AADT,Travel Model
FM-1101,MN,Ramsey,new-roadway,US 10 at CSAH 96 Partial Interchange Construction,1/1/2012,1/1/2032,10/1/2014,exurban,0.526,42354,after,US 10,,55.0,12.0,0.0,0.0,1.0,1.0,1.0,0.0,4.0,minor arterial,42354_3,2017-01-01,0:00:00,24:00:00,volume,2498.0,AADT,1,381,,0:00:00,24:00:00,volume,219.8962656,AADT,Travel Model
FM-1101,MN,Ramsey,new-roadway,US 10 at CSAH 96 Partial Interchange Construction,1/1/2012,1/1/2032,10/1/2014,exurban,0.526,42354,after,US 10,,55.0,12.0,0.0,0.0,1.0,1.0,1.0,0.0,4.0,minor arterial,42354_4,2018-01-01,0:00:00,24:00:00,volume,2511.0,AADT,1,381,,0:00:00,24:00:00,volume,219.8962656,AADT,Travel Model
FM-1101,MN,Ramsey,new-roadway,US 10 at CSAH 96 Partial Interchange Construction,1/1/2012,1/1/2032,10/1/2014,exurban,0.526,42354,after,US 10,,55.0,12.0,0.0,0.0,1.0,1.0,1.0,0.0,4.0,minor arterial,42354_5,2019-01-01,0:00:00,24:00:00,volume,3400.0,AADT,1,381,,0:00:00,24:00:00,volume,219.8962656,AADT,Travel Model
FM-1101,MN,Ramsey,new-roadway,US 10 at CSAH 96 Partial Interchange Construction,1/1/2012,1/1/2032,10/1/2014,exurban,0.526,42354,after,US 10,,55.0,12.0,0.0,0.0,1.0,1.0,1.0,0.0,4.0,minor arterial,42354_6,2020-01-01,0:00:00,24:00:00,volume,2547.0,AADT,1,381,,0:00:00,24:00:00,volume,219.8962656,AADT,Travel Model
FM-1101,MN,Ramsey,new-roadway,US 10 at CSAH 96 Partial Interchange Construction,1/1/2012,1/1/2032,10/1/2014,exurban,0.526,42354,after,US 10,,55.0,12.0,0.0,0.0,1.0,1.0,1.0,0.0,4.0,minor arterial,42354_7,2021-01-01,0:00:00,24:00:00,volume,3158.0,AADT,1,381,,0:00:00,24:00:00,volume,219.8962656,AADT,Travel Model
FM-1101,MN,Ramsey,new-roadway,US 10 at CSAH 96 Partial Interchange Construction,1/1/2012,1/1/2032,10/1/2014,exurban,0.526,42354,after,US 10,,55.0,12.0,0.0,0.0,1.0,1.0,1.0,0.0,4.0,minor arterial,42354_8,2022-01-01,0:00:00,24:00:00,volume,2897.0,AADT,1,381,,0:00:00,24:00:00,volume,219.8962656,AADT,Travel Model
FM-1101,MN,Ramsey,new-roadway,US 10 at CSAH 96 Partial Interchange Construction,1/1/2012,1/1/2032,10/1/2014,exurban,0.526,42354,after,US 10,,55.0,12.0,0.0,0.0,1.0,1.0,1.0,0.0,4.0,minor arterial,42354_9,2023-01-01,0:00:00,24:00:00,volume,2871.0,AADT,1,381,,0:00:00,24:00:00,volume,219.8962656,AADT,Travel Model
FM-1101,MN,Ramsey,new-roadway,US 10 at CSAH 96 Partial Interchange Construction,1/1/2012,1/1/2032,10/1/2014,exurban,0.526,42354,after,US 10,,55.0,12.0,0.0,0.0,1.0,1.0,1.0,0.0,4.0,minor arterial,42354_10,2024-01-01,0:00:00,24:00:00,volume,2975.0,AADT,1,381,,0:00:00,24:00:00,volume,219.8962656,AADT,Travel Model
FM-1101,MN,Ramsey,new-roadway,US 10 at CSAH 96 Partial Interchange Construction,1/1/2012,1/1/2032,10/1/2014,exurban,0.526,42354,after,US 10,,55.0,12.0,0.0,0.0,1.0,1.0,1.0,0.0,4.0,minor arterial,42354_11,2025-01-01,0:00:00,24:00:00,volume,2250.0,AADT,1,381,,0:00:00,24:00:00,volume,219.8962656,AADT,Travel Model
FM-1101,MN,Ramsey,new-roadway,US 10 at CSAH 96 Partial Interchange Construction,1/1/2012,1/1/2032,10/1/2014,exurban,0.526,73460,after,US 10,,55.0,15.0,0.0,0.0,1.0,0.0,0.0,0.0,4.0,ramp,73460_1,2020-01-01,0:00:00,24:00:00,volume,2850.0,AADT,1,379,,0:00:00,24:00:00,volume,4837.717842,AADT,Travel Model
FM-1101,MN,Ramsey,new-roadway,US 10 at CSAH 96 Partial Interchange Construction,1/1/2012,1/1/2032,10/1/2014,exurban,0.526,73460,after,US 10,,55.0,15.0,0.0,0.0,1.0,0.0,0.0,0.0,4.0,ramp,73460_2,2021-01-01,0:00:00,24:00:00,volume,3049.0,AADT,1,379,,0:00:00,24:00:00,volume,4837.717842,AADT,Travel Model
FM-1101,MN,Ramsey,new-roadway,US 10 at CSAH 96 Partial Interchange Construction,1/1/2012,1/1/2032,10/1/2014,exurban,0.526,73460,after,US 10,,55.0,15.0,0.0,0.0,1.0,0.0,0.0,0.0,4.0,ramp,73460_3,2022-01-01,0:00:00,24:00:00,volume,3131.0,AADT,1,379,,0:00:00,24:00:00,volume,4837.717842,AADT,Travel Model
FM-1101,MN,Ramsey,new-roadway,US 10 at CSAH 96 Partial Interchange Construction,1/1/2012,1/1/2032,10/1/2014,exurban,0.526,73460,after,US 10,,55.0,15.0,0.0,0.0,1.0,0.0,0.0,0.0,4.0,ramp,73460_4,2023-01-01,0:00:00,24:00:00,volume,3103.0,AADT,1,379,,0:00:00,24:00:00,volume,4837.717842,AADT,Travel Model
FM-1101,MN,Ramsey,new-roadway,US 10 at CSAH 96 Partial Interchange Construction,1/1/2012,1/1/2032,10/1/2014,exurban,0.526,73460,after,US 10,,55.0,15.0,0.0,0.0,1.0,0.0,0.0,0.0,4.0,ramp,73460_5,2024-01-01,0:00:00,24:00:00,volume,3215.0,AADT,1,379,,0:00:00,24:00:00,volume,4837.717842,AADT,Travel Model
FM-1101,MN,Ramsey,new-roadway,US 10 at CSAH 96 Partial Interchange Construction,1/1/2012,1/1/2032,10/1/2014,exurban,0.526,73460,after,US 10,,55.0,15.0,0.0,0.0,1.0,0.0,0.0,0.0,4.0,ramp,73460_6,2025-01-01,0:00:00,24:00:00,volume,4162.0,AADT,1,379,,0:00:00,24:00:00,volume,4837.717842,AADT,Travel Model
FM-1109,MN,Dakota,new-roadway,MN 12 at CSAH 5 in the city of Burnsville - Interchange COnstruction,1/1/2014,1/1/2034,8/1/2015,exurban,1.35,10639,before,MN TRUNK 13,,65.0,11.0,0.0,0.0,4.0,0.0,0.0,0.0,8.0,freeway,10639_1,2015-01-01,0:00:00,24:00:00,volume,56000.0,AADT,0,363,,0:00:00,24:00:00,volume,62300.26405,AADT,Travel Model
FM-1109,MN,Dakota,new-roadway,MN 12 at CSAH 5 in the city of Burnsville - Interchange COnstruction,1/1/2014,1/1/2034,8/1/2015,exurban,1.35,10639,after,MN TRUNK 13,,65.0,11.0,0.0,0.0,5.0,0.0,0.0,0.0,10.0,freeway,10639_2,2016-01-01,0:00:00,24:00:00,volume,56616.0,AADT,1,363,,0:00:00,24:00:00,volume,62300.26405,AADT,Travel Model
FM-1109,MN,Dakota,new-roadway,MN 12 at CSAH 5 in the city of Burnsville - Interchange COnstruction,1/1/2014,1/1/2034,8/1/2015,exurban,1.35,10639,after,MN TRUNK 13,,65.0,11.0,0.0,0.0,5.0,0.0,0.0,0.0,10.0,freeway,10639_3,2017-01-01,0:00:00,24:00:00,volume,57607.0,AADT,1,363,,0:00:00,24:00:00,volume,62300.26405,AADT,Travel Model
FM-1109,MN,Dakota,new-roadway,MN 12 at CSAH 5 in the city of Burnsville - Interchange COnstruction,1/1/2014,1/1/2034,8/1/2015,exurban,1.35,10639,after,MN TRUNK 13,,65.0,11.0,0.0,0.0,5.0,0.0,0.0,0.0,10.0,freeway,10639_4,2018-01-01,0:00:00,24:00:00,volume,57832.0,AADT,1,363,,0:00:00,24:00:00,volume,62300.26405,AADT,Travel Model
FM-1109,MN,Dakota,new-roadway,MN 12 at CSAH 5 in the city of Burnsville - Interchange COnstruction,1/1/2014,1/1/2034,8/1/2015,exurban,1.35,10639,after,MN TRUNK 13,,65.0,11.0,0.0,0.0,5.0,0.0,0.0,0.0,10.0,freeway,10639_5,2019-01-01,0:00:00,24:00:00,volume,56852.0,AADT,1,363,,0:00:00,24:00:00,volume,62300.26405,AADT,Travel Model
FM-1109,MN,Dakota,new-roadway,MN 12 at CSAH 5 in the city of Burnsville - Interchange COnstruction,1/1/2014,1/1/2034,8/1/2015,exurban,1.35,10639,after,MN TRUNK 13,,65.0,11.0,0.0,0.0,5.0,0.0,0.0,0.0,10.0,freeway,10639_6,2020-01-01,0:00:00,24:00:00,volume,49159.0,AADT,1,363,,0:00:00,24:00:00,volume,62300.26405,AADT,Travel Model
FM-1109,MN,Dakota,new-roadway,MN 12 at CSAH 5 in the city of Burnsville - Interchange COnstruction,1/1/2014,1/1/2034,8/1/2015,exurban,1.35,10639,after,MN TRUNK 13,,65.0,11.0,0.0,0.0,5.0,0.0,0.0,0.0,10.0,freeway,10639_7,2021-01-01,0:00:00,24:00:00,volume,55550.0,AADT,1,363,,0:00:00,24:00:00,volume,62300.26405,AADT,Travel Model
FM-1109,MN,Dakota,new-roadway,MN 12 at CSAH 5 in the city of Burnsville - Interchange COnstruction,1/1/2014,1/1/2034,8/1/2015,exurban,1.35,10639,after,MN TRUNK 13,,65.0,11.0,0.0,0.0,5.0,0.0,0.0,0.0,10.0,freeway,10639_8,2022-01-01,0:00:00,24:00:00,volume,55113.0,AADT,1,363,,0:00:00,24:00:00,volume,62300.26405,AADT,Travel Model
FM-1109,MN,Dakota,new-roadway,MN 12 at CSAH 5 in the city of Burnsville - Interchange COnstruction,1/1/2014,1/1/2034,8/1/2015,exurban,1.35,10639,after,MN TRUNK 13,,65.0,11.0,0.0,0.0,5.0,0.0,0.0,0.0,10.0,freeway,10639_9,2023-01-01,0:00:00,24:00:00,volume,50773.0,AADT,1,363,,0:00:00,24:00:00,volume,62300.26405,AADT,Travel Model
FM-1109,MN,Dakota,new-roadway,MN 12 at CSAH 5 in the city of Burnsville - Interchange COnstruction,1/1/2014,1/1/2034,8/1/2015,exurban,1.35,10639,after,MN TRUNK 13,,65.0,11.0,0.0,0.0,5.0,0.0,0.0,0.0,10.0,freeway,10639_10,2024-01-01,0:00:00,24:00:00,volume,53789.0,AADT,1,363,,0:00:00,24:00:00,volume,62300.26405,AADT,Travel Model
FM-1109,MN,Dakota,new-roadway,MN 12 at CSAH 5 in the city of Burnsville - Interchange COnstruction,1/1/2014,1/1/2034,8/1/2015,exurban,1.35,10640,before,MN TRUNK 13,,65.0,11.0,0.0,0.0,4.0,0.0,0.0,0.0,10.0,freeway,10640_1,2015-01-01,0:00:00,24:00:00,volume,49500.0,AADT,0,364,,0:00:00,24:00:00,volume,54258.31762,AADT,Travel Model
FM-1109,MN,Dakota,new-roadway,MN 12 at CSAH 5 in the city of Burnsville - Interchange COnstruction,1/1/2014,1/1/2034,8/1/2015,exurban,1.35,10640,after,MN TRUNK 13,,65.0,11.0,0.0,0.0,4.0,0.0,0.0,0.0,10.0,freeway,10640_2,2016-01-01,0:00:00,24:00:00,volume,50045.0,AADT,1,364,,0:00:00,24:00:00,volume,54258.31762,AADT,Travel Model
FM-1109,MN,Dakota,new-roadway,MN 12 at CSAH 5 in the city of Burnsville - Interchange COnstruction,1/1/2014,1/1/2034,8/1/2015,exurban,1.35,10640,after,MN TRUNK 13,,65.0,11.0,0.0,0.0,4.0,0.0,0.0,0.0,10.0,freeway,10640_3,2017-01-01,0:00:00,24:00:00,volume,50921.0,AADT,1,364,,0:00:00,24:00:00,volume,54258.31762,AADT,Travel Model
FM-1109,MN,Dakota,new-roadway,MN 12 at CSAH 5 in the city of Burnsville - Interchange COnstruction,1/1/2014,1/1/2034,8/1/2015,exurban,1.35,10640,after,MN TRUNK 13,,65.0,11.0,0.0,0.0,4.0,0.0,0.0,0.0,10.0,freeway,10640_4,2018-01-01,0:00:00,24:00:00,volume,54000.0,AADT,1,364,,0:00:00,24:00:00,volume,54258.31762,AADT,Travel Model
FM-1109,MN,Dakota,new-roadway,MN 12 at CSAH 5 in the city of Burnsville - Interchange COnstruction,1/1/2014,1/1/2034,8/1/2015,exurban,1.35,10640,after,MN TRUNK 13,,65.0,11.0,0.0,0.0,4.0,0.0,0.0,0.0,10.0,freeway,10640_5,2019-01-01,0:00:00,24:00:00,volume,51000.0,AADT,1,364,,0:00:00,24:00:00,volume,54258.31762,AADT,Travel Model
FM-1109,MN,Dakota,new-roadway,MN 12 at CSAH 5 in the city of Burnsville - Interchange COnstruction,1/1/2014,1/1/2034,8/1/2015,exurban,1.35,10640,after,MN TRUNK 13,,65.0,11.0,0.0,0.0,4.0,0.0,0.0,0.0,10.0,freeway,10640_6,2020-01-01,0:00:00,24:00:00,volume,44099.0,AADT,1,364,,0:00:00,24:00:00,volume,54258.31762,AADT,Travel Model
FM-1109,MN,Dakota,new-roadway,MN 12 at CSAH 5 in the city of Burnsville - Interchange COnstruction,1/1/2014,1/1/2034,8/1/2015,exurban,1.35,10640,after,MN TRUNK 13,,65.0,11.0,0.0,0.0,4.0,0.0,0.0,0.0,10.0,freeway,10640_7,2021-01-01,0:00:00,24:00:00,volume,49832.0,AADT,1,364,,0:00:00,24:00:00,volume,54258.31762,AADT,Travel Model
FM-1109,MN,Dakota,new-roadway,MN 12 at CSAH 5 in the city of Burnsville - Interchange COnstruction,1/1/2014,1/1/2034,8/1/2015,exurban,1.35,10640,after,MN TRUNK 13,,65.0,11.0,0.0,0.0,4.0,0.0,0.0,0.0,10.0,freeway,10640_8,2022-01-01,0:00:00,24:00:00,volume,48785.0,AADT,1,364,,0:00:00,24:00:00,volume,54258.31762,AADT,Travel Model
FM-1109,MN,Dakota,new-roadway,MN 12 at CSAH 5 in the city of Burnsville - Interchange COnstruction,1/1/2014,1/1/2034,8/1/2015,exurban,1.35,10640,after,MN TRUNK 13,,65.0,11.0,0.0,0.0,4.0,0.0,0.0,0.0,10.0,freeway,10640_9,2023-01-01,0:00:00,24:00:00,volume,49761.0,AADT,1,364,,0:00:00,24:00:00,volume,54258.31762,AADT,Travel Model
FM-1109,MN,Dakota,new-roadway,MN 12 at CSAH 5 in the city of Burnsville - Interchange COnstruction,1/1/2014,1/1/2034,8/1/2015,exurban,1.35,10640,after,MN TRUNK 13,,65.0,11.0,0.0,0.0,4.0,0.0,0.0,0.0,10.0,freeway,10640_10,2024-01-01,0:00:00,24:00:00,volume,43699.0,AADT,1,364,,0:00:00,24:00:00,volume,54258.31762,AADT,Travel Model
FM-1109,MN,Dakota,new-roadway,MN 12 at CSAH 5 in the city of Burnsville - Interchange COnstruction,1/1/2014,1/1/2034,8/1/2015,exurban,1.35,35415,before,MN 13 at CSAH 5,,55.0,12.0,1.0,0.0,3.0,1.0,1.0,0.0,2.0,minor collector,35415_1,2015-01-01,0:00:00,24:00:00,volume,14700.0,AADT,0,370,,0:00:00,24:00:00,volume,20601.28253,AADT,Travel Model
FM-1109,MN,Dakota,new-roadway,MN 12 at CSAH 5 in the city of Burnsville - Interchange COnstruction,1/1/2014,1/1/2034,8/1/2015,exurban,1.35,35415,after,MN 13 at CSAH 5,,55.0,12.0,1.0,0.0,3.0,2.0,1.0,0.0,12.0,minor collector,35415_2,2016-01-01,0:00:00,24:00:00,volume,14759.0,AADT,1,370,,0:00:00,24:00:00,volume,20601.28253,AADT,Travel Model
FM-1109,MN,Dakota,new-roadway,MN 12 at CSAH 5 in the city of Burnsville - Interchange COnstruction,1/1/2014,1/1/2034,8/1/2015,exurban,1.35,35415,after,MN 13 at CSAH 5,,55.0,12.0,1.0,0.0,3.0,2.0,1.0,0.0,12.0,minor collector,35415_3,2017-01-01,0:00:00,24:00:00,volume,15034.0,AADT,1,370,,0:00:00,24:00:00,volume,20601.28253,AADT,Travel Model
FM-1109,MN,Dakota,new-roadway,MN 12 at CSAH 5 in the city of Burnsville - Interchange COnstruction,1/1/2014,1/1/2034,8/1/2015,exurban,1.35,35415,after,MN 13 at CSAH 5,,55.0,12.0,1.0,0.0,3.0,2.0,1.0,0.0,12.0,minor collector,35415_4,2018-01-01,0:00:00,24:00:00,volume,17000.0,AADT,1,370,,0:00:00,24:00:00,volume,20601.28253,AADT,Travel Model
FM-1109,MN,Dakota,new-roadway,MN 12 at CSAH 5 in the city of Burnsville - Interchange COnstruction,1/1/2014,1/1/2034,8/1/2015,exurban,1.35,35415,after,MN 13 at CSAH 5,,55.0,12.0,1.0,0.0,3.0,2.0,1.0,0.0,12.0,minor collector,35415_5,2019-01-01,0:00:00,24:00:00,volume,17009.0,AADT,1,370,,0:00:00,24:00:00,volume,20601.28253,AADT,Travel Model
FM-1109,MN,Dakota,new-roadway,MN 12 at CSAH 5 in the city of Burnsville - Interchange COnstruction,1/1/2014,1/1/2034,8/1/2015,exurban,1.35,35415,after,MN 13 at CSAH 5,,55.0,12.0,1.0,0.0,3.0,2.0,1.0,0.0,12.0,minor collector,35415_6,2020-01-01,0:00:00,24:00:00,volume,12743.0,AADT,1,370,,0:00:00,24:00:00,volume,20601.28253,AADT,Travel Model
FM-1109,MN,Dakota,new-roadway,MN 12 at CSAH 5 in the city of Burnsville - Interchange COnstruction,1/1/2014,1/1/2034,8/1/2015,exurban,1.35,35415,after,MN 13 at CSAH 5,,55.0,12.0,1.0,0.0,3.0,2.0,1.0,0.0,12.0,minor collector,35415_7,2021-01-01,0:00:00,24:00:00,volume,14068.0,AADT,1,370,,0:00:00,24:00:00,volume,20601.28253,AADT,Travel Model
FM-1109,MN,Dakota,new-roadway,MN 12 at CSAH 5 in the city of Burnsville - Interchange COnstruction,1/1/2014,1/1/2034,8/1/2015,exurban,1.35,35415,after,MN 13 at CSAH 5,,55.0,12.0,1.0,0.0,3.0,2.0,1.0,0.0,12.0,minor collector,35415_8,2022-01-01,0:00:00,24:00:00,volume,14448.0,AADT,1,370,,0:00:00,24:00:00,volume,20601.28253,AADT,Travel Model
FM-1109,MN,Dakota,new-roadway,MN 12 at CSAH 5 in the city of Burnsville - Interchange COnstruction,1/1/2014,1/1/2034,8/1/2015,exurban,1.35,35415,after,MN 13 at CSAH 5,,55.0,12.0,1.0,0.0,3.0,2.0,1.0,0.0,12.0,minor collector,35415_9,2023-01-01,0:00:00,24:00:00,volume,15796.0,AADT,1,370,,0:00:00,24:00:00,volume,20601.28253,AADT,Travel Model
FM-1109,MN,Dakota,new-roadway,MN 12 at CSAH 5 in the city of Burnsville - Interchange COnstruction,1/1/2014,1/1/2034,8/1/2015,exurban,1.35,35415,after,MN 13 at CSAH 5,,55.0,12.0,1.0,0.0,3.0,2.0,1.0,0.0,12.0,minor collector,35415_10,2024-01-01,0:00:00,24:00:00,volume,16439.0,AADT,1,370,,0:00:00,24:00:00,volume,20601.28253,AADT,Travel Model
FM-1109,MN,Dakota,new-roadway,MN 12 at CSAH 5 in the city of Burnsville - Interchange COnstruction,1/1/2014,1/1/2034,8/1/2015,exurban,1.35,40320,before,MN 13 at CSAH 5,,55.0,12.0,1.0,0.0,4.0,1.0,0.0,0.0,2.0,minor arterial,40320_1,2015-01-01,0:00:00,24:00:00,volume,15100.0,AADT,0,365,,0:00:00,24:00:00,volume,18958.1441,AADT,Travel Model
FM-1109,MN,Dakota,new-roadway,MN 12 at CSAH 5 in the city of Burnsville - Interchange COnstruction,1/1/2014,1/1/2034,8/1/2015,exurban,1.35,40320,after,MN 13 at CSAH 5,,55.0,12.0,1.0,0.0,4.0,1.0,1.0,0.0,2.0,minor arterial,40320_2,2016-01-01,0:00:00,24:00:00,volume,15160.0,AADT,1,365,,0:00:00,24:00:00,volume,18958.1441,AADT,Travel Model
FM-1109,MN,Dakota,new-roadway,MN 12 at CSAH 5 in the city of Burnsville - Interchange COnstruction,1/1/2014,1/1/2034,8/1/2015,exurban,1.35,40320,after,MN 13 at CSAH 5,,55.0,12.0,1.0,0.0,4.0,1.0,1.0,0.0,2.0,minor arterial,40320_3,2017-01-01,0:00:00,24:00:00,volume,14400.0,AADT,1,365,,0:00:00,24:00:00,volume,18958.1441,AADT,Travel Model
FM-1109,MN,Dakota,new-roadway,MN 12 at CSAH 5 in the city of Burnsville - Interchange COnstruction,1/1/2014,1/1/2034,8/1/2015,exurban,1.35,40320,after,MN 13 at CSAH 5,,55.0,12.0,1.0,0.0,4.0,1.0,1.0,0.0,2.0,minor arterial,40320_4,2018-01-01,0:00:00,24:00:00,volume,14475.0,AADT,1,365,,0:00:00,24:00:00,volume,18958.1441,AADT,Travel Model
FM-1109,MN,Dakota,new-roadway,MN 12 at CSAH 5 in the city of Burnsville - Interchange COnstruction,1/1/2014,1/1/2034,8/1/2015,exurban,1.35,40320,after,MN 13 at CSAH 5,,55.0,12.0,1.0,0.0,4.0,1.0,1.0,0.0,2.0,minor arterial,40320_5,2019-01-01,0:00:00,24:00:00,volume,14483.0,AADT,1,365,,0:00:00,24:00:00,volume,18958.1441,AADT,Travel Model
FM-1109,MN,Dakota,new-roadway,MN 12 at CSAH 5 in the city of Burnsville - Interchange COnstruction,1/1/2014,1/1/2034,8/1/2015,exurban,1.35,40320,after,MN 13 at CSAH 5,,55.0,12.0,1.0,0.0,4.0,1.0,1.0,0.0,2.0,minor arterial,40320_6,2020-01-01,0:00:00,24:00:00,volume,10851.0,AADT,1,365,,0:00:00,24:00:00,volume,18958.1441,AADT,Travel Model
FM-1109,MN,Dakota,new-roadway,MN 12 at CSAH 5 in the city of Burnsville - Interchange COnstruction,1/1/2014,1/1/2034,8/1/2015,exurban,1.35,40320,after,MN 13 at CSAH 5,,55.0,12.0,1.0,0.0,4.0,1.0,1.0,0.0,2.0,minor arterial,40320_7,2021-01-01,0:00:00,24:00:00,volume,11980.0,AADT,1,365,,0:00:00,24:00:00,volume,18958.1441,AADT,Travel Model
FM-1109,MN,Dakota,new-roadway,MN 12 at CSAH 5 in the city of Burnsville - Interchange COnstruction,1/1/2014,1/1/2034,8/1/2015,exurban,1.35,40320,after,MN 13 at CSAH 5,,55.0,12.0,1.0,0.0,4.0,1.0,1.0,0.0,2.0,minor arterial,40320_8,2022-01-01,0:00:00,24:00:00,volume,12303.0,AADT,1,365,,0:00:00,24:00:00,volume,18958.1441,AADT,Travel Model
FM-1109,MN,Dakota,new-roadway,MN 12 at CSAH 5 in the city of Burnsville - Interchange COnstruction,1/1/2014,1/1/2034,8/1/2015,exurban,1.35,40320,after,MN 13 at CSAH 5,,55.0,12.0,1.0,0.0,4.0,1.0,1.0,0.0,2.0,minor arterial,40320_9,2023-01-01,0:00:00,24:00:00,volume,14915.0,AADT,1,365,,0:00:00,24:00:00,volume,18958.1441,AADT,Travel Model
FM-1109,MN,Dakota,new-roadway,MN 12 at CSAH 5 in the city of Burnsville - Interchange COnstruction,1/1/2014,1/1/2034,8/1/2015,exurban,1.35,40320,after,MN 13 at CSAH 5,,55.0,12.0,1.0,0.0,4.0,1.0,1.0,0.0,2.0,minor arterial,40320_10,2024-01-01,0:00:00,24:00:00,volume,14281.0,AADT,1,365,,0:00:00,24:00:00,volume,18958.1441,AADT,Travel Model
FM-1109,MN,Dakota,new-roadway,MN 12 at CSAH 5 in the city of Burnsville - Interchange COnstruction,1/1/2014,1/1/2034,8/1/2015,exurban,1.35,40320,after,MN 13 at CSAH 5,,55.0,12.0,1.0,0.0,4.0,1.0,1.0,0.0,2.0,minor arterial,40320_11,2025-01-01,0:00:00,24:00:00,volume,30433.0,AADT,1,365,,0:00:00,24:00:00,volume,18958.1441,AADT,Travel Model
FM-1109,MN,Dakota,new-roadway,MN 12 at CSAH 5 in the city of Burnsville - Interchange COnstruction,1/1/2014,1/1/2034,8/1/2015,exurban,1.35,40321,before,MN 13 at CSAH 5,,55.0,12.0,0.0,0.0,4.0,1.0,0.0,0.0,2.0,minor arterial,40321_1,2015-01-01,0:00:00,24:00:00,volume,25500.0,AADT,0,366,,0:00:00,24:00:00,volume,14748.53263,AADT,Travel Model
FM-1109,MN,Dakota,new-roadway,MN 12 at CSAH 5 in the city of Burnsville - Interchange COnstruction,1/1/2014,1/1/2034,8/1/2015,exurban,1.35,40321,after,MN 13 at CSAH 5,,55.0,12.0,0.0,0.0,5.0,0.0,1.0,0.0,2.0,minor arterial,40321_2,2016-01-01,0:00:00,24:00:00,volume,25602.0,AADT,1,366,,0:00:00,24:00:00,volume,14748.53263,AADT,Travel Model
FM-1109,MN,Dakota,new-roadway,MN 12 at CSAH 5 in the city of Burnsville - Interchange COnstruction,1/1/2014,1/1/2034,8/1/2015,exurban,1.35,40321,after,MN 13 at CSAH 5,,55.0,12.0,0.0,0.0,5.0,0.0,1.0,0.0,2.0,minor arterial,40321_3,2017-01-01,0:00:00,24:00:00,volume,24800.0,AADT,1,366,,0:00:00,24:00:00,volume,14748.53263,AADT,Travel Model
FM-1109,MN,Dakota,new-roadway,MN 12 at CSAH 5 in the city of Burnsville - Interchange COnstruction,1/1/2014,1/1/2034,8/1/2015,exurban,1.35,40321,after,MN 13 at CSAH 5,,55.0,12.0,0.0,0.0,5.0,0.0,1.0,0.0,2.0,minor arterial,40321_4,2018-01-01,0:00:00,24:00:00,volume,24929.0,AADT,1,366,,0:00:00,24:00:00,volume,14748.53263,AADT,Travel Model
FM-1109,MN,Dakota,new-roadway,MN 12 at CSAH 5 in the city of Burnsville - Interchange COnstruction,1/1/2014,1/1/2034,8/1/2015,exurban,1.35,40321,after,MN 13 at CSAH 5,,55.0,12.0,0.0,0.0,5.0,0.0,1.0,0.0,2.0,minor arterial,40321_5,2019-01-01,0:00:00,24:00:00,volume,24942.0,AADT,1,366,,0:00:00,24:00:00,volume,14748.53263,AADT,Travel Model
FM-1109,MN,Dakota,new-roadway,MN 12 at CSAH 5 in the city of Burnsville - Interchange COnstruction,1/1/2014,1/1/2034,8/1/2015,exurban,1.35,40321,after,MN 13 at CSAH 5,,55.0,12.0,0.0,0.0,5.0,0.0,1.0,0.0,2.0,minor arterial,40321_6,2020-01-01,0:00:00,24:00:00,volume,18687.0,AADT,1,366,,0:00:00,24:00:00,volume,14748.53263,AADT,Travel Model
FM-1109,MN,Dakota,new-roadway,MN 12 at CSAH 5 in the city of Burnsville - Interchange COnstruction,1/1/2014,1/1/2034,8/1/2015,exurban,1.35,40321,after,MN 13 at CSAH 5,,55.0,12.0,0.0,0.0,5.0,0.0,1.0,0.0,2.0,minor arterial,40321_7,2021-01-01,0:00:00,24:00:00,volume,20630.0,AADT,1,366,,0:00:00,24:00:00,volume,14748.53263,AADT,Travel Model
FM-1109,MN,Dakota,new-roadway,MN 12 at CSAH 5 in the city of Burnsville - Interchange COnstruction,1/1/2014,1/1/2034,8/1/2015,exurban,1.35,40321,after,MN 13 at CSAH 5,,55.0,12.0,0.0,0.0,5.0,0.0,1.0,0.0,2.0,minor arterial,40321_8,2022-01-01,0:00:00,24:00:00,volume,21187.0,AADT,1,366,,0:00:00,24:00:00,volume,14748.53263,AADT,Travel Model
FM-1109,MN,Dakota,new-roadway,MN 12 at CSAH 5 in the city of Burnsville - Interchange COnstruction,1/1/2014,1/1/2034,8/1/2015,exurban,1.35,40321,after,MN 13 at CSAH 5,,55.0,12.0,0.0,0.0,5.0,0.0,1.0,0.0,2.0,minor arterial,40321_9,2023-01-01,0:00:00,24:00:00,volume,23187.0,AADT,1,366,,0:00:00,24:00:00,volume,14748.53263,AADT,Travel Model
FM-1109,MN,Dakota,new-roadway,MN 12 at CSAH 5 in the city of Burnsville - Interchange COnstruction,1/1/2014,1/1/2034,8/1/2015,exurban,1.35,40321,after,MN 13 at CSAH 5,,55.0,12.0,0.0,0.0,5.0,0.0,1.0,0.0,2.0,minor arterial,40321_10,2024-01-01,0:00:00,24:00:00,volume,23619.0,AADT,1,366,,0:00:00,24:00:00,volume,14748.53263,AADT,Travel Model
FM-1109,MN,Dakota,new-roadway,MN 12 at CSAH 5 in the city of Burnsville - Interchange COnstruction,1/1/2014,1/1/2034,8/1/2015,exurban,1.35,68012,before,MN 13 at CSAH 5,,55.0,12.0,0.0,0.0,4.0,1.0,0.0,0.0,2.0,minor arterial,68012_1,2015-01-01,0:00:00,24:00:00,volume,7000.0,AADT,0,367,,0:00:00,24:00:00,volume,8650.056582,AADT,Travel Model
FM-1109,MN,Dakota,new-roadway,MN 12 at CSAH 5 in the city of Burnsville - Interchange COnstruction,1/1/2014,1/1/2034,8/1/2015,exurban,1.35,68012,after,MN 13 at CSAH 5,,55.0,12.0,0.0,0.0,5.0,2.0,1.0,0.0,2.0,minor arterial,68012_2,2016-01-01,0:00:00,24:00:00,volume,7028.0,AADT,1,367,,0:00:00,24:00:00,volume,8650.056582,AADT,Travel Model
FM-1109,MN,Dakota,new-roadway,MN 12 at CSAH 5 in the city of Burnsville - Interchange COnstruction,1/1/2014,1/1/2034,8/1/2015,exurban,1.35,68012,after,MN 13 at CSAH 5,,55.0,12.0,0.0,0.0,5.0,2.0,1.0,0.0,2.0,minor arterial,68012_3,2017-01-01,0:00:00,24:00:00,volume,7800.0,AADT,1,367,,0:00:00,24:00:00,volume,8650.056582,AADT,Travel Model
FM-1109,MN,Dakota,new-roadway,MN 12 at CSAH 5 in the city of Burnsville - Interchange COnstruction,1/1/2014,1/1/2034,8/1/2015,exurban,1.35,68012,after,MN 13 at CSAH 5,,55.0,12.0,0.0,0.0,5.0,2.0,1.0,0.0,2.0,minor arterial,68012_4,2018-01-01,0:00:00,24:00:00,volume,7841.0,AADT,1,367,,0:00:00,24:00:00,volume,8650.056582,AADT,Travel Model
FM-1109,MN,Dakota,new-roadway,MN 12 at CSAH 5 in the city of Burnsville - Interchange COnstruction,1/1/2014,1/1/2034,8/1/2015,exurban,1.35,68012,after,MN 13 at CSAH 5,,55.0,12.0,0.0,0.0,5.0,2.0,1.0,0.0,2.0,minor arterial,68012_5,2019-01-01,0:00:00,24:00:00,volume,7845.0,AADT,1,367,,0:00:00,24:00:00,volume,8650.056582,AADT,Travel Model
FM-1109,MN,Dakota,new-roadway,MN 12 at CSAH 5 in the city of Burnsville - Interchange COnstruction,1/1/2014,1/1/2034,8/1/2015,exurban,1.35,68012,after,MN 13 at CSAH 5,,55.0,12.0,0.0,0.0,5.0,2.0,1.0,0.0,2.0,minor arterial,68012_6,2020-01-01,0:00:00,24:00:00,volume,5878.0,AADT,1,367,,0:00:00,24:00:00,volume,8650.056582,AADT,Travel Model
FM-1109,MN,Dakota,new-roadway,MN 12 at CSAH 5 in the city of Burnsville - Interchange COnstruction,1/1/2014,1/1/2034,8/1/2015,exurban,1.35,68012,after,MN 13 at CSAH 5,,55.0,12.0,0.0,0.0,5.0,2.0,1.0,0.0,2.0,minor arterial,68012_7,2021-01-01,0:00:00,24:00:00,volume,6489.0,AADT,1,367,,0:00:00,24:00:00,volume,8650.056582,AADT,Travel Model
FM-1109,MN,Dakota,new-roadway,MN 12 at CSAH 5 in the city of Burnsville - Interchange COnstruction,1/1/2014,1/1/2034,8/1/2015,exurban,1.35,68012,after,MN 13 at CSAH 5,,55.0,12.0,0.0,0.0,5.0,2.0,1.0,0.0,2.0,minor arterial,68012_8,2022-01-01,0:00:00,24:00:00,volume,6665.0,AADT,1,367,,0:00:00,24:00:00,volume,8650.056582,AADT,Travel Model
FM-1109,MN,Dakota,new-roadway,MN 12 at CSAH 5 in the city of Burnsville - Interchange COnstruction,1/1/2014,1/1/2034,8/1/2015,exurban,1.35,68012,after,MN 13 at CSAH 5,,55.0,12.0,0.0,0.0,5.0,2.0,1.0,0.0,2.0,minor arterial,68012_9,2023-01-01,0:00:00,24:00:00,volume,7160.0,AADT,1,367,,0:00:00,24:00:00,volume,8650.056582,AADT,Travel Model
FM-1109,MN,Dakota,new-roadway,MN 12 at CSAH 5 in the city of Burnsville - Interchange COnstruction,1/1/2014,1/1/2034,8/1/2015,exurban,1.35,68012,after,MN 13 at CSAH 5,,55.0,12.0,0.0,0.0,5.0,2.0,1.0,0.0,2.0,minor arterial,68012_10,2024-01-01,0:00:00,24:00:00,volume,7418.0,AADT,1,367,,0:00:00,24:00:00,volume,8650.056582,AADT,Travel Model
FM-1109,MN,Dakota,new-roadway,MN 12 at CSAH 5 in the city of Burnsville - Interchange COnstruction,1/1/2014,1/1/2034,8/1/2015,exurban,1.35,68601,before,MN 13 at CSAH 5,,55.0,18.0,0.0,0.0,2.0,0.0,0.0,0.0,2.0,minor collector,68601_1,2015-01-01,0:00:00,24:00:00,volume,3750.0,AADT,0,369,,0:00:00,24:00:00,volume,5815.518672,AADT,Travel Model
FM-1109,MN,Dakota,new-roadway,MN 12 at CSAH 5 in the city of Burnsville - Interchange COnstruction,1/1/2014,1/1/2034,8/1/2015,exurban,1.35,68601,after,MN 13 at CSAH 5,,55.0,18.0,0.0,0.0,2.0,0.0,0.0,0.0,2.0,minor collector,68601_2,2016-01-01,0:00:00,24:00:00,volume,3765.0,AADT,1,369,,0:00:00,24:00:00,volume,5815.518672,AADT,Travel Model
FM-1109,MN,Dakota,new-roadway,MN 12 at CSAH 5 in the city of Burnsville - Interchange COnstruction,1/1/2014,1/1/2034,8/1/2015,exurban,1.35,68601,after,MN 13 at CSAH 5,,55.0,18.0,0.0,0.0,2.0,0.0,0.0,0.0,2.0,minor collector,68601_3,2017-01-01,0:00:00,24:00:00,volume,3835.0,AADT,1,369,,0:00:00,24:00:00,volume,5815.518672,AADT,Travel Model
FM-1109,MN,Dakota,new-roadway,MN 12 at CSAH 5 in the city of Burnsville - Interchange COnstruction,1/1/2014,1/1/2034,8/1/2015,exurban,1.35,68601,after,MN 13 at CSAH 5,,55.0,18.0,0.0,0.0,2.0,0.0,0.0,0.0,2.0,minor collector,68601_4,2018-01-01,0:00:00,24:00:00,volume,4500.0,AADT,1,369,,0:00:00,24:00:00,volume,5815.518672,AADT,Travel Model
FM-1109,MN,Dakota,new-roadway,MN 12 at CSAH 5 in the city of Burnsville - Interchange COnstruction,1/1/2014,1/1/2034,8/1/2015,exurban,1.35,68601,after,MN 13 at CSAH 5,,55.0,18.0,0.0,0.0,2.0,0.0,0.0,0.0,2.0,minor collector,68601_5,2019-01-01,0:00:00,24:00:00,volume,4502.0,AADT,1,369,,0:00:00,24:00:00,volume,5815.518672,AADT,Travel Model
FM-1109,MN,Dakota,new-roadway,MN 12 at CSAH 5 in the city of Burnsville - Interchange COnstruction,1/1/2014,1/1/2034,8/1/2015,exurban,1.35,68601,after,MN 13 at CSAH 5,,55.0,18.0,0.0,0.0,2.0,0.0,0.0,0.0,2.0,minor collector,68601_6,2020-01-01,0:00:00,24:00:00,volume,3373.0,AADT,1,369,,0:00:00,24:00:00,volume,5815.518672,AADT,Travel Model
FM-1109,MN,Dakota,new-roadway,MN 12 at CSAH 5 in the city of Burnsville - Interchange COnstruction,1/1/2014,1/1/2034,8/1/2015,exurban,1.35,68601,after,MN 13 at CSAH 5,,55.0,18.0,0.0,0.0,2.0,0.0,0.0,0.0,2.0,minor collector,68601_7,2021-01-01,0:00:00,24:00:00,volume,3724.0,AADT,1,369,,0:00:00,24:00:00,volume,5815.518672,AADT,Travel Model
FM-1109,MN,Dakota,new-roadway,MN 12 at CSAH 5 in the city of Burnsville - Interchange COnstruction,1/1/2014,1/1/2034,8/1/2015,exurban,1.35,68601,after,MN 13 at CSAH 5,,55.0,18.0,0.0,0.0,2.0,0.0,0.0,0.0,2.0,minor collector,68601_8,2022-01-01,0:00:00,24:00:00,volume,3398.0,AADT,1,369,,0:00:00,24:00:00,volume,5815.518672,AADT,Travel Model
FM-1109,MN,Dakota,new-roadway,MN 12 at CSAH 5 in the city of Burnsville - Interchange COnstruction,1/1/2014,1/1/2034,8/1/2015,exurban,1.35,68601,after,MN 13 at CSAH 5,,55.0,18.0,0.0,0.0,2.0,0.0,0.0,0.0,2.0,minor collector,68601_9,2023-01-01,0:00:00,24:00:00,volume,3367.0,AADT,1,369,,0:00:00,24:00:00,volume,5815.518672,AADT,Travel Model
FM-1109,MN,Dakota,new-roadway,MN 12 at CSAH 5 in the city of Burnsville - Interchange COnstruction,1/1/2014,1/1/2034,8/1/2015,exurban,1.35,68601,after,MN 13 at CSAH 5,,55.0,18.0,0.0,0.0,2.0,0.0,0.0,0.0,2.0,minor collector,68601_10,2024-01-01,0:00:00,24:00:00,volume,3489.0,AADT,1,369,,0:00:00,24:00:00,volume,5815.518672,AADT,Travel Model
FM-1109,MN,Dakota,new-roadway,MN 12 at CSAH 5 in the city of Burnsville - Interchange COnstruction,1/1/2014,1/1/2034,8/1/2015,exurban,1.35,74400,after,MN 13 at CSAH 5,,55.0,11.0,0.0,0.0,1.0,0.0,0.0,0.0,6.0,ramp,74400_1,2020-01-01,0:00:00,24:00:00,volume,3650.0,AADT,1,373,,0:00:00,24:00:00,volume,2869.287061,AADT,Travel Model
FM-1109,MN,Dakota,new-roadway,MN 12 at CSAH 5 in the city of Burnsville - Interchange COnstruction,1/1/2014,1/1/2034,8/1/2015,exurban,1.35,74400,after,MN 13 at CSAH 5,,55.0,11.0,0.0,0.0,1.0,0.0,0.0,0.0,6.0,ramp,74400_2,2021-01-01,0:00:00,24:00:00,volume,2785.0,AADT,1,373,,0:00:00,24:00:00,volume,2869.287061,AADT,Travel Model
FM-1109,MN,Dakota,new-roadway,MN 12 at CSAH 5 in the city of Burnsville - Interchange COnstruction,1/1/2014,1/1/2034,8/1/2015,exurban,1.35,74400,after,MN 13 at CSAH 5,,55.0,11.0,0.0,0.0,1.0,0.0,0.0,0.0,6.0,ramp,74400_3,2022-01-01,0:00:00,24:00:00,volume,2727.0,AADT,1,373,,0:00:00,24:00:00,volume,2869.287061,AADT,Travel Model
FM-1109,MN,Dakota,new-roadway,MN 12 at CSAH 5 in the city of Burnsville - Interchange COnstruction,1/1/2014,1/1/2034,8/1/2015,exurban,1.35,74400,after,MN 13 at CSAH 5,,55.0,11.0,0.0,0.0,1.0,0.0,0.0,0.0,6.0,ramp,74400_4,2023-01-01,0:00:00,24:00:00,volume,2781.0,AADT,1,373,,0:00:00,24:00:00,volume,2869.287061,AADT,Travel Model
FM-1109,MN,Dakota,new-roadway,MN 12 at CSAH 5 in the city of Burnsville - Interchange COnstruction,1/1/2014,1/1/2034,8/1/2015,exurban,1.35,74400,after,MN 13 at CSAH 5,,55.0,11.0,0.0,0.0,1.0,0.0,0.0,0.0,6.0,ramp,74400_5,2024-01-01,0:00:00,24:00:00,volume,2867.0,AADT,1,373,,0:00:00,24:00:00,volume,2869.287061,AADT,Travel Model
FM-1109,MN,Dakota,new-roadway,MN 12 at CSAH 5 in the city of Burnsville - Interchange COnstruction,1/1/2014,1/1/2034,8/1/2015,exurban,1.35,74402,after,MN 13 at CSAH 5,,55.0,14.0,0.0,0.0,1.0,0.0,0.0,0.0,4.0,ramp,74402_1,2020-01-01,0:00:00,24:00:00,volume,3650.0,AADT,1,371,,0:00:00,24:00:00,volume,4765.0,AADT,Travel Model
FM-1109,MN,Dakota,new-roadway,MN 12 at CSAH 5 in the city of Burnsville - Interchange COnstruction,1/1/2014,1/1/2034,8/1/2015,exurban,1.35,74402,after,MN 13 at CSAH 5,,55.0,14.0,0.0,0.0,1.0,0.0,0.0,0.0,4.0,ramp,74402_2,2021-01-01,0:00:00,24:00:00,volume,3501.0,AADT,1,371,,0:00:00,24:00:00,volume,4765.0,AADT,Travel Model
FM-1109,MN,Dakota,new-roadway,MN 12 at CSAH 5 in the city of Burnsville - Interchange COnstruction,1/1/2014,1/1/2034,8/1/2015,exurban,1.35,74402,after,MN 13 at CSAH 5,,55.0,14.0,0.0,0.0,1.0,0.0,0.0,0.0,4.0,ramp,74402_3,2022-01-01,0:00:00,24:00:00,volume,3428.0,AADT,1,371,,0:00:00,24:00:00,volume,4765.0,AADT,Travel Model
FM-1109,MN,Dakota,new-roadway,MN 12 at CSAH 5 in the city of Burnsville - Interchange COnstruction,1/1/2014,1/1/2034,8/1/2015,exurban,1.35,74402,after,MN 13 at CSAH 5,,55.0,14.0,0.0,0.0,1.0,0.0,0.0,0.0,4.0,ramp,74402_4,2023-01-01,0:00:00,24:00:00,volume,3496.0,AADT,1,371,,0:00:00,24:00:00,volume,4765.0,AADT,Travel Model
FM-1109,MN,Dakota,new-roadway,MN 12 at CSAH 5 in the city of Burnsville - Interchange COnstruction,1/1/2014,1/1/2034,8/1/2015,exurban,1.35,74402,after,MN 13 at CSAH 5,,55.0,14.0,0.0,0.0,1.0,0.0,0.0,0.0,4.0,ramp,74402_5,2024-01-01,0:00:00,24:00:00,volume,3605.0,AADT,1,371,,0:00:00,24:00:00,volume,4765.0,AADT,Travel Model
FM-1109,MN,Dakota,new-roadway,MN 12 at CSAH 5 in the city of Burnsville - Interchange COnstruction,1/1/2014,1/1/2034,8/1/2015,exurban,1.35,74404,after,MN 13 at CSAH 5,,55.0,12.0,0.0,0.0,1.0,0.0,0.0,0.0,2.0,ramp,74404_1,2020-01-01,0:00:00,24:00:00,volume,1800.0,AADT,1,374,,0:00:00,24:00:00,volume,7942.663146,AADT,Travel Model
FM-1109,MN,Dakota,new-roadway,MN 12 at CSAH 5 in the city of Burnsville - Interchange COnstruction,1/1/2014,1/1/2034,8/1/2015,exurban,1.35,74404,after,MN 13 at CSAH 5,,55.0,12.0,0.0,0.0,1.0,0.0,0.0,0.0,2.0,ramp,74404_2,2021-01-01,0:00:00,24:00:00,volume,3800.0,AADT,1,374,,0:00:00,24:00:00,volume,7942.663146,AADT,Travel Model
FM-1109,MN,Dakota,new-roadway,MN 12 at CSAH 5 in the city of Burnsville - Interchange COnstruction,1/1/2014,1/1/2034,8/1/2015,exurban,1.35,74404,after,MN 13 at CSAH 5,,55.0,12.0,0.0,0.0,1.0,0.0,0.0,0.0,2.0,ramp,74404_3,2022-01-01,0:00:00,24:00:00,volume,3720.0,AADT,1,374,,0:00:00,24:00:00,volume,7942.663146,AADT,Travel Model
FM-1109,MN,Dakota,new-roadway,MN 12 at CSAH 5 in the city of Burnsville - Interchange COnstruction,1/1/2014,1/1/2034,8/1/2015,exurban,1.35,74404,after,MN 13 at CSAH 5,,55.0,12.0,0.0,0.0,1.0,0.0,0.0,0.0,2.0,ramp,74404_4,2023-01-01,0:00:00,24:00:00,volume,3795.0,AADT,1,374,,0:00:00,24:00:00,volume,7942.663146,AADT,Travel Model
FM-1109,MN,Dakota,new-roadway,MN 12 at CSAH 5 in the city of Burnsville - Interchange COnstruction,1/1/2014,1/1/2034,8/1/2015,exurban,1.35,74404,after,MN 13 at CSAH 5,,55.0,12.0,0.0,0.0,1.0,0.0,0.0,0.0,2.0,ramp,74404_5,2024-01-01,0:00:00,24:00:00,volume,3825.0,AADT,1,374,,0:00:00,24:00:00,volume,7942.663146,AADT,Travel Model
FM-1109,MN,Dakota,new-roadway,MN 12 at CSAH 5 in the city of Burnsville - Interchange COnstruction,1/1/2014,1/1/2034,8/1/2015,exurban,1.35,74405,after,MN 13 at CSAH 5,,55.0,18.0,0.0,0.0,1.0,0.0,0.0,0.0,2.0,ramp,74405_1,2020-01-01,0:00:00,24:00:00,volume,3650.0,AADT,1,372,,0:00:00,24:00:00,volume,10881.44851,AADT,Travel Model
FM-1109,MN,Dakota,new-roadway,MN 12 at CSAH 5 in the city of Burnsville - Interchange COnstruction,1/1/2014,1/1/2034,8/1/2015,exurban,1.35,74405,after,MN 13 at CSAH 5,,55.0,18.0,0.0,0.0,1.0,0.0,0.0,0.0,2.0,ramp,74405_2,2021-01-01,0:00:00,24:00:00,volume,6345.0,AADT,1,372,,0:00:00,24:00:00,volume,10881.44851,AADT,Travel Model
FM-1109,MN,Dakota,new-roadway,MN 12 at CSAH 5 in the city of Burnsville - Interchange COnstruction,1/1/2014,1/1/2034,8/1/2015,exurban,1.35,74405,after,MN 13 at CSAH 5,,55.0,18.0,0.0,0.0,1.0,0.0,0.0,0.0,2.0,ramp,74405_3,2022-01-01,0:00:00,24:00:00,volume,6211.0,AADT,1,372,,0:00:00,24:00:00,volume,10881.44851,AADT,Travel Model
FM-1109,MN,Dakota,new-roadway,MN 12 at CSAH 5 in the city of Burnsville - Interchange COnstruction,1/1/2014,1/1/2034,8/1/2015,exurban,1.35,74405,after,MN 13 at CSAH 5,,55.0,18.0,0.0,0.0,1.0,0.0,0.0,0.0,2.0,ramp,74405_4,2023-01-01,0:00:00,24:00:00,volume,6336.0,AADT,1,372,,0:00:00,24:00:00,volume,10881.44851,AADT,Travel Model
FM-1109,MN,Dakota,new-roadway,MN 12 at CSAH 5 in the city of Burnsville - Interchange COnstruction,1/1/2014,1/1/2034,8/1/2015,exurban,1.35,74405,after,MN 13 at CSAH 5,,55.0,18.0,0.0,0.0,1.0,0.0,0.0,0.0,2.0,ramp,74405_5,2024-01-01,0:00:00,24:00:00,volume,6532.0,AADT,1,372,,0:00:00,24:00:00,volume,10881.44851,AADT,Travel Model
FM-1314,MN,Ramsey,road-capacity-expansion,From Rice to Lexington Ave in Shoreview-Construct a 3rd lane,1/1/2014,1/1/2034,5/1/2020-,exurban,1.65,11754,before,INTERSTATE 694,,65.0,11.0,0.0,0.0,4.0,0.0,0.0,0.0,12.0,freeway,11754_1,2014-01-01,0:00:00,24:00:00,volume,94000.0,AADT,0,708,,0:00:00,24:00:00,volume,102000.0,AADT,Travel Model
FM-1314,MN,Ramsey,road-capacity-expansion,From Rice to Lexington Ave in Shoreview-Construct a 3rd lane,1/1/2014,1/1/2034,5/1/2020-,exurban,1.65,11754,before,INTERSTATE 694,,65.0,11.0,0.0,0.0,4.0,0.0,0.0,0.0,12.0,freeway,11754_2,2016-01-01,0:00:00,24:00:00,volume,102204.0,AADT,0,708,,0:00:00,24:00:00,volume,102000.0,AADT,Travel Model
FM-1314,MN,Ramsey,road-capacity-expansion,From Rice to Lexington Ave in Shoreview-Construct a 3rd lane,1/1/2014,1/1/2034,5/1/2020-,exurban,1.65,11754,before,INTERSTATE 694,,65.0,11.0,0.0,0.0,4.0,0.0,0.0,0.0,12.0,freeway,11754_3,2017-01-01,0:00:00,24:00:00,volume,103993.0,AADT,0,708,,0:00:00,24:00:00,volume,102000.0,AADT,Travel Model
FM-1314,MN,Ramsey,road-capacity-expansion,From Rice to Lexington Ave in Shoreview-Construct a 3rd lane,1/1/2014,1/1/2034,5/1/2020-,exurban,1.65,11754,before,INTERSTATE 694,,65.0,11.0,0.0,0.0,4.0,0.0,0.0,0.0,12.0,freeway,11754_4,2018-01-01,0:00:00,24:00:00,volume,85000.0,AADT,0,708,,0:00:00,24:00:00,volume,102000.0,AADT,Travel Model
FM-1314,MN,Ramsey,road-capacity-expansion,From Rice to Lexington Ave in Shoreview-Construct a 3rd lane,1/1/2014,1/1/2034,5/1/2020-,exurban,1.65,11754,before,INTERSTATE 694,,65.0,11.0,0.0,0.0,4.0,0.0,0.0,0.0,12.0,freeway,11754_5,2019-01-01,0:00:00,24:00:00,volume,85000.0,AADT,0,708,,0:00:00,24:00:00,volume,102000.0,AADT,Travel Model
FM-1314,MN,Ramsey,road-capacity-expansion,From Rice to Lexington Ave in Shoreview-Construct a 3rd lane,1/1/2014,1/1/2034,5/1/2020-,exurban,1.65,11754,before,INTERSTATE 694,,65.0,11.0,0.0,0.0,4.0,0.0,0.0,0.0,12.0,freeway,11754_6,2020-01-01,0:00:00,24:00:00,volume,106000.0,AADT,0,708,,0:00:00,24:00:00,volume,102000.0,AADT,Travel Model
FM-1314,MN,Ramsey,road-capacity-expansion,From Rice to Lexington Ave in Shoreview-Construct a 3rd lane,1/1/2014,1/1/2034,5/1/2020-,exurban,1.65,11754,after,INTERSTATE 694,,65.0,11.0,0.0,0.0,6.0,0.0,0.0,0.0,12.0,freeway,11754_7,2021-01-01,0:00:00,24:00:00,volume,123090.0,AADT,1,708,,0:00:00,24:00:00,volume,102000.0,AADT,Travel Model
FM-1314,MN,Ramsey,road-capacity-expansion,From Rice to Lexington Ave in Shoreview-Construct a 3rd lane,1/1/2014,1/1/2034,5/1/2020-,exurban,1.65,11754,after,INTERSTATE 694,,65.0,11.0,0.0,0.0,6.0,0.0,0.0,0.0,12.0,freeway,11754_8,2022-01-01,0:00:00,24:00:00,volume,123674.0,AADT,1,708,,0:00:00,24:00:00,volume,102000.0,AADT,Travel Model
FM-1314,MN,Ramsey,road-capacity-expansion,From Rice to Lexington Ave in Shoreview-Construct a 3rd lane,1/1/2014,1/1/2034,5/1/2020-,exurban,1.65,11754,after,INTERSTATE 694,,65.0,11.0,0.0,0.0,6.0,0.0,0.0,0.0,12.0,freeway,11754_9,2023-01-01,0:00:00,24:00:00,volume,129406.0,AADT,1,708,,0:00:00,24:00:00,volume,102000.0,AADT,Travel Model
FM-1314,MN,Ramsey,road-capacity-expansion,From Rice to Lexington Ave in Shoreview-Construct a 3rd lane,1/1/2014,1/1/2034,5/1/2020-,exurban,1.65,11754,after,INTERSTATE 694,,65.0,11.0,0.0,0.0,6.0,0.0,0.0,0.0,12.0,freeway,11754_10,2024-01-01,0:00:00,24:00:00,volume,144737.0,AADT,1,708,,0:00:00,24:00:00,volume,102000.0,AADT,Travel Model
FM-1314,MN,Ramsey,road-capacity-expansion,From Rice to Lexington Ave in Shoreview-Construct a 3rd lane,1/1/2014,1/1/2034,5/1/2020-,exurban,1.65,11754,after,INTERSTATE 694,,65.0,11.0,0.0,0.0,6.0,0.0,0.0,0.0,12.0,freeway,11754_11,2025-01-01,0:00:00,24:00:00,volume,140497.0,AADT,1,708,,0:00:00,24:00:00,volume,102000.0,AADT,Travel Model
FM-1314,MN,Ramsey,road-capacity-expansion,From Rice to Lexington Ave in Shoreview-Construct a 3rd lane,1/1/2014,1/1/2034,5/1/2020-,exurban,1.65,70752,before,INTERSTATE 694,,,,,,,,,,,ramp,70752_1,2019-01-01,0:00:00,24:00:00,volume,6000.0,AADT,0,704,,0:00:00,24:00:00,volume,5105.965995,AADT,Travel Model
FM-1314,MN,Ramsey,road-capacity-expansion,From Rice to Lexington Ave in Shoreview-Construct a 3rd lane,1/1/2014,1/1/2034,5/1/2020-,exurban,1.65,70752,before,INTERSTATE 694,,,,,,,,,,,ramp,70752_2,2020-01-01,0:00:00,24:00:00,volume,4830.0,AADT,0,704,,0:00:00,24:00:00,volume,5105.965995,AADT,Travel Model
FM-1314,MN,Ramsey,road-capacity-expansion,From Rice to Lexington Ave in Shoreview-Construct a 3rd lane,1/1/2014,1/1/2034,5/1/2020-,exurban,1.65,70752,after,INTERSTATE 694,,65.0,14.0,0.0,0.0,1.0,0.0,0.0,0.0,4.0,ramp,70752_3,2021-01-01,0:00:00,24:00:00,volume,4962.0,AADT,1,704,,0:00:00,24:00:00,volume,5105.965995,AADT,Travel Model
FM-1314,MN,Ramsey,road-capacity-expansion,From Rice to Lexington Ave in Shoreview-Construct a 3rd lane,1/1/2014,1/1/2034,5/1/2020-,exurban,1.65,70752,after,INTERSTATE 694,,65.0,14.0,0.0,0.0,1.0,0.0,0.0,0.0,4.0,ramp,70752_4,2022-01-01,0:00:00,24:00:00,volume,5248.0,AADT,1,704,,0:00:00,24:00:00,volume,5105.965995,AADT,Travel Model
FM-1314,MN,Ramsey,road-capacity-expansion,From Rice to Lexington Ave in Shoreview-Construct a 3rd lane,1/1/2014,1/1/2034,5/1/2020-,exurban,1.65,70752,after,INTERSTATE 694,,65.0,14.0,0.0,0.0,1.0,0.0,0.0,0.0,4.0,ramp,70752_5,2023-01-01,0:00:00,24:00:00,volume,5241.0,AADT,1,704,,0:00:00,24:00:00,volume,5105.965995,AADT,Travel Model
FM-1314,MN,Ramsey,road-capacity-expansion,From Rice to Lexington Ave in Shoreview-Construct a 3rd lane,1/1/2014,1/1/2034,5/1/2020-,exurban,1.65,70752,after,INTERSTATE 694,,65.0,14.0,0.0,0.0,1.0,0.0,0.0,0.0,4.0,ramp,70752_6,2024-01-01,0:00:00,24:00:00,volume,4987.0,AADT,1,704,,0:00:00,24:00:00,volume,5105.965995,AADT,Travel Model
FM-1314,MN,Ramsey,road-capacity-expansion,From Rice to Lexington Ave in Shoreview-Construct a 3rd lane,1/1/2014,1/1/2034,5/1/2020-,exurban,1.65,70752,after,INTERSTATE 694,,65.0,14.0,0.0,0.0,1.0,0.0,0.0,0.0,4.0,ramp,70752_7,2025-01-01,0:00:00,24:00:00,volume,5860.0,AADT,1,704,,0:00:00,24:00:00,volume,5105.965995,AADT,Travel Model
FM-1314,MN,Ramsey,road-capacity-expansion,From Rice to Lexington Ave in Shoreview-Construct a 3rd lane,1/1/2014,1/1/2034,5/1/2020-,exurban,1.65,70753,before,INTERSTATE 694,,,,,,,,,,,ramp,70753_1,2019-01-01,0:00:00,24:00:00,volume,6000.0,AADT,0,706,,0:00:00,24:00:00,volume,6730.130129,AADT,Travel Model
FM-1314,MN,Ramsey,road-capacity-expansion,From Rice to Lexington Ave in Shoreview-Construct a 3rd lane,1/1/2014,1/1/2034,5/1/2020-,exurban,1.65,70753,before,INTERSTATE 694,,,,,,,,,,,ramp,70753_2,2020-01-01,0:00:00,24:00:00,volume,4830.0,AADT,0,706,,0:00:00,24:00:00,volume,6730.130129,AADT,Travel Model
FM-1314,MN,Ramsey,road-capacity-expansion,From Rice to Lexington Ave in Shoreview-Construct a 3rd lane,1/1/2014,1/1/2034,5/1/2020-,exurban,1.65,70753,after,INTERSTATE 694,,65.0,18.0,0.0,0.0,1.0,0.0,0.0,0.0,6.0,ramp,70753_3,2021-01-01,0:00:00,24:00:00,volume,4646.0,AADT,1,706,,0:00:00,24:00:00,volume,6730.130129,AADT,Travel Model
FM-1314,MN,Ramsey,road-capacity-expansion,From Rice to Lexington Ave in Shoreview-Construct a 3rd lane,1/1/2014,1/1/2034,5/1/2020-,exurban,1.65,70753,after,INTERSTATE 694,,65.0,18.0,0.0,0.0,1.0,0.0,0.0,0.0,6.0,ramp,70753_4,2022-01-01,0:00:00,24:00:00,volume,5395.0,AADT,1,706,,0:00:00,24:00:00,volume,6730.130129,AADT,Travel Model
FM-1314,MN,Ramsey,road-capacity-expansion,From Rice to Lexington Ave in Shoreview-Construct a 3rd lane,1/1/2014,1/1/2034,5/1/2020-,exurban,1.65,70753,after,INTERSTATE 694,,65.0,18.0,0.0,0.0,1.0,0.0,0.0,0.0,6.0,ramp,70753_5,2023-01-01,0:00:00,24:00:00,volume,5470.0,AADT,1,706,,0:00:00,24:00:00,volume,6730.130129,AADT,Travel Model
FM-1314,MN,Ramsey,road-capacity-expansion,From Rice to Lexington Ave in Shoreview-Construct a 3rd lane,1/1/2014,1/1/2034,5/1/2020-,exurban,1.65,70753,after,INTERSTATE 694,,65.0,18.0,0.0,0.0,1.0,0.0,0.0,0.0,6.0,ramp,70753_6,2024-01-01,0:00:00,24:00:00,volume,5300.0,AADT,1,706,,0:00:00,24:00:00,volume,6730.130129,AADT,Travel Model
FM-1314,MN,Ramsey,road-capacity-expansion,From Rice to Lexington Ave in Shoreview-Construct a 3rd lane,1/1/2014,1/1/2034,5/1/2020-,exurban,1.65,70753,after,INTERSTATE 694,,65.0,18.0,0.0,0.0,1.0,0.0,0.0,0.0,6.0,ramp,70753_7,2025-01-01,0:00:00,24:00:00,volume,6188.0,AADT,1,706,,0:00:00,24:00:00,volume,6730.130129,AADT,Travel Model
FM-1314,MN,Ramsey,road-capacity-expansion,From Rice to Lexington Ave in Shoreview-Construct a 3rd lane,1/1/2014,1/1/2034,5/1/2020-,exurban,1.65,70754,before,INTERSTATE 694,,,,,,,,,,,ramp,70754_1,2019-01-01,0:00:00,24:00:00,volume,5800.0,AADT,0,707,,0:00:00,24:00:00,volume,4892.794453,AADT,Travel Model
FM-1314,MN,Ramsey,road-capacity-expansion,From Rice to Lexington Ave in Shoreview-Construct a 3rd lane,1/1/2014,1/1/2034,5/1/2020-,exurban,1.65,70754,before,INTERSTATE 694,,,,,,,,,,,ramp,70754_2,2020-01-01,0:00:00,24:00:00,volume,4669.0,AADT,0,707,,0:00:00,24:00:00,volume,4892.794453,AADT,Travel Model
FM-1314,MN,Ramsey,road-capacity-expansion,From Rice to Lexington Ave in Shoreview-Construct a 3rd lane,1/1/2014,1/1/2034,5/1/2020-,exurban,1.65,70754,after,INTERSTATE 694,,65.0,18.0,0.0,0.0,1.0,0.0,0.0,0.0,6.0,ramp,70754_3,2021-01-01,0:00:00,24:00:00,volume,4602.0,AADT,1,707,,0:00:00,24:00:00,volume,4892.794453,AADT,Travel Model
FM-1314,MN,Ramsey,road-capacity-expansion,From Rice to Lexington Ave in Shoreview-Construct a 3rd lane,1/1/2014,1/1/2034,5/1/2020-,exurban,1.65,70754,after,INTERSTATE 694,,65.0,18.0,0.0,0.0,1.0,0.0,0.0,0.0,6.0,ramp,70754_4,2022-01-01,0:00:00,24:00:00,volume,4558.0,AADT,1,707,,0:00:00,24:00:00,volume,4892.794453,AADT,Travel Model
FM-1314,MN,Ramsey,road-capacity-expansion,From Rice to Lexington Ave in Shoreview-Construct a 3rd lane,1/1/2014,1/1/2034,5/1/2020-,exurban,1.65,70754,after,INTERSTATE 694,,65.0,18.0,0.0,0.0,1.0,0.0,0.0,0.0,6.0,ramp,70754_5,2023-01-01,0:00:00,24:00:00,volume,4761.0,AADT,1,707,,0:00:00,24:00:00,volume,4892.794453,AADT,Travel Model
FM-1314,MN,Ramsey,road-capacity-expansion,From Rice to Lexington Ave in Shoreview-Construct a 3rd lane,1/1/2014,1/1/2034,5/1/2020-,exurban,1.65,70754,after,INTERSTATE 694,,65.0,18.0,0.0,0.0,1.0,0.0,0.0,0.0,6.0,ramp,70754_6,2024-01-01,0:00:00,24:00:00,volume,5027.0,AADT,1,707,,0:00:00,24:00:00,volume,4892.794453,AADT,Travel Model
FM-1314,MN,Ramsey,road-capacity-expansion,From Rice to Lexington Ave in Shoreview-Construct a 3rd lane,1/1/2014,1/1/2034,5/1/2020-,exurban,1.65,70754,after,INTERSTATE 694,,65.0,18.0,0.0,0.0,1.0,0.0,0.0,0.0,6.0,ramp,70754_7,2025-01-01,0:00:00,24:00:00,volume,5107.0,AADT,1,707,,0:00:00,24:00:00,volume,4892.794453,AADT,Travel Model
FM-1314,MN,Ramsey,road-capacity-expansion,From Rice to Lexington Ave in Shoreview-Construct a 3rd lane,1/1/2014,1/1/2034,5/1/2020-,exurban,1.65,70755,before,INTERSTATE 694,,65.0,18.0,1.0,0.0,1.0,0.0,0.0,0.0,6.0,ramp,70755_1,2019-01-01,0:00:00,24:00:00,volume,5800.0,AADT,0,705,,0:00:00,24:00:00,volume,5085.663944,AADT,Travel Model
FM-1314,MN,Ramsey,road-capacity-expansion,From Rice to Lexington Ave in Shoreview-Construct a 3rd lane,1/1/2014,1/1/2034,5/1/2020-,exurban,1.65,70755,before,INTERSTATE 694,,65.0,18.0,1.0,0.0,1.0,0.0,0.0,0.0,6.0,ramp,70755_2,2020-01-01,0:00:00,24:00:00,volume,4669.0,AADT,0,705,,0:00:00,24:00:00,volume,5085.663944,AADT,Travel Model
FM-1314,MN,Ramsey,road-capacity-expansion,From Rice to Lexington Ave in Shoreview-Construct a 3rd lane,1/1/2014,1/1/2034,5/1/2020-,exurban,1.65,70755,after,INTERSTATE 694,,65.0,14.0,0.0,0.0,1.0,0.0,0.0,0.0,4.0,ramp,70755_3,2021-01-01,0:00:00,24:00:00,volume,4184.0,AADT,1,705,,0:00:00,24:00:00,volume,5085.663944,AADT,Travel Model
FM-1314,MN,Ramsey,road-capacity-expansion,From Rice to Lexington Ave in Shoreview-Construct a 3rd lane,1/1/2014,1/1/2034,5/1/2020-,exurban,1.65,70755,after,INTERSTATE 694,,65.0,14.0,0.0,0.0,1.0,0.0,0.0,0.0,4.0,ramp,70755_4,2022-01-01,0:00:00,24:00:00,volume,4412.0,AADT,1,705,,0:00:00,24:00:00,volume,5085.663944,AADT,Travel Model
FM-1314,MN,Ramsey,road-capacity-expansion,From Rice to Lexington Ave in Shoreview-Construct a 3rd lane,1/1/2014,1/1/2034,5/1/2020-,exurban,1.65,70755,after,INTERSTATE 694,,65.0,14.0,0.0,0.0,1.0,0.0,0.0,0.0,4.0,ramp,70755_5,2023-01-01,0:00:00,24:00:00,volume,4571.0,AADT,1,705,,0:00:00,24:00:00,volume,5085.663944,AADT,Travel Model
FM-1314,MN,Ramsey,road-capacity-expansion,From Rice to Lexington Ave in Shoreview-Construct a 3rd lane,1/1/2014,1/1/2034,5/1/2020-,exurban,1.65,70755,after,INTERSTATE 694,,65.0,14.0,0.0,0.0,1.0,0.0,0.0,0.0,4.0,ramp,70755_6,2024-01-01,0:00:00,24:00:00,volume,5067.0,AADT,1,705,,0:00:00,24:00:00,volume,5085.663944,AADT,Travel Model
FM-1314,MN,Ramsey,road-capacity-expansion,From Rice to Lexington Ave in Shoreview-Construct a 3rd lane,1/1/2014,1/1/2034,5/1/2020-,exurban,1.65,70755,after,INTERSTATE 694,,65.0,14.0,0.0,0.0,1.0,0.0,0.0,0.0,4.0,ramp,70755_7,2025-01-01,0:00:00,24:00:00,volume,4971.0,AADT,1,705,,0:00:00,24:00:00,volume,5085.663944,AADT,Travel Model
FM-1314,MN,Ramsey,road-capacity-expansion,From Rice to Lexington Ave in Shoreview-Construct a 3rd lane,1/1/2014,1/1/2034,5/1/2020-,exurban,1.65,70756,before,INTERSTATE 694,,65.0,14.0,0.0,0.0,1.0,0.0,0.0,0.0,4.0,ramp,70756_1,2019-01-01,0:00:00,24:00:00,volume,3200.0,AADT,0,699,,0:00:00,24:00:00,volume,2294.131839,AADT,Travel Model
FM-1314,MN,Ramsey,road-capacity-expansion,From Rice to Lexington Ave in Shoreview-Construct a 3rd lane,1/1/2014,1/1/2034,5/1/2020-,exurban,1.65,70756,before,INTERSTATE 694,,65.0,14.0,0.0,0.0,1.0,0.0,0.0,0.0,4.0,ramp,70756_2,2020-01-01,0:00:00,24:00:00,volume,2300.0,AADT,0,699,,0:00:00,24:00:00,volume,2294.131839,AADT,Travel Model
FM-1314,MN,Ramsey,road-capacity-expansion,From Rice to Lexington Ave in Shoreview-Construct a 3rd lane,1/1/2014,1/1/2034,5/1/2020-,exurban,1.65,70756,after,INTERSTATE 694,,65.0,14.0,0.0,0.0,1.0,0.0,0.0,0.0,4.0,ramp,70756_3,2021-01-01,0:00:00,24:00:00,volume,1939.0,AADT,1,699,,0:00:00,24:00:00,volume,2294.131839,AADT,Travel Model
FM-1314,MN,Ramsey,road-capacity-expansion,From Rice to Lexington Ave in Shoreview-Construct a 3rd lane,1/1/2014,1/1/2034,5/1/2020-,exurban,1.65,70756,after,INTERSTATE 694,,65.0,14.0,0.0,0.0,1.0,0.0,0.0,0.0,4.0,ramp,70756_4,2022-01-01,0:00:00,24:00:00,volume,2193.0,AADT,1,699,,0:00:00,24:00:00,volume,2294.131839,AADT,Travel Model
FM-1314,MN,Ramsey,road-capacity-expansion,From Rice to Lexington Ave in Shoreview-Construct a 3rd lane,1/1/2014,1/1/2034,5/1/2020-,exurban,1.65,70756,after,INTERSTATE 694,,65.0,14.0,0.0,0.0,1.0,0.0,0.0,0.0,4.0,ramp,70756_5,2023-01-01,0:00:00,24:00:00,volume,2468.0,AADT,1,699,,0:00:00,24:00:00,volume,2294.131839,AADT,Travel Model
FM-1314,MN,Ramsey,road-capacity-expansion,From Rice to Lexington Ave in Shoreview-Construct a 3rd lane,1/1/2014,1/1/2034,5/1/2020-,exurban,1.65,70756,after,INTERSTATE 694,,65.0,14.0,0.0,0.0,1.0,0.0,0.0,0.0,4.0,ramp,70756_6,2024-01-01,0:00:00,24:00:00,volume,2556.0,AADT,1,699,,0:00:00,24:00:00,volume,2294.131839,AADT,Travel Model
FM-1314,MN,Ramsey,road-capacity-expansion,From Rice to Lexington Ave in Shoreview-Construct a 3rd lane,1/1/2014,1/1/2034,5/1/2020-,exurban,1.65,70756,after,INTERSTATE 694,,65.0,14.0,0.0,0.0,1.0,0.0,0.0,0.0,4.0,ramp,70756_7,2025-01-01,0:00:00,24:00:00,volume,2299.0,AADT,1,699,,0:00:00,24:00:00,volume,2294.131839,AADT,Travel Model
FM-1314,MN,Ramsey,road-capacity-expansion,From Rice to Lexington Ave in Shoreview-Construct a 3rd lane,1/1/2014,1/1/2034,5/1/2020-,exurban,1.65,70757,before,INTERSTATE 694,,65.0,14.0,0.0,0.0,1.0,0.0,0.0,0.0,4.0,ramp,70757_1,2019-01-01,0:00:00,24:00:00,volume,4000.0,AADT,0,700,,0:00:00,24:00:00,volume,2903.193389,AADT,Travel Model
FM-1314,MN,Ramsey,road-capacity-expansion,From Rice to Lexington Ave in Shoreview-Construct a 3rd lane,1/1/2014,1/1/2034,5/1/2020-,exurban,1.65,70757,before,INTERSTATE 694,,65.0,14.0,0.0,0.0,1.0,0.0,0.0,0.0,4.0,ramp,70757_2,2020-01-01,0:00:00,24:00:00,volume,3050.0,AADT,0,700,,0:00:00,24:00:00,volume,2903.193389,AADT,Travel Model
FM-1314,MN,Ramsey,road-capacity-expansion,From Rice to Lexington Ave in Shoreview-Construct a 3rd lane,1/1/2014,1/1/2034,5/1/2020-,exurban,1.65,70757,after,INTERSTATE 694,,65.0,14.0,0.0,0.0,1.0,0.0,0.0,0.0,4.0,ramp,70757_3,2021-01-01,0:00:00,24:00:00,volume,2634.0,AADT,1,700,,0:00:00,24:00:00,volume,2903.193389,AADT,Travel Model
FM-1314,MN,Ramsey,road-capacity-expansion,From Rice to Lexington Ave in Shoreview-Construct a 3rd lane,1/1/2014,1/1/2034,5/1/2020-,exurban,1.65,70757,after,INTERSTATE 694,,65.0,14.0,0.0,0.0,1.0,0.0,0.0,0.0,4.0,ramp,70757_4,2022-01-01,0:00:00,24:00:00,volume,2710.0,AADT,1,700,,0:00:00,24:00:00,volume,2903.193389,AADT,Travel Model
FM-1314,MN,Ramsey,road-capacity-expansion,From Rice to Lexington Ave in Shoreview-Construct a 3rd lane,1/1/2014,1/1/2034,5/1/2020-,exurban,1.65,70757,after,INTERSTATE 694,,65.0,14.0,0.0,0.0,1.0,0.0,0.0,0.0,4.0,ramp,70757_5,2023-01-01,0:00:00,24:00:00,volume,2759.0,AADT,1,700,,0:00:00,24:00:00,volume,2903.193389,AADT,Travel Model
FM-1314,MN,Ramsey,road-capacity-expansion,From Rice to Lexington Ave in Shoreview-Construct a 3rd lane,1/1/2014,1/1/2034,5/1/2020-,exurban,1.65,70757,after,INTERSTATE 694,,65.0,14.0,0.0,0.0,1.0,0.0,0.0,0.0,4.0,ramp,70757_6,2024-01-01,0:00:00,24:00:00,volume,2806.0,AADT,1,700,,0:00:00,24:00:00,volume,2903.193389,AADT,Travel Model
FM-1314,MN,Ramsey,road-capacity-expansion,From Rice to Lexington Ave in Shoreview-Construct a 3rd lane,1/1/2014,1/1/2034,5/1/2020-,exurban,1.65,70757,after,INTERSTATE 694,,65.0,14.0,0.0,0.0,1.0,0.0,0.0,0.0,4.0,ramp,70757_7,2025-01-01,0:00:00,24:00:00,volume,3216.0,AADT,1,700,,0:00:00,24:00:00,volume,2903.193389,AADT,Travel Model
FM-1314,MN,Ramsey,road-capacity-expansion,From Rice to Lexington Ave in Shoreview-Construct a 3rd lane,1/1/2014,1/1/2034,5/1/2020-,exurban,1.65,70758,before,INTERSTATE 694,,65.0,14.0,0.0,0.0,1.0,0.0,0.0,0.0,4.0,ramp,70758_1,2019-01-01,0:00:00,24:00:00,volume,4000.0,AADT,0,698,,0:00:00,24:00:00,volume,4507.055471,AADT,Travel Model
FM-1314,MN,Ramsey,road-capacity-expansion,From Rice to Lexington Ave in Shoreview-Construct a 3rd lane,1/1/2014,1/1/2034,5/1/2020-,exurban,1.65,70758,before,INTERSTATE 694,,65.0,14.0,0.0,0.0,1.0,0.0,0.0,0.0,4.0,ramp,70758_2,2020-01-01,0:00:00,24:00:00,volume,2000.0,AADT,0,698,,0:00:00,24:00:00,volume,4507.055471,AADT,Travel Model
FM-1314,MN,Ramsey,road-capacity-expansion,From Rice to Lexington Ave in Shoreview-Construct a 3rd lane,1/1/2014,1/1/2034,5/1/2020-,exurban,1.65,70758,after,INTERSTATE 694,,65.0,14.0,0.0,0.0,1.0,0.0,0.0,0.0,4.0,ramp,70758_3,2021-01-01,0:00:00,24:00:00,volume,1974.0,AADT,1,698,,0:00:00,24:00:00,volume,4507.055471,AADT,Travel Model
FM-1314,MN,Ramsey,road-capacity-expansion,From Rice to Lexington Ave in Shoreview-Construct a 3rd lane,1/1/2014,1/1/2034,5/1/2020-,exurban,1.65,70758,after,INTERSTATE 694,,65.0,14.0,0.0,0.0,1.0,0.0,0.0,0.0,4.0,ramp,70758_4,2022-01-01,0:00:00,24:00:00,volume,2031.0,AADT,1,698,,0:00:00,24:00:00,volume,4507.055471,AADT,Travel Model
FM-1314,MN,Ramsey,road-capacity-expansion,From Rice to Lexington Ave in Shoreview-Construct a 3rd lane,1/1/2014,1/1/2034,5/1/2020-,exurban,1.65,70758,after,INTERSTATE 694,,65.0,14.0,0.0,0.0,1.0,0.0,0.0,0.0,4.0,ramp,70758_5,2023-01-01,0:00:00,24:00:00,volume,2068.0,AADT,1,698,,0:00:00,24:00:00,volume,4507.055471,AADT,Travel Model
FM-1314,MN,Ramsey,road-capacity-expansion,From Rice to Lexington Ave in Shoreview-Construct a 3rd lane,1/1/2014,1/1/2034,5/1/2020-,exurban,1.65,70758,after,INTERSTATE 694,,65.0,14.0,0.0,0.0,1.0,0.0,0.0,0.0,4.0,ramp,70758_6,2024-01-01,0:00:00,24:00:00,volume,2352.0,AADT,1,698,,0:00:00,24:00:00,volume,4507.055471,AADT,Travel Model
FM-1314,MN,Ramsey,road-capacity-expansion,From Rice to Lexington Ave in Shoreview-Construct a 3rd lane,1/1/2014,1/1/2034,5/1/2020-,exurban,1.65,70758,after,INTERSTATE 694,,65.0,14.0,0.0,0.0,1.0,0.0,0.0,0.0,4.0,ramp,70758_7,2025-01-01,0:00:00,24:00:00,volume,2467.0,AADT,1,698,,0:00:00,24:00:00,volume,4507.055471,AADT,Travel Model
FM-1314,MN,Ramsey,road-capacity-expansion,From Rice to Lexington Ave in Shoreview-Construct a 3rd lane,1/1/2014,1/1/2034,5/1/2020-,exurban,1.65,70759,before,INTERSTATE 694,,65.0,14.0,0.0,0.0,1.0,0.0,0.0,0.0,4.0,ramp,70759_1,2019-01-01,0:00:00,24:00:00,volume,4200.0,AADT,0,701,,0:00:00,24:00:00,volume,4811.586246,AADT,Travel Model
FM-1314,MN,Ramsey,road-capacity-expansion,From Rice to Lexington Ave in Shoreview-Construct a 3rd lane,1/1/2014,1/1/2034,5/1/2020-,exurban,1.65,70759,before,INTERSTATE 694,,65.0,14.0,0.0,0.0,1.0,0.0,0.0,0.0,4.0,ramp,70759_2,2020-01-01,0:00:00,24:00:00,volume,2350.0,AADT,0,701,,0:00:00,24:00:00,volume,4811.586246,AADT,Travel Model
FM-1314,MN,Ramsey,road-capacity-expansion,From Rice to Lexington Ave in Shoreview-Construct a 3rd lane,1/1/2014,1/1/2034,5/1/2020-,exurban,1.65,70759,after,INTERSTATE 694,,65.0,14.0,0.0,0.0,1.0,0.0,0.0,0.0,4.0,ramp,70759_3,2021-01-01,0:00:00,24:00:00,volume,2401.0,AADT,1,701,,0:00:00,24:00:00,volume,4811.586246,AADT,Travel Model
FM-1314,MN,Ramsey,road-capacity-expansion,From Rice to Lexington Ave in Shoreview-Construct a 3rd lane,1/1/2014,1/1/2034,5/1/2020-,exurban,1.65,70759,after,INTERSTATE 694,,65.0,14.0,0.0,0.0,1.0,0.0,0.0,0.0,4.0,ramp,70759_4,2022-01-01,0:00:00,24:00:00,volume,2569.0,AADT,1,701,,0:00:00,24:00:00,volume,4811.586246,AADT,Travel Model
FM-1314,MN,Ramsey,road-capacity-expansion,From Rice to Lexington Ave in Shoreview-Construct a 3rd lane,1/1/2014,1/1/2034,5/1/2020-,exurban,1.65,70759,after,INTERSTATE 694,,65.0,14.0,0.0,0.0,1.0,0.0,0.0,0.0,4.0,ramp,70759_5,2023-01-01,0:00:00,24:00:00,volume,2999.0,AADT,1,701,,0:00:00,24:00:00,volume,4811.586246,AADT,Travel Model
FM-1314,MN,Ramsey,road-capacity-expansion,From Rice to Lexington Ave in Shoreview-Construct a 3rd lane,1/1/2014,1/1/2034,5/1/2020-,exurban,1.65,70759,after,INTERSTATE 694,,65.0,14.0,0.0,0.0,1.0,0.0,0.0,0.0,4.0,ramp,70759_6,2024-01-01,0:00:00,24:00:00,volume,2778.0,AADT,1,701,,0:00:00,24:00:00,volume,4811.586246,AADT,Travel Model
FM-1314,MN,Ramsey,road-capacity-expansion,From Rice to Lexington Ave in Shoreview-Construct a 3rd lane,1/1/2014,1/1/2034,5/1/2020-,exurban,1.65,70759,after,INTERSTATE 694,,65.0,14.0,0.0,0.0,1.0,0.0,0.0,0.0,4.0,ramp,70759_7,2025-01-01,0:00:00,24:00:00,volume,2881.0,AADT,1,701,,0:00:00,24:00:00,volume,4811.586246,AADT,Travel Model
FM-1314,MN,Ramsey,road-capacity-expansion,From Rice to Lexington Ave in Shoreview-Construct a 3rd lane,1/1/2014,1/1/2034,5/1/2020-,exurban,1.65,70760,before,INTERSTATE 694,,65.0,18.0,0.0,0.0,1.0,0.0,0.0,0.0,4.0,ramp,70760_1,2019-01-01,0:00:00,24:00:00,volume,7800.0,AADT,0,703,,0:00:00,24:00:00,volume,6415.448328,AADT,Travel Model
FM-1314,MN,Ramsey,road-capacity-expansion,From Rice to Lexington Ave in Shoreview-Construct a 3rd lane,1/1/2014,1/1/2034,5/1/2020-,exurban,1.65,70760,before,INTERSTATE 694,,65.0,18.0,0.0,0.0,1.0,0.0,0.0,0.0,4.0,ramp,70760_2,2020-01-01,0:00:00,24:00:00,volume,5600.0,AADT,0,703,,0:00:00,24:00:00,volume,6415.448328,AADT,Travel Model
FM-1314,MN,Ramsey,road-capacity-expansion,From Rice to Lexington Ave in Shoreview-Construct a 3rd lane,1/1/2014,1/1/2034,5/1/2020-,exurban,1.65,70760,after,INTERSTATE 694,,65.0,12.0,0.0,0.0,1.0,0.0,0.0,0.0,4.0,ramp,70760_3,2021-01-01,0:00:00,24:00:00,volume,6322.0,AADT,1,703,,0:00:00,24:00:00,volume,6415.448328,AADT,Travel Model
FM-1314,MN,Ramsey,road-capacity-expansion,From Rice to Lexington Ave in Shoreview-Construct a 3rd lane,1/1/2014,1/1/2034,5/1/2020-,exurban,1.65,70760,after,INTERSTATE 694,,65.0,12.0,0.0,0.0,1.0,0.0,0.0,0.0,4.0,ramp,70760_4,2022-01-01,0:00:00,24:00:00,volume,6186.0,AADT,1,703,,0:00:00,24:00:00,volume,6415.448328,AADT,Travel Model
FM-1314,MN,Ramsey,road-capacity-expansion,From Rice to Lexington Ave in Shoreview-Construct a 3rd lane,1/1/2014,1/1/2034,5/1/2020-,exurban,1.65,70760,after,INTERSTATE 694,,65.0,12.0,0.0,0.0,1.0,0.0,0.0,0.0,4.0,ramp,70760_5,2023-01-01,0:00:00,24:00:00,volume,6087.0,AADT,1,703,,0:00:00,24:00:00,volume,6415.448328,AADT,Travel Model
FM-1314,MN,Ramsey,road-capacity-expansion,From Rice to Lexington Ave in Shoreview-Construct a 3rd lane,1/1/2014,1/1/2034,5/1/2020-,exurban,1.65,70760,after,INTERSTATE 694,,65.0,12.0,0.0,0.0,1.0,0.0,0.0,0.0,4.0,ramp,70760_6,2024-01-01,0:00:00,24:00:00,volume,7050.0,AADT,1,703,,0:00:00,24:00:00,volume,6415.448328,AADT,Travel Model
FM-1314,MN,Ramsey,road-capacity-expansion,From Rice to Lexington Ave in Shoreview-Construct a 3rd lane,1/1/2014,1/1/2034,5/1/2020-,exurban,1.65,70760,after,INTERSTATE 694,,65.0,12.0,0.0,0.0,1.0,0.0,0.0,0.0,4.0,ramp,70760_7,2025-01-01,0:00:00,24:00:00,volume,7086.0,AADT,1,703,,0:00:00,24:00:00,volume,6415.448328,AADT,Travel Model
FM-1314,MN,Ramsey,road-capacity-expansion,From Rice to Lexington Ave in Shoreview-Construct a 3rd lane,1/1/2014,1/1/2034,5/1/2020-,exurban,1.65,70763,before,INTERSTATE 694,,65.0,20.0,0.0,0.0,1.0,0.0,0.0,0.0,4.0,ramp,70763_1,2019-01-01,0:00:00,24:00:00,volume,6900.0,AADT,0,702,,0:00:00,24:00:00,volume,8932.902736,AADT,Travel Model
FM-1314,MN,Ramsey,road-capacity-expansion,From Rice to Lexington Ave in Shoreview-Construct a 3rd lane,1/1/2014,1/1/2034,5/1/2020-,exurban,1.65,70763,before,INTERSTATE 694,,65.0,20.0,0.0,0.0,1.0,0.0,0.0,0.0,4.0,ramp,70763_2,2020-01-01,0:00:00,24:00:00,volume,5400.0,AADT,0,702,,0:00:00,24:00:00,volume,8932.902736,AADT,Travel Model
FM-1314,MN,Ramsey,road-capacity-expansion,From Rice to Lexington Ave in Shoreview-Construct a 3rd lane,1/1/2014,1/1/2034,5/1/2020-,exurban,1.65,70763,after,INTERSTATE 694,,65.0,12.0,0.0,0.0,1.0,0.0,0.0,0.0,4.0,ramp,70763_3,2021-01-01,0:00:00,24:00:00,volume,6347.0,AADT,1,702,,0:00:00,24:00:00,volume,8932.902736,AADT,Travel Model
FM-1314,MN,Ramsey,road-capacity-expansion,From Rice to Lexington Ave in Shoreview-Construct a 3rd lane,1/1/2014,1/1/2034,5/1/2020-,exurban,1.65,70763,after,INTERSTATE 694,,65.0,12.0,0.0,0.0,1.0,0.0,0.0,0.0,4.0,ramp,70763_4,2022-01-01,0:00:00,24:00:00,volume,6036.0,AADT,1,702,,0:00:00,24:00:00,volume,8932.902736,AADT,Travel Model
FM-1314,MN,Ramsey,road-capacity-expansion,From Rice to Lexington Ave in Shoreview-Construct a 3rd lane,1/1/2014,1/1/2034,5/1/2020-,exurban,1.65,70763,after,INTERSTATE 694,,65.0,12.0,0.0,0.0,1.0,0.0,0.0,0.0,4.0,ramp,70763_5,2023-01-01,0:00:00,24:00:00,volume,5868.0,AADT,1,702,,0:00:00,24:00:00,volume,8932.902736,AADT,Travel Model
FM-1314,MN,Ramsey,road-capacity-expansion,From Rice to Lexington Ave in Shoreview-Construct a 3rd lane,1/1/2014,1/1/2034,5/1/2020-,exurban,1.65,70763,after,INTERSTATE 694,,65.0,12.0,0.0,0.0,1.0,0.0,0.0,0.0,4.0,ramp,70763_6,2024-01-01,0:00:00,24:00:00,volume,6783.0,AADT,1,702,,0:00:00,24:00:00,volume,8932.902736,AADT,Travel Model
FM-1314,MN,Ramsey,road-capacity-expansion,From Rice to Lexington Ave in Shoreview-Construct a 3rd lane,1/1/2014,1/1/2034,5/1/2020-,exurban,1.65,70763,after,INTERSTATE 694,,65.0,12.0,0.0,0.0,1.0,0.0,0.0,0.0,4.0,ramp,70763_7,2025-01-01,0:00:00,24:00:00,volume,6803.0,AADT,1,702,,0:00:00,24:00:00,volume,8932.902736,AADT,Travel Model
FM-1315,MN,Hennepin,road-capacity-expansion,I-494 pavement rehabilitation and dynamic shoulder lane,1/1/2016,1/1/2036,4/1/2020,exurban,8.17,10345,before,INTERSTATE 494,,65,12,0,0,6,0,0,0,10,freeway,10345_1,2016-01-01,0:00:00,24:00:00,volume,94000.0,AADT,0,672,,0:00:00,24:00:00,volume,103749.4041,AADT,Professional Judgement
FM-1315,MN,Hennepin,road-capacity-expansion,I-494 pavement rehabilitation and dynamic shoulder lane,1/1/2016,1/1/2036,4/1/2020,exurban,8.17,10345,before,INTERSTATE 494,,65,12,0,0,6,0,0,0,10,freeway,10345_2,2017-01-01,0:00:00,24:00:00,volume,95645.0,AADT,0,672,,0:00:00,24:00:00,volume,103749.4041,AADT,Professional Judgement
FM-1315,MN,Hennepin,road-capacity-expansion,I-494 pavement rehabilitation and dynamic shoulder lane,1/1/2016,1/1/2036,4/1/2020,exurban,8.17,10345,before,INTERSTATE 494,,65,12,0,0,6,0,0,0,10,freeway,10345_3,2018-01-01,0:00:00,24:00:00,volume,109000.0,AADT,0,672,,0:00:00,24:00:00,volume,103749.4041,AADT,Professional Judgement
FM-1315,MN,Hennepin,road-capacity-expansion,I-494 pavement rehabilitation and dynamic shoulder lane,1/1/2016,1/1/2036,4/1/2020,exurban,8.17,10345,before,INTERSTATE 494,,65,12,0,0,6,0,0,0,10,freeway,10345_4,2019-01-01,0:00:00,24:00:00,volume,109000.0,AADT,0,672,,0:00:00,24:00:00,volume,103749.4041,AADT,Professional Judgement
FM-1315,MN,Hennepin,road-capacity-expansion,I-494 pavement rehabilitation and dynamic shoulder lane,1/1/2016,1/1/2036,4/1/2020,exurban,8.17,10345,before,INTERSTATE 494,,65,12,0,0,6,0,0,0,10,freeway,10345_5,2020-01-01,0:00:00,24:00:00,volume,83000.0,AADT,0,672,,0:00:00,24:00:00,volume,103749.4041,AADT,Professional Judgement
FM-1315,MN,Hennepin,road-capacity-expansion,I-494 pavement rehabilitation and dynamic shoulder lane,1/1/2016,1/1/2036,4/1/2020,exurban,8.17,10345,after,INTERSTATE 494,,65,12,0,0,7,0,0,0,10,freeway,10345_6,2021-01-01,0:00:00,24:00:00,volume,104937.0,AADT,1,672,,0:00:00,24:00:00,volume,103749.4041,AADT,Professional Judgement
FM-1315,MN,Hennepin,road-capacity-expansion,I-494 pavement rehabilitation and dynamic shoulder lane,1/1/2016,1/1/2036,4/1/2020,exurban,8.17,10345,after,INTERSTATE 494,,65,12,0,0,7,0,0,0,10,freeway,10345_7,2022-01-01,0:00:00,24:00:00,volume,107920.0,AADT,1,672,,0:00:00,24:00:00,volume,103749.4041,AADT,Professional Judgement
FM-1315,MN,Hennepin,road-capacity-expansion,I-494 pavement rehabilitation and dynamic shoulder lane,1/1/2016,1/1/2036,4/1/2020,exurban,8.17,10345,after,INTERSTATE 494,,65,12,0,0,7,0,0,0,10,freeway,10345_8,2023-01-01,0:00:00,24:00:00,volume,106396.0,AADT,1,672,,0:00:00,24:00:00,volume,103749.4041,AADT,Professional Judgement
FM-1315,MN,Hennepin,road-capacity-expansion,I-494 pavement rehabilitation and dynamic shoulder lane,1/1/2016,1/1/2036,4/1/2020,exurban,8.17,10345,after,INTERSTATE 494,,65,12,0,0,7,0,0,0,10,freeway,10345_9,2024-01-01,0:00:00,24:00:00,volume,110054.0,AADT,1,672,,0:00:00,24:00:00,volume,103749.4041,AADT,Professional Judgement
FM-1315,MN,Hennepin,road-capacity-expansion,I-494 pavement rehabilitation and dynamic shoulder lane,1/1/2016,1/1/2036,4/1/2020,exurban,8.17,10345,after,INTERSTATE 494,,65,12,0,0,7,0,0,0,10,freeway,10345_10,2025-01-01,0:00:00,24:00:00,volume,107869.0,AADT,1,672,,0:00:00,24:00:00,volume,103749.4041,AADT,Professional Judgement
FM-1315,MN,Hennepin,road-capacity-expansion,I-494 pavement rehabilitation and dynamic shoulder lane,1/1/2016,1/1/2036,4/1/2020,exurban,8.17,10353,before,INTERSTATE 494,,65,12,0,0,4,0,0,0,10,freeway,10353_1,2016-01-01,0:00:00,24:00:00,volume,62000.0,AADT,0,669,,0:00:00,24:00:00,volume,93932.67769,AADT,Travel Model
FM-1315,MN,Hennepin,road-capacity-expansion,I-494 pavement rehabilitation and dynamic shoulder lane,1/1/2016,1/1/2036,4/1/2020,exurban,8.17,10353,before,INTERSTATE 494,,65,12,0,0,4,0,0,0,10,freeway,10353_2,2017-01-01,0:00:00,24:00:00,volume,63085.0,AADT,0,669,,0:00:00,24:00:00,volume,93932.67769,AADT,Travel Model
FM-1315,MN,Hennepin,road-capacity-expansion,I-494 pavement rehabilitation and dynamic shoulder lane,1/1/2016,1/1/2036,4/1/2020,exurban,8.17,10353,before,INTERSTATE 494,,65,12,0,0,4,0,0,0,10,freeway,10353_3,2018-01-01,0:00:00,24:00:00,volume,71000.0,AADT,0,669,,0:00:00,24:00:00,volume,93932.67769,AADT,Travel Model
FM-1315,MN,Hennepin,road-capacity-expansion,I-494 pavement rehabilitation and dynamic shoulder lane,1/1/2016,1/1/2036,4/1/2020,exurban,8.17,10353,before,INTERSTATE 494,,65,12,0,0,4,0,0,0,10,freeway,10353_4,2019-01-01,0:00:00,24:00:00,volume,71000.0,AADT,0,669,,0:00:00,24:00:00,volume,93932.67769,AADT,Travel Model
FM-1315,MN,Hennepin,road-capacity-expansion,I-494 pavement rehabilitation and dynamic shoulder lane,1/1/2016,1/1/2036,4/1/2020,exurban,8.17,10353,before,INTERSTATE 494,,65,12,0,0,4,0,0,0,10,freeway,10353_5,2020-01-01,0:00:00,24:00:00,volume,75000.0,AADT,0,669,,0:00:00,24:00:00,volume,93932.67769,AADT,Travel Model
FM-1315,MN,Hennepin,road-capacity-expansion,I-494 pavement rehabilitation and dynamic shoulder lane,1/1/2016,1/1/2036,4/1/2020,exurban,8.17,10353,after,INTERSTATE 494,,65,12,0,0,6,0,0,0,10,freeway,10353_6,2021-01-01,0:00:00,24:00:00,volume,85819.0,AADT,1,669,,0:00:00,24:00:00,volume,93932.67769,AADT,Travel Model
FM-1315,MN,Hennepin,road-capacity-expansion,I-494 pavement rehabilitation and dynamic shoulder lane,1/1/2016,1/1/2036,4/1/2020,exurban,8.17,10353,after,INTERSTATE 494,,65,12,0,0,6,0,0,0,10,freeway,10353_7,2022-01-01,0:00:00,24:00:00,volume,89855.0,AADT,1,669,,0:00:00,24:00:00,volume,93932.67769,AADT,Travel Model
FM-1315,MN,Hennepin,road-capacity-expansion,I-494 pavement rehabilitation and dynamic shoulder lane,1/1/2016,1/1/2036,4/1/2020,exurban,8.17,10353,after,INTERSTATE 494,,65,12,0,0,6,0,0,0,10,freeway,10353_8,2023-01-01,0:00:00,24:00:00,volume,91790.0,AADT,1,669,,0:00:00,24:00:00,volume,93932.67769,AADT,Travel Model
FM-1315,MN,Hennepin,road-capacity-expansion,I-494 pavement rehabilitation and dynamic shoulder lane,1/1/2016,1/1/2036,4/1/2020,exurban,8.17,10353,after,INTERSTATE 494,,65,12,0,0,6,0,0,0,10,freeway,10353_9,2024-01-01,0:00:00,24:00:00,volume,96539.0,AADT,1,669,,0:00:00,24:00:00,volume,93932.67769,AADT,Travel Model
FM-1315,MN,Hennepin,road-capacity-expansion,I-494 pavement rehabilitation and dynamic shoulder lane,1/1/2016,1/1/2036,4/1/2020,exurban,8.17,10353,after,INTERSTATE 494,,65,12,0,0,6,0,0,0,10,freeway,10353_10,2025-01-01,0:00:00,24:00:00,volume,93204.0,AADT,1,669,,0:00:00,24:00:00,volume,93932.67769,AADT,Travel Model
FM-1315,MN,Hennepin,road-capacity-expansion,I-494 pavement rehabilitation and dynamic shoulder lane,1/1/2016,1/1/2036,4/1/2020,exurban,8.17,10390,before,INTERSTATE 494,,65,12,0,0,4,0,0,0,10,freeway,10390_1,2016-01-01,0:00:00,24:00:00,volume,58000.0,AADT,0,668,,0:00:00,24:00:00,volume,93763.09113,AADT,Travel Model
FM-1315,MN,Hennepin,road-capacity-expansion,I-494 pavement rehabilitation and dynamic shoulder lane,1/1/2016,1/1/2036,4/1/2020,exurban,8.17,10390,before,INTERSTATE 494,,65,12,0,0,4,0,0,0,10,freeway,10390_2,2017-01-01,0:00:00,24:00:00,volume,59015.0,AADT,0,668,,0:00:00,24:00:00,volume,93763.09113,AADT,Travel Model
FM-1315,MN,Hennepin,road-capacity-expansion,I-494 pavement rehabilitation and dynamic shoulder lane,1/1/2016,1/1/2036,4/1/2020,exurban,8.17,10390,before,INTERSTATE 494,,65,12,0,0,4,0,0,0,10,freeway,10390_3,2018-01-01,0:00:00,24:00:00,volume,68000.0,AADT,0,668,,0:00:00,24:00:00,volume,93763.09113,AADT,Travel Model
FM-1315,MN,Hennepin,road-capacity-expansion,I-494 pavement rehabilitation and dynamic shoulder lane,1/1/2016,1/1/2036,4/1/2020,exurban,8.17,10390,before,INTERSTATE 494,,65,12,0,0,4,0,0,0,10,freeway,10390_4,2019-01-01,0:00:00,24:00:00,volume,66000.0,AADT,0,668,,0:00:00,24:00:00,volume,93763.09113,AADT,Travel Model
FM-1315,MN,Hennepin,road-capacity-expansion,I-494 pavement rehabilitation and dynamic shoulder lane,1/1/2016,1/1/2036,4/1/2020,exurban,8.17,10390,before,INTERSTATE 494,,65,12,0,0,4,0,0,0,10,freeway,10390_5,2020-01-01,0:00:00,24:00:00,volume,70191.0,AADT,0,668,,0:00:00,24:00:00,volume,93763.09113,AADT,Travel Model
FM-1315,MN,Hennepin,road-capacity-expansion,I-494 pavement rehabilitation and dynamic shoulder lane,1/1/2016,1/1/2036,4/1/2020,exurban,8.17,10390,after,INTERSTATE 494,,65,12,0,0,6,0,0,0,10,freeway,10390_6,2021-01-01,0:00:00,24:00:00,volume,78423.0,AADT,1,668,,0:00:00,24:00:00,volume,93763.09113,AADT,Travel Model
FM-1315,MN,Hennepin,road-capacity-expansion,I-494 pavement rehabilitation and dynamic shoulder lane,1/1/2016,1/1/2036,4/1/2020,exurban,8.17,10390,after,INTERSTATE 494,,65,12,0,0,6,0,0,0,10,freeway,10390_7,2022-01-01,0:00:00,24:00:00,volume,81644.0,AADT,1,668,,0:00:00,24:00:00,volume,93763.09113,AADT,Travel Model
FM-1315,MN,Hennepin,road-capacity-expansion,I-494 pavement rehabilitation and dynamic shoulder lane,1/1/2016,1/1/2036,4/1/2020,exurban,8.17,10390,after,INTERSTATE 494,,65,12,0,0,6,0,0,0,10,freeway,10390_8,2023-01-01,0:00:00,24:00:00,volume,86626.0,AADT,1,668,,0:00:00,24:00:00,volume,93763.09113,AADT,Travel Model
FM-1315,MN,Hennepin,road-capacity-expansion,I-494 pavement rehabilitation and dynamic shoulder lane,1/1/2016,1/1/2036,4/1/2020,exurban,8.17,10390,after,INTERSTATE 494,,65,12,0,0,6,0,0,0,10,freeway,10390_9,2024-01-01,0:00:00,24:00:00,volume,88143.0,AADT,1,668,,0:00:00,24:00:00,volume,93763.09113,AADT,Travel Model
FM-1315,MN,Hennepin,road-capacity-expansion,I-494 pavement rehabilitation and dynamic shoulder lane,1/1/2016,1/1/2036,4/1/2020,exurban,8.17,10390,after,INTERSTATE 494,,65,12,0,0,6,0,0,0,10,freeway,10390_10,2025-01-01,0:00:00,24:00:00,volume,87446.0,AADT,1,668,,0:00:00,24:00:00,volume,93763.09113,AADT,Travel Model
FM-1315,MN,Hennepin,road-capacity-expansion,I-494 pavement rehabilitation and dynamic shoulder lane,1/1/2016,1/1/2036,4/1/2020,exurban,8.17,11517,before,INTERSTATE 494,,65,12,0,0,4,0,0,0,10,freeway,11517_1,2016-01-01,0:00:00,24:00:00,volume,109296.0,AADT,0,671,,0:00:00,24:00:00,volume,120843.1205,AADT,Travel Model
FM-1315,MN,Hennepin,road-capacity-expansion,I-494 pavement rehabilitation and dynamic shoulder lane,1/1/2016,1/1/2036,4/1/2020,exurban,8.17,11517,before,INTERSTATE 494,,65,12,0,0,4,0,0,0,10,freeway,11517_2,2017-01-01,0:00:00,24:00:00,volume,111209.0,AADT,0,671,,0:00:00,24:00:00,volume,120843.1205,AADT,Travel Model
FM-1315,MN,Hennepin,road-capacity-expansion,I-494 pavement rehabilitation and dynamic shoulder lane,1/1/2016,1/1/2036,4/1/2020,exurban,8.17,11517,before,INTERSTATE 494,,65,12,0,0,4,0,0,0,10,freeway,11517_3,2018-01-01,0:00:00,24:00:00,volume,111643.0,AADT,0,671,,0:00:00,24:00:00,volume,120843.1205,AADT,Travel Model
FM-1315,MN,Hennepin,road-capacity-expansion,I-494 pavement rehabilitation and dynamic shoulder lane,1/1/2016,1/1/2036,4/1/2020,exurban,8.17,11517,before,INTERSTATE 494,,65,12,0,0,4,0,0,0,10,freeway,11517_4,2019-01-01,0:00:00,24:00:00,volume,111866.0,AADT,0,671,,0:00:00,24:00:00,volume,120843.1205,AADT,Travel Model
FM-1315,MN,Hennepin,road-capacity-expansion,I-494 pavement rehabilitation and dynamic shoulder lane,1/1/2016,1/1/2036,4/1/2020,exurban,8.17,11517,before,INTERSTATE 494,,65,12,0,0,4,0,0,0,10,freeway,11517_5,2020-01-01,0:00:00,24:00:00,volume,77587.0,AADT,0,671,,0:00:00,24:00:00,volume,120843.1205,AADT,Travel Model
FM-1315,MN,Hennepin,road-capacity-expansion,I-494 pavement rehabilitation and dynamic shoulder lane,1/1/2016,1/1/2036,4/1/2020,exurban,8.17,11517,after,INTERSTATE 494,,65,12,0,0,6,0,0,0,10,freeway,11517_6,2021-01-01,0:00:00,24:00:00,volume,89768.0,AADT,1,671,,0:00:00,24:00:00,volume,120843.1205,AADT,Travel Model
FM-1315,MN,Hennepin,road-capacity-expansion,I-494 pavement rehabilitation and dynamic shoulder lane,1/1/2016,1/1/2036,4/1/2020,exurban,8.17,11517,after,INTERSTATE 494,,65,12,0,0,6,0,0,0,10,freeway,11517_7,2022-01-01,0:00:00,24:00:00,volume,92939.0,AADT,1,671,,0:00:00,24:00:00,volume,120843.1205,AADT,Travel Model
FM-1315,MN,Hennepin,road-capacity-expansion,I-494 pavement rehabilitation and dynamic shoulder lane,1/1/2016,1/1/2036,4/1/2020,exurban,8.17,11517,after,INTERSTATE 494,,65,12,0,0,6,0,0,0,10,freeway,11517_8,2023-01-01,0:00:00,24:00:00,volume,97691.0,AADT,1,671,,0:00:00,24:00:00,volume,120843.1205,AADT,Travel Model
FM-1315,MN,Hennepin,road-capacity-expansion,I-494 pavement rehabilitation and dynamic shoulder lane,1/1/2016,1/1/2036,4/1/2020,exurban,8.17,11517,after,INTERSTATE 494,,65,12,0,0,6,0,0,0,10,freeway,11517_9,2024-01-01,0:00:00,24:00:00,volume,100637.0,AADT,1,671,,0:00:00,24:00:00,volume,120843.1205,AADT,Travel Model
FM-1315,MN,Hennepin,road-capacity-expansion,I-494 pavement rehabilitation and dynamic shoulder lane,1/1/2016,1/1/2036,4/1/2020,exurban,8.17,11517,after,INTERSTATE 494,,65,12,0,0,6,0,0,0,10,freeway,11517_10,2025-01-01,0:00:00,24:00:00,volume,102670.0,AADT,1,671,,0:00:00,24:00:00,volume,120843.1205,AADT,Travel Model
FM-1315,MN,Hennepin,road-capacity-expansion,I-494 pavement rehabilitation and dynamic shoulder lane,1/1/2016,1/1/2036,4/1/2020,exurban,8.17,11518,before,INTERSTATE 494,,65,12,0,0,4,0,0,0,10,freeway,11518_1,2016-01-01,0:00:00,24:00:00,volume,73000.0,AADT,0,670,,0:00:00,24:00:00,volume,105441.2078,AADT,Travel Model
FM-1315,MN,Hennepin,road-capacity-expansion,I-494 pavement rehabilitation and dynamic shoulder lane,1/1/2016,1/1/2036,4/1/2020,exurban,8.17,11518,before,INTERSTATE 494,,65,12,0,0,4,0,0,0,10,freeway,11518_2,2017-01-01,0:00:00,24:00:00,volume,74278.0,AADT,0,670,,0:00:00,24:00:00,volume,105441.2078,AADT,Travel Model
FM-1315,MN,Hennepin,road-capacity-expansion,I-494 pavement rehabilitation and dynamic shoulder lane,1/1/2016,1/1/2036,4/1/2020,exurban,8.17,11518,before,INTERSTATE 494,,65,12,0,0,4,0,0,0,10,freeway,11518_3,2018-01-01,0:00:00,24:00:00,volume,83000.0,AADT,0,670,,0:00:00,24:00:00,volume,105441.2078,AADT,Travel Model
FM-1315,MN,Hennepin,road-capacity-expansion,I-494 pavement rehabilitation and dynamic shoulder lane,1/1/2016,1/1/2036,4/1/2020,exurban,8.17,11518,before,INTERSTATE 494,,65,12,0,0,4,0,0,0,10,freeway,11518_4,2019-01-01,0:00:00,24:00:00,volume,90000.0,AADT,0,670,,0:00:00,24:00:00,volume,105441.2078,AADT,Travel Model
FM-1315,MN,Hennepin,road-capacity-expansion,I-494 pavement rehabilitation and dynamic shoulder lane,1/1/2016,1/1/2036,4/1/2020,exurban,8.17,11518,before,INTERSTATE 494,,65,12,0,0,4,0,0,0,10,freeway,11518_5,2020-01-01,0:00:00,24:00:00,volume,81000.0,AADT,0,670,,0:00:00,24:00:00,volume,105441.2078,AADT,Travel Model
FM-1315,MN,Hennepin,road-capacity-expansion,I-494 pavement rehabilitation and dynamic shoulder lane,1/1/2016,1/1/2036,4/1/2020,exurban,8.17,11518,after,INTERSTATE 494,,65,12,0,0,6,0,0,0,10,freeway,11518_6,2021-01-01,0:00:00,24:00:00,volume,91694.0,AADT,1,670,,0:00:00,24:00:00,volume,105441.2078,AADT,Travel Model
FM-1315,MN,Hennepin,road-capacity-expansion,I-494 pavement rehabilitation and dynamic shoulder lane,1/1/2016,1/1/2036,4/1/2020,exurban,8.17,11518,after,INTERSTATE 494,,65,12,0,0,6,0,0,0,10,freeway,11518_7,2022-01-01,0:00:00,24:00:00,volume,95752.0,AADT,1,670,,0:00:00,24:00:00,volume,105441.2078,AADT,Travel Model
FM-1315,MN,Hennepin,road-capacity-expansion,I-494 pavement rehabilitation and dynamic shoulder lane,1/1/2016,1/1/2036,4/1/2020,exurban,8.17,11518,after,INTERSTATE 494,,65,12,0,0,6,0,0,0,10,freeway,11518_8,2023-01-01,0:00:00,24:00:00,volume,101490.0,AADT,1,670,,0:00:00,24:00:00,volume,105441.2078,AADT,Travel Model
FM-1315,MN,Hennepin,road-capacity-expansion,I-494 pavement rehabilitation and dynamic shoulder lane,1/1/2016,1/1/2036,4/1/2020,exurban,8.17,11518,after,INTERSTATE 494,,65,12,0,0,6,0,0,0,10,freeway,11518_9,2024-01-01,0:00:00,24:00:00,volume,108153.0,AADT,1,670,,0:00:00,24:00:00,volume,105441.2078,AADT,Travel Model
FM-1315,MN,Hennepin,road-capacity-expansion,I-494 pavement rehabilitation and dynamic shoulder lane,1/1/2016,1/1/2036,4/1/2020,exurban,8.17,11518,after,INTERSTATE 494,,65,12,0,0,6,0,0,0,10,freeway,11518_10,2025-01-01,0:00:00,24:00:00,volume,104997.0,AADT,1,670,,0:00:00,24:00:00,volume,105441.2078,AADT,Travel Model
FM-1315,MN,Hennepin,road-capacity-expansion,I-494 pavement rehabilitation and dynamic shoulder lane,1/1/2016,1/1/2036,4/1/2020,exurban,8.17,72766,before,INTERSTATE 494,,65,12,0,0,1,0,0,0,10,ramp,72766_1,2020-01-01,0:00:00,24:00:00,volume,5900.0,AADT,0,661,,0:00:00,24:00:00,volume,8651.961231,AADT,Travel Model
FM-1315,MN,Hennepin,road-capacity-expansion,I-494 pavement rehabilitation and dynamic shoulder lane,1/1/2016,1/1/2036,4/1/2020,exurban,8.17,72766,after,INTERSTATE 494,,65,12,0,0,2,0,0,0,10,ramp,72766_2,2021-01-01,0:00:00,24:00:00,volume,7131.0,AADT,1,661,,0:00:00,24:00:00,volume,8651.961231,AADT,Travel Model
FM-1315,MN,Hennepin,road-capacity-expansion,I-494 pavement rehabilitation and dynamic shoulder lane,1/1/2016,1/1/2036,4/1/2020,exurban,8.17,72766,after,INTERSTATE 494,,65,12,0,0,2,0,0,0,10,ramp,72766_3,2022-01-01,0:00:00,24:00:00,volume,7779.0,AADT,1,661,,0:00:00,24:00:00,volume,8651.961231,AADT,Travel Model
FM-1315,MN,Hennepin,road-capacity-expansion,I-494 pavement rehabilitation and dynamic shoulder lane,1/1/2016,1/1/2036,4/1/2020,exurban,8.17,72766,after,INTERSTATE 494,,65,12,0,0,2,0,0,0,10,ramp,72766_4,2023-01-01,0:00:00,24:00:00,volume,8021.0,AADT,1,661,,0:00:00,24:00:00,volume,8651.961231,AADT,Travel Model
FM-1315,MN,Hennepin,road-capacity-expansion,I-494 pavement rehabilitation and dynamic shoulder lane,1/1/2016,1/1/2036,4/1/2020,exurban,8.17,72766,after,INTERSTATE 494,,65,12,0,0,2,0,0,0,10,ramp,72766_5,2024-01-01,0:00:00,24:00:00,volume,9079.0,AADT,1,661,,0:00:00,24:00:00,volume,8651.961231,AADT,Travel Model
FM-1315,MN,Hennepin,road-capacity-expansion,I-494 pavement rehabilitation and dynamic shoulder lane,1/1/2016,1/1/2036,4/1/2020,exurban,8.17,72766,after,INTERSTATE 494,,65,12,0,0,2,0,0,0,10,ramp,72766_6,2025-01-01,0:00:00,24:00:00,volume,8658.0,AADT,1,661,,0:00:00,24:00:00,volume,8651.961231,AADT,Travel Model
FM-1315,MN,Hennepin,road-capacity-expansion,I-494 pavement rehabilitation and dynamic shoulder lane,1/1/2016,1/1/2036,4/1/2020,exurban,8.17,73029,before,INTERSTATE 494,,65,12,0,0,2,0,0,0,10,freeway,73029_1,2020-01-01,0:00:00,24:00:00,volume,25200.0,AADT,0,657,,0:00:00,24:00:00,volume,27228.0368,AADT,Travel Model
FM-1315,MN,Hennepin,road-capacity-expansion,I-494 pavement rehabilitation and dynamic shoulder lane,1/1/2016,1/1/2036,4/1/2020,exurban,8.17,73029,after,INTERSTATE 494,,65,12,0,0,2,0,0,0,10,freeway,73029_2,2021-01-01,0:00:00,24:00:00,volume,21336.0,AADT,1,657,,0:00:00,24:00:00,volume,27228.0368,AADT,Travel Model
FM-1315,MN,Hennepin,road-capacity-expansion,I-494 pavement rehabilitation and dynamic shoulder lane,1/1/2016,1/1/2036,4/1/2020,exurban,8.17,73029,after,INTERSTATE 494,,65,12,0,0,2,0,0,0,10,freeway,73029_3,2022-01-01,0:00:00,24:00:00,volume,23711.0,AADT,1,657,,0:00:00,24:00:00,volume,27228.0368,AADT,Travel Model
FM-1315,MN,Hennepin,road-capacity-expansion,I-494 pavement rehabilitation and dynamic shoulder lane,1/1/2016,1/1/2036,4/1/2020,exurban,8.17,73029,after,INTERSTATE 494,,65,12,0,0,2,0,0,0,10,freeway,73029_4,2023-01-01,0:00:00,24:00:00,volume,25098.0,AADT,1,657,,0:00:00,24:00:00,volume,27228.0368,AADT,Travel Model
FM-1315,MN,Hennepin,road-capacity-expansion,I-494 pavement rehabilitation and dynamic shoulder lane,1/1/2016,1/1/2036,4/1/2020,exurban,8.17,73029,after,INTERSTATE 494,,65,12,0,0,2,0,0,0,10,freeway,73029_5,2024-01-01,0:00:00,24:00:00,volume,25618.0,AADT,1,657,,0:00:00,24:00:00,volume,27228.0368,AADT,Travel Model
FM-1315,MN,Hennepin,road-capacity-expansion,I-494 pavement rehabilitation and dynamic shoulder lane,1/1/2016,1/1/2036,4/1/2020,exurban,8.17,73029,after,INTERSTATE 494,,65,12,0,0,2,0,0,0,10,freeway,73029_6,2025-01-01,0:00:00,24:00:00,volume,25583.0,AADT,1,657,,0:00:00,24:00:00,volume,27228.0368,AADT,Travel Model
FM-1315,MN,Hennepin,road-capacity-expansion,I-494 pavement rehabilitation and dynamic shoulder lane,1/1/2016,1/1/2036,4/1/2020,exurban,8.17,73321,before,INTERSTATE 494,,65,12,0,0,3,0,0,1,10,ramp,73321_1,2020-01-01,0:00:00,24:00:00,volume,5100.0,AADT,0,662,,0:00:00,24:00:00,volume,7738.021665,AADT,Travel Model
FM-1315,MN,Hennepin,road-capacity-expansion,I-494 pavement rehabilitation and dynamic shoulder lane,1/1/2016,1/1/2036,4/1/2020,exurban,8.17,73321,after,INTERSTATE 494,,65,12,0,0,3,0,0,1,10,ramp,73321_2,2021-01-01,0:00:00,24:00:00,volume,5432.0,AADT,1,662,,0:00:00,24:00:00,volume,7738.021665,AADT,Travel Model
FM-1315,MN,Hennepin,road-capacity-expansion,I-494 pavement rehabilitation and dynamic shoulder lane,1/1/2016,1/1/2036,4/1/2020,exurban,8.17,73321,after,INTERSTATE 494,,65,12,0,0,3,0,0,1,10,ramp,73321_3,2022-01-01,0:00:00,24:00:00,volume,5645.0,AADT,1,662,,0:00:00,24:00:00,volume,7738.021665,AADT,Travel Model
FM-1315,MN,Hennepin,road-capacity-expansion,I-494 pavement rehabilitation and dynamic shoulder lane,1/1/2016,1/1/2036,4/1/2020,exurban,8.17,73321,after,INTERSTATE 494,,65,12,0,0,3,0,0,1,10,ramp,73321_4,2023-01-01,0:00:00,24:00:00,volume,5595.0,AADT,1,662,,0:00:00,24:00:00,volume,7738.021665,AADT,Travel Model
FM-1315,MN,Hennepin,road-capacity-expansion,I-494 pavement rehabilitation and dynamic shoulder lane,1/1/2016,1/1/2036,4/1/2020,exurban,8.17,73321,after,INTERSTATE 494,,65,12,0,0,3,0,0,1,10,ramp,73321_5,2024-01-01,0:00:00,24:00:00,volume,5119.0,AADT,1,662,,0:00:00,24:00:00,volume,7738.021665,AADT,Travel Model
FM-1315,MN,Hennepin,road-capacity-expansion,I-494 pavement rehabilitation and dynamic shoulder lane,1/1/2016,1/1/2036,4/1/2020,exurban,8.17,73321,after,INTERSTATE 494,,65,12,0,0,3,0,0,1,10,ramp,73321_6,2025-01-01,0:00:00,24:00:00,volume,5273.0,AADT,1,662,,0:00:00,24:00:00,volume,7738.021665,AADT,Travel Model
FM-1315,MN,Hennepin,road-capacity-expansion,I-494 pavement rehabilitation and dynamic shoulder lane,1/1/2016,1/1/2036,4/1/2020,exurban,8.17,73918,before,INTERSTATE 494,,65,12,0,0,1,0,0,0,10,ramp,73918_1,2020-01-01,0:00:00,24:00:00,volume,5700.0,AADT,0,665,,0:00:00,24:00:00,volume,7656.782592,AADT,Travel Model
FM-1315,MN,Hennepin,road-capacity-expansion,I-494 pavement rehabilitation and dynamic shoulder lane,1/1/2016,1/1/2036,4/1/2020,exurban,8.17,73918,after,INTERSTATE 494,,65,12,0,0,1,0,0,0,10,ramp,73918_2,2021-01-01,0:00:00,24:00:00,volume,5609.0,AADT,1,665,,0:00:00,24:00:00,volume,7656.782592,AADT,Travel Model
FM-1315,MN,Hennepin,road-capacity-expansion,I-494 pavement rehabilitation and dynamic shoulder lane,1/1/2016,1/1/2036,4/1/2020,exurban,8.17,73918,after,INTERSTATE 494,,65,12,0,0,1,0,0,0,10,ramp,73918_3,2022-01-01,0:00:00,24:00:00,volume,5565.0,AADT,1,665,,0:00:00,24:00:00,volume,7656.782592,AADT,Travel Model
FM-1315,MN,Hennepin,road-capacity-expansion,I-494 pavement rehabilitation and dynamic shoulder lane,1/1/2016,1/1/2036,4/1/2020,exurban,8.17,73918,after,INTERSTATE 494,,65,12,0,0,1,0,0,0,10,ramp,73918_4,2023-01-01,0:00:00,24:00:00,volume,5665.0,AADT,1,665,,0:00:00,24:00:00,volume,7656.782592,AADT,Travel Model
FM-1315,MN,Hennepin,road-capacity-expansion,I-494 pavement rehabilitation and dynamic shoulder lane,1/1/2016,1/1/2036,4/1/2020,exurban,8.17,73918,after,INTERSTATE 494,,65,12,0,0,1,0,0,0,10,ramp,73918_5,2024-01-01,0:00:00,24:00:00,volume,5761.0,AADT,1,665,,0:00:00,24:00:00,volume,7656.782592,AADT,Travel Model
FM-1315,MN,Hennepin,road-capacity-expansion,I-494 pavement rehabilitation and dynamic shoulder lane,1/1/2016,1/1/2036,4/1/2020,exurban,8.17,73918,after,INTERSTATE 494,,65,12,0,0,1,0,0,0,10,ramp,73918_6,2025-01-01,0:00:00,24:00:00,volume,8697.0,AADT,1,665,,0:00:00,24:00:00,volume,7656.782592,AADT,Travel Model
FM-1315,MN,Hennepin,road-capacity-expansion,I-494 pavement rehabilitation and dynamic shoulder lane,1/1/2016,1/1/2036,4/1/2020,exurban,8.17,73919,before,INTERSTATE 494,,65,12,0,0,0,2,1,0,10,ramp,73919_1,2020-01-01,0:00:00,24:00:00,volume,4850.0,AADT,0,664,,0:00:00,24:00:00,volume,3781.069536,AADT,Travel Model
FM-1315,MN,Hennepin,road-capacity-expansion,I-494 pavement rehabilitation and dynamic shoulder lane,1/1/2016,1/1/2036,4/1/2020,exurban,8.17,73919,after,INTERSTATE 494,,65,12,0,0,0,2,1,0,10,ramp,73919_2,2021-01-01,0:00:00,24:00:00,volume,5379.0,AADT,1,664,,0:00:00,24:00:00,volume,3781.069536,AADT,Travel Model
FM-1315,MN,Hennepin,road-capacity-expansion,I-494 pavement rehabilitation and dynamic shoulder lane,1/1/2016,1/1/2036,4/1/2020,exurban,8.17,73919,after,INTERSTATE 494,,65,12,0,0,0,2,1,0,10,ramp,73919_3,2022-01-01,0:00:00,24:00:00,volume,3774.0,AADT,1,664,,0:00:00,24:00:00,volume,3781.069536,AADT,Travel Model
FM-1315,MN,Hennepin,road-capacity-expansion,I-494 pavement rehabilitation and dynamic shoulder lane,1/1/2016,1/1/2036,4/1/2020,exurban,8.17,73919,after,INTERSTATE 494,,65,12,0,0,0,2,1,0,10,ramp,73919_4,2023-01-01,0:00:00,24:00:00,volume,3915.0,AADT,1,664,,0:00:00,24:00:00,volume,3781.069536,AADT,Travel Model
FM-1315,MN,Hennepin,road-capacity-expansion,I-494 pavement rehabilitation and dynamic shoulder lane,1/1/2016,1/1/2036,4/1/2020,exurban,8.17,73919,after,INTERSTATE 494,,65,12,0,0,0,2,1,0,10,ramp,73919_5,2024-01-01,0:00:00,24:00:00,volume,4356.0,AADT,1,664,,0:00:00,24:00:00,volume,3781.069536,AADT,Travel Model
FM-1315,MN,Hennepin,road-capacity-expansion,I-494 pavement rehabilitation and dynamic shoulder lane,1/1/2016,1/1/2036,4/1/2020,exurban,8.17,73919,after,INTERSTATE 494,,65,12,0,0,0,2,1,0,10,ramp,73919_6,2025-01-01,0:00:00,24:00:00,volume,4098.0,AADT,1,664,,0:00:00,24:00:00,volume,3781.069536,AADT,Travel Model
FM-1315,MN,Hennepin,road-capacity-expansion,I-494 pavement rehabilitation and dynamic shoulder lane,1/1/2016,1/1/2036,4/1/2020,exurban,8.17,73921,before,INTERSTATE 494,,65,12,0,0,0,2,1,0,10,ramp,73921_1,2020-01-01,0:00:00,24:00:00,volume,5600.0,AADT,0,648,,0:00:00,24:00:00,volume,3621.637856,AADT,Travel Model
FM-1315,MN,Hennepin,road-capacity-expansion,I-494 pavement rehabilitation and dynamic shoulder lane,1/1/2016,1/1/2036,4/1/2020,exurban,8.17,73921,after,INTERSTATE 494,,65,12,0,0,0,2,1,0,10,ramp,73921_2,2021-01-01,0:00:00,24:00:00,volume,6047.0,AADT,1,648,,0:00:00,24:00:00,volume,3621.637856,AADT,Travel Model
FM-1315,MN,Hennepin,road-capacity-expansion,I-494 pavement rehabilitation and dynamic shoulder lane,1/1/2016,1/1/2036,4/1/2020,exurban,8.17,73921,after,INTERSTATE 494,,65,12,0,0,0,2,1,0,10,ramp,73921_3,2022-01-01,0:00:00,24:00:00,volume,6193.0,AADT,1,648,,0:00:00,24:00:00,volume,3621.637856,AADT,Travel Model
FM-1315,MN,Hennepin,road-capacity-expansion,I-494 pavement rehabilitation and dynamic shoulder lane,1/1/2016,1/1/2036,4/1/2020,exurban,8.17,73921,after,INTERSTATE 494,,65,12,0,0,0,2,1,0,10,ramp,73921_4,2023-01-01,0:00:00,24:00:00,volume,6424.0,AADT,1,648,,0:00:00,24:00:00,volume,3621.637856,AADT,Travel Model
FM-1315,MN,Hennepin,road-capacity-expansion,I-494 pavement rehabilitation and dynamic shoulder lane,1/1/2016,1/1/2036,4/1/2020,exurban,8.17,73921,after,INTERSTATE 494,,65,12,0,0,0,2,1,0,10,ramp,73921_5,2024-01-01,0:00:00,24:00:00,volume,6824.0,AADT,1,648,,0:00:00,24:00:00,volume,3621.637856,AADT,Travel Model
FM-1315,MN,Hennepin,road-capacity-expansion,I-494 pavement rehabilitation and dynamic shoulder lane,1/1/2016,1/1/2036,4/1/2020,exurban,8.17,73921,after,INTERSTATE 494,,65,12,0,0,0,2,1,0,10,ramp,73921_6,2025-01-01,0:00:00,24:00:00,volume,6851.0,AADT,1,648,,0:00:00,24:00:00,volume,3621.637856,AADT,Travel Model
FM-1315,MN,Hennepin,road-capacity-expansion,I-494 pavement rehabilitation and dynamic shoulder lane,1/1/2016,1/1/2036,4/1/2020,exurban,8.17,74908,before,INTERSTATE 494,,65,12,0,0,0,2,1,0,10,ramp,74908_1,2020-01-01,0:00:00,24:00:00,volume,9100.0,AADT,0,663,,0:00:00,24:00:00,volume,22010.71123,AADT,Travel Model
FM-1315,MN,Hennepin,road-capacity-expansion,I-494 pavement rehabilitation and dynamic shoulder lane,1/1/2016,1/1/2036,4/1/2020,exurban,8.17,74908,after,INTERSTATE 494,,65,12,0,0,0,3,1,0,10,ramp,74908_2,2021-01-01,0:00:00,24:00:00,volume,11185.0,AADT,1,663,,0:00:00,24:00:00,volume,22010.71123,AADT,Travel Model
FM-1315,MN,Hennepin,road-capacity-expansion,I-494 pavement rehabilitation and dynamic shoulder lane,1/1/2016,1/1/2036,4/1/2020,exurban,8.17,74908,after,INTERSTATE 494,,65,12,0,0,0,3,1,0,10,ramp,74908_3,2022-01-01,0:00:00,24:00:00,volume,11510.0,AADT,1,663,,0:00:00,24:00:00,volume,22010.71123,AADT,Travel Model
FM-1315,MN,Hennepin,road-capacity-expansion,I-494 pavement rehabilitation and dynamic shoulder lane,1/1/2016,1/1/2036,4/1/2020,exurban,8.17,74908,after,INTERSTATE 494,,65,12,0,0,0,3,1,0,10,ramp,74908_4,2023-01-01,0:00:00,24:00:00,volume,11717.0,AADT,1,663,,0:00:00,24:00:00,volume,22010.71123,AADT,Travel Model
FM-1315,MN,Hennepin,road-capacity-expansion,I-494 pavement rehabilitation and dynamic shoulder lane,1/1/2016,1/1/2036,4/1/2020,exurban,8.17,74908,after,INTERSTATE 494,,65,12,0,0,0,3,1,0,10,ramp,74908_5,2024-01-01,0:00:00,24:00:00,volume,12563.0,AADT,1,663,,0:00:00,24:00:00,volume,22010.71123,AADT,Travel Model
FM-1317,MN,Hennepin,new-roadway,CSAH 81 to I-94,1/1/2014,1/1/2034,4/1/2017,exurban,3.135,62816,before,US TRUNK 610,,55.0,14.0,0.0,0.0,2.0,0.0,0.0,0.0,0.0,minor arterial,62816_1,2014-01-01,0:00:00,24:00:00,volume,210.0,AADT,0,685,,0:00:00,24:00:00,volume,1100.418092,AADT,Professional Judgement
FM-1317,MN,Hennepin,new-roadway,CSAH 81 to I-94,1/1/2014,1/1/2034,4/1/2017,exurban,3.135,62816,before,US TRUNK 610,,55.0,14.0,0.0,0.0,2.0,0.0,0.0,0.0,0.0,minor arterial,62816_2,2016-01-01,0:00:00,24:00:00,volume,210.0,AADT,0,685,,0:00:00,24:00:00,volume,1100.418092,AADT,Professional Judgement
FM-1317,MN,Hennepin,new-roadway,CSAH 81 to I-94,1/1/2014,1/1/2034,4/1/2017,exurban,3.135,62816,before,US TRUNK 610,,55.0,14.0,0.0,0.0,2.0,0.0,0.0,0.0,0.0,minor arterial,62816_3,2017-01-01,0:00:00,24:00:00,volume,1350.0,AADT,0,685,,0:00:00,24:00:00,volume,1100.418092,AADT,Professional Judgement
FM-1317,MN,Hennepin,new-roadway,CSAH 81 to I-94,1/1/2014,1/1/2034,4/1/2017,exurban,3.135,62816,after,US TRUNK 610,,55.0,12.0,0.0,0.0,2.0,0.0,0.0,0.0,2.0,minor arterial,62816_4,2018-01-01,0:00:00,24:00:00,volume,1357.0,AADT,1,685,,0:00:00,24:00:00,volume,1100.418092,AADT,Professional Judgement
FM-1317,MN,Hennepin,new-roadway,CSAH 81 to I-94,1/1/2014,1/1/2034,4/1/2017,exurban,3.135,62816,after,US TRUNK 610,,55.0,12.0,0.0,0.0,2.0,0.0,0.0,0.0,2.0,minor arterial,62816_5,2019-01-01,0:00:00,24:00:00,volume,1700.0,AADT,1,685,,0:00:00,24:00:00,volume,1100.418092,AADT,Professional Judgement
FM-1317,MN,Hennepin,new-roadway,CSAH 81 to I-94,1/1/2014,1/1/2034,4/1/2017,exurban,3.135,62816,after,US TRUNK 610,,55.0,12.0,0.0,0.0,2.0,0.0,0.0,0.0,2.0,minor arterial,62816_6,2020-01-01,0:00:00,24:00:00,volume,1195.0,AADT,1,685,,0:00:00,24:00:00,volume,1100.418092,AADT,Professional Judgement
FM-1317,MN,Hennepin,new-roadway,CSAH 81 to I-94,1/1/2014,1/1/2034,4/1/2017,exurban,3.135,62816,after,US TRUNK 610,,55.0,12.0,0.0,0.0,2.0,0.0,0.0,0.0,2.0,minor arterial,62816_7,2021-01-01,0:00:00,24:00:00,volume,1350.0,AADT,1,685,,0:00:00,24:00:00,volume,1100.418092,AADT,Professional Judgement
FM-1317,MN,Hennepin,new-roadway,CSAH 81 to I-94,1/1/2014,1/1/2034,4/1/2017,exurban,3.135,62816,after,US TRUNK 610,,55.0,12.0,0.0,0.0,2.0,0.0,0.0,0.0,2.0,minor arterial,62816_8,2022-01-01,0:00:00,24:00:00,volume,1368.0,AADT,1,685,,0:00:00,24:00:00,volume,1100.418092,AADT,Professional Judgement
FM-1317,MN,Hennepin,new-roadway,CSAH 81 to I-94,1/1/2014,1/1/2034,4/1/2017,exurban,3.135,62816,after,US TRUNK 610,,55.0,12.0,0.0,0.0,2.0,0.0,0.0,0.0,2.0,minor arterial,62816_9,2023-01-01,0:00:00,24:00:00,volume,1332.0,AADT,1,685,,0:00:00,24:00:00,volume,1100.418092,AADT,Professional Judgement
FM-1317,MN,Hennepin,new-roadway,CSAH 81 to I-94,1/1/2014,1/1/2034,4/1/2017,exurban,3.135,62816,after,US TRUNK 610,,55.0,12.0,0.0,0.0,2.0,0.0,0.0,0.0,2.0,minor arterial,62816_10,2024-01-01,0:00:00,24:00:00,volume,1363.0,AADT,1,685,,0:00:00,24:00:00,volume,1100.418092,AADT,Professional Judgement
FM-1317,MN,Hennepin,new-roadway,CSAH 81 to I-94,1/1/2014,1/1/2034,4/1/2017,exurban,3.135,62816,after,US TRUNK 610,,55.0,12.0,0.0,0.0,2.0,0.0,0.0,0.0,2.0,minor arterial,62816_11,2025-01-01,0:00:00,24:00:00,volume,2353.0,AADT,1,685,,0:00:00,24:00:00,volume,1100.418092,AADT,Professional Judgement
FM-1317,MN,Hennepin,new-roadway,CSAH 81 to I-94,1/1/2014,1/1/2034,4/1/2017,exurban,3.135,66428,before,US TRUNK 610,,55.0,12.0,0.0,0.0,2.0,0.0,0.0,0.0,8.0,minor arterial,66428_1,2015-01-01,0:00:00,24:00:00,volume,3800.0,AADT,0,677,,0:00:00,24:00:00,volume,3546.347396,AADT,Professional Judgement
FM-1317,MN,Hennepin,new-roadway,CSAH 81 to I-94,1/1/2014,1/1/2034,4/1/2017,exurban,3.135,66428,before,US TRUNK 610,,55.0,12.0,0.0,0.0,2.0,0.0,0.0,0.0,8.0,minor arterial,66428_2,2016-01-01,0:00:00,24:00:00,volume,3796.0,AADT,0,677,,0:00:00,24:00:00,volume,3546.347396,AADT,Professional Judgement
FM-1317,MN,Hennepin,new-roadway,CSAH 81 to I-94,1/1/2014,1/1/2034,4/1/2017,exurban,3.135,66428,before,US TRUNK 610,,55.0,12.0,0.0,0.0,2.0,0.0,0.0,0.0,8.0,minor arterial,66428_3,2017-01-01,0:00:00,24:00:00,volume,4250.0,AADT,0,677,,0:00:00,24:00:00,volume,3546.347396,AADT,Professional Judgement
FM-1317,MN,Hennepin,new-roadway,CSAH 81 to I-94,1/1/2014,1/1/2034,4/1/2017,exurban,3.135,66428,after,US TRUNK 610,,55.0,12.0,0.0,0.0,2.0,0.0,0.0,0.0,10.0,minor arterial,66428_4,2018-01-01,0:00:00,24:00:00,volume,4272.0,AADT,1,677,,0:00:00,24:00:00,volume,3546.347396,AADT,Professional Judgement
FM-1317,MN,Hennepin,new-roadway,CSAH 81 to I-94,1/1/2014,1/1/2034,4/1/2017,exurban,3.135,66428,after,US TRUNK 610,,55.0,12.0,0.0,0.0,2.0,0.0,0.0,0.0,10.0,minor arterial,66428_5,2019-01-01,0:00:00,24:00:00,volume,4450.0,AADT,1,677,,0:00:00,24:00:00,volume,3546.347396,AADT,Professional Judgement
FM-1317,MN,Hennepin,new-roadway,CSAH 81 to I-94,1/1/2014,1/1/2034,4/1/2017,exurban,3.135,66428,after,US TRUNK 610,,55.0,12.0,0.0,0.0,2.0,0.0,0.0,0.0,10.0,minor arterial,66428_6,2020-01-01,0:00:00,24:00:00,volume,3448.0,AADT,1,677,,0:00:00,24:00:00,volume,3546.347396,AADT,Professional Judgement
FM-1317,MN,Hennepin,new-roadway,CSAH 81 to I-94,1/1/2014,1/1/2034,4/1/2017,exurban,3.135,66428,after,US TRUNK 610,,55.0,12.0,0.0,0.0,2.0,0.0,0.0,0.0,10.0,minor arterial,66428_7,2021-01-01,0:00:00,24:00:00,volume,4062.0,AADT,1,677,,0:00:00,24:00:00,volume,3546.347396,AADT,Professional Judgement
FM-1317,MN,Hennepin,new-roadway,CSAH 81 to I-94,1/1/2014,1/1/2034,4/1/2017,exurban,3.135,66428,after,US TRUNK 610,,55.0,12.0,0.0,0.0,2.0,0.0,0.0,0.0,10.0,minor arterial,66428_8,2022-01-01,0:00:00,24:00:00,volume,4630.0,AADT,1,677,,0:00:00,24:00:00,volume,3546.347396,AADT,Professional Judgement
FM-1317,MN,Hennepin,new-roadway,CSAH 81 to I-94,1/1/2014,1/1/2034,4/1/2017,exurban,3.135,66428,after,US TRUNK 610,,55.0,12.0,0.0,0.0,2.0,0.0,0.0,0.0,10.0,minor arterial,66428_9,2023-01-01,0:00:00,24:00:00,volume,4509.0,AADT,1,677,,0:00:00,24:00:00,volume,3546.347396,AADT,Professional Judgement
FM-1317,MN,Hennepin,new-roadway,CSAH 81 to I-94,1/1/2014,1/1/2034,4/1/2017,exurban,3.135,66428,after,US TRUNK 610,,55.0,12.0,0.0,0.0,2.0,0.0,0.0,0.0,10.0,minor arterial,66428_10,2024-01-01,0:00:00,24:00:00,volume,4613.0,AADT,1,677,,0:00:00,24:00:00,volume,3546.347396,AADT,Professional Judgement
FM-1317,MN,Hennepin,new-roadway,CSAH 81 to I-94,1/1/2014,1/1/2034,4/1/2017,exurban,3.135,68208,before,US TRUNK 610,,55.0,12.0,0.0,0.0,4.0,0.0,0.0,0.0,4.0,minor collector,68208_1,2014-01-01,0:00:00,24:00:00,volume,11800.0,AADT,0,678,,0:00:00,24:00:00,volume,11704.44698,AADT,Professional Judgement
FM-1317,MN,Hennepin,new-roadway,CSAH 81 to I-94,1/1/2014,1/1/2034,4/1/2017,exurban,3.135,68208,before,US TRUNK 610,,55.0,12.0,0.0,0.0,4.0,0.0,0.0,0.0,4.0,minor collector,68208_2,2016-01-01,0:00:00,24:00:00,volume,11788.0,AADT,0,678,,0:00:00,24:00:00,volume,11704.44698,AADT,Professional Judgement
FM-1317,MN,Hennepin,new-roadway,CSAH 81 to I-94,1/1/2014,1/1/2034,4/1/2017,exurban,3.135,68208,before,US TRUNK 610,,55.0,12.0,0.0,0.0,4.0,0.0,0.0,0.0,4.0,minor collector,68208_3,2017-01-01,0:00:00,24:00:00,volume,7900.0,AADT,0,678,,0:00:00,24:00:00,volume,11704.44698,AADT,Professional Judgement
FM-1317,MN,Hennepin,new-roadway,CSAH 81 to I-94,1/1/2014,1/1/2034,4/1/2017,exurban,3.135,68208,after,US TRUNK 610,,55.0,12.0,0.0,0.0,4.0,0.0,0.0,0.0,4.0,minor collector,68208_4,2018-01-01,0:00:00,24:00:00,volume,7941.0,AADT,1,678,,0:00:00,24:00:00,volume,11704.44698,AADT,Professional Judgement
FM-1317,MN,Hennepin,new-roadway,CSAH 81 to I-94,1/1/2014,1/1/2034,4/1/2017,exurban,3.135,68208,after,US TRUNK 610,,55.0,12.0,0.0,0.0,4.0,0.0,0.0,0.0,4.0,minor collector,68208_5,2019-01-01,0:00:00,24:00:00,volume,7100.0,AADT,1,678,,0:00:00,24:00:00,volume,11704.44698,AADT,Professional Judgement
FM-1317,MN,Hennepin,new-roadway,CSAH 81 to I-94,1/1/2014,1/1/2034,4/1/2017,exurban,3.135,68208,after,US TRUNK 610,,55.0,12.0,0.0,0.0,4.0,0.0,0.0,0.0,4.0,minor collector,68208_6,2020-01-01,0:00:00,24:00:00,volume,5319.0,AADT,1,678,,0:00:00,24:00:00,volume,11704.44698,AADT,Professional Judgement
FM-1317,MN,Hennepin,new-roadway,CSAH 81 to I-94,1/1/2014,1/1/2034,4/1/2017,exurban,3.135,68208,after,US TRUNK 610,,55.0,12.0,0.0,0.0,4.0,0.0,0.0,0.0,4.0,minor collector,68208_7,2021-01-01,0:00:00,24:00:00,volume,5872.0,AADT,1,678,,0:00:00,24:00:00,volume,11704.44698,AADT,Professional Judgement
FM-1317,MN,Hennepin,new-roadway,CSAH 81 to I-94,1/1/2014,1/1/2034,4/1/2017,exurban,3.135,68208,after,US TRUNK 610,,55.0,12.0,0.0,0.0,4.0,0.0,0.0,0.0,4.0,minor collector,68208_8,2022-01-01,0:00:00,24:00:00,volume,6337.0,AADT,1,678,,0:00:00,24:00:00,volume,11704.44698,AADT,Professional Judgement
FM-1317,MN,Hennepin,new-roadway,CSAH 81 to I-94,1/1/2014,1/1/2034,4/1/2017,exurban,3.135,68208,after,US TRUNK 610,,55.0,12.0,0.0,0.0,4.0,0.0,0.0,0.0,4.0,minor collector,68208_9,2023-01-01,0:00:00,24:00:00,volume,6280.0,AADT,1,678,,0:00:00,24:00:00,volume,11704.44698,AADT,Professional Judgement
FM-1317,MN,Hennepin,new-roadway,CSAH 81 to I-94,1/1/2014,1/1/2034,4/1/2017,exurban,3.135,68208,after,US TRUNK 610,,55.0,12.0,0.0,0.0,4.0,0.0,0.0,0.0,4.0,minor collector,68208_10,2024-01-01,0:00:00,24:00:00,volume,6506.0,AADT,1,678,,0:00:00,24:00:00,volume,11704.44698,AADT,Professional Judgement
FM-1317,MN,Hennepin,new-roadway,CSAH 81 to I-94,1/1/2014,1/1/2034,4/1/2017,exurban,3.135,68209,before,US TRUNK 610,,55.0,12.0,0.0,0.0,4.0,0.0,0.0,0.0,6.0,minor collector,68209_1,2014-01-01,0:00:00,24:00:00,volume,6700.0,AADT,0,684,,0:00:00,24:00:00,volume,14705.58723,AADT,Professional Judgement
FM-1317,MN,Hennepin,new-roadway,CSAH 81 to I-94,1/1/2014,1/1/2034,4/1/2017,exurban,3.135,68209,before,US TRUNK 610,,55.0,12.0,0.0,0.0,4.0,0.0,0.0,0.0,6.0,minor collector,68209_2,2016-01-01,0:00:00,24:00:00,volume,6693.0,AADT,0,684,,0:00:00,24:00:00,volume,14705.58723,AADT,Professional Judgement
FM-1317,MN,Hennepin,new-roadway,CSAH 81 to I-94,1/1/2014,1/1/2034,4/1/2017,exurban,3.135,68209,before,US TRUNK 610,,55.0,12.0,0.0,0.0,4.0,0.0,0.0,0.0,6.0,minor collector,68209_3,2017-01-01,0:00:00,24:00:00,volume,18800.0,AADT,0,684,,0:00:00,24:00:00,volume,14705.58723,AADT,Professional Judgement
FM-1317,MN,Hennepin,new-roadway,CSAH 81 to I-94,1/1/2014,1/1/2034,4/1/2017,exurban,3.135,68209,after,US TRUNK 610,,55.0,12.0,0.0,0.0,4.0,1.0,0.0,0.0,2.0,minor collector,68209_4,2018-01-01,0:00:00,24:00:00,volume,18898.0,AADT,1,684,,0:00:00,24:00:00,volume,14705.58723,AADT,Professional Judgement
FM-1317,MN,Hennepin,new-roadway,CSAH 81 to I-94,1/1/2014,1/1/2034,4/1/2017,exurban,3.135,68209,after,US TRUNK 610,,55.0,12.0,0.0,0.0,4.0,1.0,0.0,0.0,2.0,minor collector,68209_5,2019-01-01,0:00:00,24:00:00,volume,20700.0,AADT,1,684,,0:00:00,24:00:00,volume,14705.58723,AADT,Professional Judgement
FM-1317,MN,Hennepin,new-roadway,CSAH 81 to I-94,1/1/2014,1/1/2034,4/1/2017,exurban,3.135,68209,after,US TRUNK 610,,55.0,12.0,0.0,0.0,4.0,1.0,0.0,0.0,2.0,minor collector,68209_6,2020-01-01,0:00:00,24:00:00,volume,15509.0,AADT,1,684,,0:00:00,24:00:00,volume,14705.58723,AADT,Professional Judgement
FM-1317,MN,Hennepin,new-roadway,CSAH 81 to I-94,1/1/2014,1/1/2034,4/1/2017,exurban,3.135,68209,after,US TRUNK 610,,55.0,12.0,0.0,0.0,4.0,1.0,0.0,0.0,2.0,minor collector,68209_7,2021-01-01,0:00:00,24:00:00,volume,17122.0,AADT,1,684,,0:00:00,24:00:00,volume,14705.58723,AADT,Professional Judgement
FM-1317,MN,Hennepin,new-roadway,CSAH 81 to I-94,1/1/2014,1/1/2034,4/1/2017,exurban,3.135,68209,after,US TRUNK 610,,55.0,12.0,0.0,0.0,4.0,1.0,0.0,0.0,2.0,minor collector,68209_8,2022-01-01,0:00:00,24:00:00,volume,22907.0,AADT,1,684,,0:00:00,24:00:00,volume,14705.58723,AADT,Professional Judgement
FM-1317,MN,Hennepin,new-roadway,CSAH 81 to I-94,1/1/2014,1/1/2034,4/1/2017,exurban,3.135,68209,after,US TRUNK 610,,55.0,12.0,0.0,0.0,4.0,1.0,0.0,0.0,2.0,minor collector,68209_9,2023-01-01,0:00:00,24:00:00,volume,22701.0,AADT,1,684,,0:00:00,24:00:00,volume,14705.58723,AADT,Professional Judgement
FM-1317,MN,Hennepin,new-roadway,CSAH 81 to I-94,1/1/2014,1/1/2034,4/1/2017,exurban,3.135,68209,after,US TRUNK 610,,55.0,12.0,0.0,0.0,4.0,1.0,0.0,0.0,2.0,minor collector,68209_10,2024-01-01,0:00:00,24:00:00,volume,23518.0,AADT,1,684,,0:00:00,24:00:00,volume,14705.58723,AADT,Professional Judgement
FM-1317,MN,Hennepin,new-roadway,CSAH 81 to I-94,1/1/2014,1/1/2034,4/1/2017,exurban,3.135,73266,before,US TRUNK 610,,55.0,12.0,0.0,0.0,4.0,0.0,0.0,0.0,16.0,freeway,73266_1,2015-01-01,0:00:00,24:00:00,volume,30000.0,AADT,0,673,,0:00:00,24:00:00,volume,44181.78639,AADT,Professional Judgement
FM-1317,MN,Hennepin,new-roadway,CSAH 81 to I-94,1/1/2014,1/1/2034,4/1/2017,exurban,3.135,73266,before,US TRUNK 610,,55.0,12.0,0.0,0.0,4.0,0.0,0.0,0.0,16.0,freeway,73266_2,2017-01-01,0:00:00,24:00:00,volume,21000.0,AADT,0,673,,0:00:00,24:00:00,volume,44181.78639,AADT,Professional Judgement
FM-1317,MN,Hennepin,new-roadway,CSAH 81 to I-94,1/1/2014,1/1/2034,4/1/2017,exurban,3.135,73266,after,US TRUNK 610,,55.0,12.0,0.0,0.0,4.0,0.0,0.0,0.0,16.0,freeway,73266_3,2019-01-01,0:00:00,24:00:00,volume,19800.0,AADT,1,673,,0:00:00,24:00:00,volume,44181.78639,AADT,Professional Judgement
FM-1317,MN,Hennepin,new-roadway,CSAH 81 to I-94,1/1/2014,1/1/2034,4/1/2017,exurban,3.135,73266,after,US TRUNK 610,,55.0,12.0,0.0,0.0,4.0,0.0,0.0,0.0,16.0,freeway,73266_4,2020-01-01,0:00:00,24:00:00,volume,14835.0,AADT,1,673,,0:00:00,24:00:00,volume,44181.78639,AADT,Professional Judgement
FM-1317,MN,Hennepin,new-roadway,CSAH 81 to I-94,1/1/2014,1/1/2034,4/1/2017,exurban,3.135,73266,after,US TRUNK 610,,55.0,12.0,0.0,0.0,4.0,0.0,0.0,0.0,16.0,freeway,73266_5,2021-01-01,0:00:00,24:00:00,volume,16378.0,AADT,1,673,,0:00:00,24:00:00,volume,44181.78639,AADT,Professional Judgement
FM-1317,MN,Hennepin,new-roadway,CSAH 81 to I-94,1/1/2014,1/1/2034,4/1/2017,exurban,3.135,73266,after,US TRUNK 610,,55.0,12.0,0.0,0.0,4.0,0.0,0.0,0.0,16.0,freeway,73266_6,2022-01-01,0:00:00,24:00:00,volume,17959.0,AADT,1,673,,0:00:00,24:00:00,volume,44181.78639,AADT,Professional Judgement
FM-1317,MN,Hennepin,new-roadway,CSAH 81 to I-94,1/1/2014,1/1/2034,4/1/2017,exurban,3.135,73266,after,US TRUNK 610,,55.0,12.0,0.0,0.0,4.0,0.0,0.0,0.0,16.0,freeway,73266_7,2023-01-01,0:00:00,24:00:00,volume,17797.0,AADT,1,673,,0:00:00,24:00:00,volume,44181.78639,AADT,Professional Judgement
FM-1317,MN,Hennepin,new-roadway,CSAH 81 to I-94,1/1/2014,1/1/2034,4/1/2017,exurban,3.135,73266,after,US TRUNK 610,,55.0,12.0,0.0,0.0,4.0,0.0,0.0,0.0,16.0,freeway,73266_8,2024-01-01,0:00:00,24:00:00,volume,16197.0,AADT,1,673,,0:00:00,24:00:00,volume,44181.78639,AADT,Professional Judgement
FM-1317,MN,Hennepin,new-roadway,CSAH 81 to I-94,1/1/2014,1/1/2034,4/1/2017,exurban,3.135,74641,after,US TRUNK 610,,55.0,11.0,0.0,0.0,0.0,2.0,1.0,0.0,4.0,ramp,74641_1,2020-01-01,0:00:00,24:00:00,volume,2200.0,AADT,1,679,,0:00:00,24:00:00,volume,4716.792094,AADT,Professional Judgement
FM-1317,MN,Hennepin,new-roadway,CSAH 81 to I-94,1/1/2014,1/1/2034,4/1/2017,exurban,3.135,74641,after,US TRUNK 610,,55.0,11.0,0.0,0.0,0.0,2.0,1.0,0.0,4.0,ramp,74641_2,2021-01-01,0:00:00,24:00:00,volume,7047.0,AADT,1,679,,0:00:00,24:00:00,volume,4716.792094,AADT,Professional Judgement
FM-1317,MN,Hennepin,new-roadway,CSAH 81 to I-94,1/1/2014,1/1/2034,4/1/2017,exurban,3.135,74641,after,US TRUNK 610,,55.0,11.0,0.0,0.0,0.0,2.0,1.0,0.0,4.0,ramp,74641_3,2022-01-01,0:00:00,24:00:00,volume,7230.0,AADT,1,679,,0:00:00,24:00:00,volume,4716.792094,AADT,Professional Judgement
FM-1317,MN,Hennepin,new-roadway,CSAH 81 to I-94,1/1/2014,1/1/2034,4/1/2017,exurban,3.135,74641,after,US TRUNK 610,,55.0,11.0,0.0,0.0,0.0,2.0,1.0,0.0,4.0,ramp,74641_4,2023-01-01,0:00:00,24:00:00,volume,7082.0,AADT,1,679,,0:00:00,24:00:00,volume,4716.792094,AADT,Professional Judgement
FM-1317,MN,Hennepin,new-roadway,CSAH 81 to I-94,1/1/2014,1/1/2034,4/1/2017,exurban,3.135,74641,after,US TRUNK 610,,55.0,11.0,0.0,0.0,0.0,2.0,1.0,0.0,4.0,ramp,74641_5,2024-01-01,0:00:00,24:00:00,volume,7483.0,AADT,1,679,,0:00:00,24:00:00,volume,4716.792094,AADT,Professional Judgement
FM-1317,MN,Hennepin,new-roadway,CSAH 81 to I-94,1/1/2014,1/1/2034,4/1/2017,exurban,3.135,74641,after,US TRUNK 610,,55.0,11.0,0.0,0.0,0.0,2.0,1.0,0.0,4.0,ramp,74641_6,2025-01-01,0:00:00,24:00:00,volume,7981.0,AADT,1,679,,0:00:00,24:00:00,volume,4716.792094,AADT,Professional Judgement
FM-1317,MN,Hennepin,new-roadway,CSAH 81 to I-94,1/1/2014,1/1/2034,4/1/2017,exurban,3.135,74642,after,US TRUNK 610,,55.0,18.0,0.0,0.0,1.0,0.0,0.0,0.0,6.0,ramp,74642_1,2020-01-01,0:00:00,24:00:00,volume,2200.0,AADT,1,680,,0:00:00,24:00:00,volume,3476.320791,AADT,Professional Judgement
FM-1317,MN,Hennepin,new-roadway,CSAH 81 to I-94,1/1/2014,1/1/2034,4/1/2017,exurban,3.135,74642,after,US TRUNK 610,,55.0,18.0,0.0,0.0,1.0,0.0,0.0,0.0,6.0,ramp,74642_2,2021-01-01,0:00:00,24:00:00,volume,641.0,AADT,1,680,,0:00:00,24:00:00,volume,3476.320791,AADT,Professional Judgement
FM-1317,MN,Hennepin,new-roadway,CSAH 81 to I-94,1/1/2014,1/1/2034,4/1/2017,exurban,3.135,74642,after,US TRUNK 610,,55.0,18.0,0.0,0.0,1.0,0.0,0.0,0.0,6.0,ramp,74642_3,2022-01-01,0:00:00,24:00:00,volume,658.0,AADT,1,680,,0:00:00,24:00:00,volume,3476.320791,AADT,Professional Judgement
FM-1317,MN,Hennepin,new-roadway,CSAH 81 to I-94,1/1/2014,1/1/2034,4/1/2017,exurban,3.135,74642,after,US TRUNK 610,,55.0,18.0,0.0,0.0,1.0,0.0,0.0,0.0,6.0,ramp,74642_4,2023-01-01,0:00:00,24:00:00,volume,1153.0,AADT,1,680,,0:00:00,24:00:00,volume,3476.320791,AADT,Professional Judgement
FM-1317,MN,Hennepin,new-roadway,CSAH 81 to I-94,1/1/2014,1/1/2034,4/1/2017,exurban,3.135,74642,after,US TRUNK 610,,55.0,18.0,0.0,0.0,1.0,0.0,0.0,0.0,6.0,ramp,74642_5,2024-01-01,0:00:00,24:00:00,volume,1296.0,AADT,1,680,,0:00:00,24:00:00,volume,3476.320791,AADT,Professional Judgement
FM-1317,MN,Hennepin,new-roadway,CSAH 81 to I-94,1/1/2014,1/1/2034,4/1/2017,exurban,3.135,74642,after,US TRUNK 610,,55.0,18.0,0.0,0.0,1.0,0.0,0.0,0.0,6.0,ramp,74642_6,2025-01-01,0:00:00,24:00:00,volume,1368.0,AADT,1,680,,0:00:00,24:00:00,volume,3476.320791,AADT,Professional Judgement
FM-1317,MN,Hennepin,new-roadway,CSAH 81 to I-94,1/1/2014,1/1/2034,4/1/2017,exurban,3.135,74643,after,US TRUNK 610,,55.0,12.0,0.0,0.0,1.0,0.0,0.0,0.0,4.0,ramp,74643_1,2020-01-01,0:00:00,24:00:00,volume,2200.0,AADT,1,681,,0:00:00,24:00:00,volume,5457.073356,AADT,Professional Judgement
FM-1317,MN,Hennepin,new-roadway,CSAH 81 to I-94,1/1/2014,1/1/2034,4/1/2017,exurban,3.135,74643,after,US TRUNK 610,,55.0,12.0,0.0,0.0,1.0,0.0,0.0,0.0,4.0,ramp,74643_2,2021-01-01,0:00:00,24:00:00,volume,6813.0,AADT,1,681,,0:00:00,24:00:00,volume,5457.073356,AADT,Professional Judgement
FM-1317,MN,Hennepin,new-roadway,CSAH 81 to I-94,1/1/2014,1/1/2034,4/1/2017,exurban,3.135,74643,after,US TRUNK 610,,55.0,12.0,0.0,0.0,1.0,0.0,0.0,0.0,4.0,ramp,74643_3,2022-01-01,0:00:00,24:00:00,volume,6990.0,AADT,1,681,,0:00:00,24:00:00,volume,5457.073356,AADT,Professional Judgement
FM-1317,MN,Hennepin,new-roadway,CSAH 81 to I-94,1/1/2014,1/1/2034,4/1/2017,exurban,3.135,74643,after,US TRUNK 610,,55.0,12.0,0.0,0.0,1.0,0.0,0.0,0.0,4.0,ramp,74643_4,2023-01-01,0:00:00,24:00:00,volume,6670.0,AADT,1,681,,0:00:00,24:00:00,volume,5457.073356,AADT,Professional Judgement
FM-1317,MN,Hennepin,new-roadway,CSAH 81 to I-94,1/1/2014,1/1/2034,4/1/2017,exurban,3.135,74643,after,US TRUNK 610,,55.0,12.0,0.0,0.0,1.0,0.0,0.0,0.0,4.0,ramp,74643_5,2024-01-01,0:00:00,24:00:00,volume,7077.0,AADT,1,681,,0:00:00,24:00:00,volume,5457.073356,AADT,Professional Judgement
FM-1317,MN,Hennepin,new-roadway,CSAH 81 to I-94,1/1/2014,1/1/2034,4/1/2017,exurban,3.135,74643,after,US TRUNK 610,,55.0,12.0,0.0,0.0,1.0,0.0,0.0,0.0,4.0,ramp,74643_6,2025-01-01,0:00:00,24:00:00,volume,7786.0,AADT,1,681,,0:00:00,24:00:00,volume,5457.073356,AADT,Professional Judgement
FM-1317,MN,Hennepin,new-roadway,CSAH 81 to I-94,1/1/2014,1/1/2034,4/1/2017,exurban,3.135,76072,after,US TRUNK 610,,55.0,12.0,0.0,0.0,2.0,1.0,0.0,0.0,2.0,minor collector,76072_1,2022-01-01,0:00:00,24:00:00,volume,556.0,AADT,1,682,,0:00:00,24:00:00,volume,3121.185861,AADT,Professional Judgement
FM-1317,MN,Hennepin,new-roadway,CSAH 81 to I-94,1/1/2014,1/1/2034,4/1/2017,exurban,3.135,76072,after,US TRUNK 610,,55.0,12.0,0.0,0.0,2.0,1.0,0.0,0.0,2.0,minor collector,76072_2,2023-01-01,0:00:00,24:00:00,volume,535.0,AADT,1,682,,0:00:00,24:00:00,volume,3121.185861,AADT,Professional Judgement
FM-1317,MN,Hennepin,new-roadway,CSAH 81 to I-94,1/1/2014,1/1/2034,4/1/2017,exurban,3.135,76072,after,US TRUNK 610,,55.0,12.0,0.0,0.0,2.0,1.0,0.0,0.0,2.0,minor collector,76072_3,2024-01-01,0:00:00,24:00:00,volume,530.0,AADT,1,682,,0:00:00,24:00:00,volume,3121.185861,AADT,Professional Judgement
FM-1320,MN,Scott,road-capacity-expansion,TH 282 to North of TH 21,1/1/2015,1/1/2035,10/1/2019,rural,1.088,10269,before,US TRUNK 169,,65,12,0,0,4,0,0,0,10,freeway,10269_1,2016-01-01,0:00:00,24:00:00,volume,21500.0,AADT,0,712,,0:00:00,24:00:00,volume,23751.14599,AADT,Travel Model
FM-1320,MN,Scott,road-capacity-expansion,TH 282 to North of TH 21,1/1/2015,1/1/2035,10/1/2019,rural,1.088,10269,before,US TRUNK 169,,65,12,0,0,4,0,0,0,10,freeway,10269_2,2017-01-01,0:00:00,24:00:00,volume,21876.0,AADT,0,712,,0:00:00,24:00:00,volume,23751.14599,AADT,Travel Model
FM-1320,MN,Scott,road-capacity-expansion,TH 282 to North of TH 21,1/1/2015,1/1/2035,10/1/2019,rural,1.088,10269,before,US TRUNK 169,,65,12,0,0,4,0,0,0,10,freeway,10269_3,2018-01-01,0:00:00,24:00:00,volume,21961.0,AADT,0,712,,0:00:00,24:00:00,volume,23751.14599,AADT,Travel Model
FM-1320,MN,Scott,road-capacity-expansion,TH 282 to North of TH 21,1/1/2015,1/1/2035,10/1/2019,rural,1.088,10269,before,US TRUNK 169,,65,12,0,0,4,0,0,0,10,freeway,10269_4,2019-01-01,0:00:00,24:00:00,volume,22300.0,AADT,0,712,,0:00:00,24:00:00,volume,23751.14599,AADT,Travel Model
FM-1320,MN,Scott,road-capacity-expansion,TH 282 to North of TH 21,1/1/2015,1/1/2035,10/1/2019,rural,1.088,10269,after,US TRUNK 169,,65,12,0,0,4,0,0,0,10,freeway,10269_5,2020-01-01,0:00:00,24:00:00,volume,19282.0,AADT,1,712,,0:00:00,24:00:00,volume,23751.14599,AADT,Travel Model
FM-1320,MN,Scott,road-capacity-expansion,TH 282 to North of TH 21,1/1/2015,1/1/2035,10/1/2019,rural,1.088,10269,after,US TRUNK 169,,65,12,0,0,4,0,0,0,10,freeway,10269_6,2021-01-01,0:00:00,24:00:00,volume,21789.0,AADT,1,712,,0:00:00,24:00:00,volume,23751.14599,AADT,Travel Model
FM-1320,MN,Scott,road-capacity-expansion,TH 282 to North of TH 21,1/1/2015,1/1/2035,10/1/2019,rural,1.088,10269,after,US TRUNK 169,,65,12,0,0,4,0,0,0,10,freeway,10269_7,2022-01-01,0:00:00,24:00:00,volume,21331.0,AADT,1,712,,0:00:00,24:00:00,volume,23751.14599,AADT,Travel Model
FM-1320,MN,Scott,road-capacity-expansion,TH 282 to North of TH 21,1/1/2015,1/1/2035,10/1/2019,rural,1.088,10269,after,US TRUNK 169,,65,12,0,0,4,0,0,0,10,freeway,10269_8,2023-01-01,0:00:00,24:00:00,volume,21758.0,AADT,1,712,,0:00:00,24:00:00,volume,23751.14599,AADT,Travel Model
FM-1320,MN,Scott,road-capacity-expansion,TH 282 to North of TH 21,1/1/2015,1/1/2035,10/1/2019,rural,1.088,10269,after,US TRUNK 169,,65,12,0,0,4,0,0,0,10,freeway,10269_9,2024-01-01,0:00:00,24:00:00,volume,25870.0,AADT,1,712,,0:00:00,24:00:00,volume,23751.14599,AADT,Travel Model
FM-1320,MN,Scott,road-capacity-expansion,TH 282 to North of TH 21,1/1/2015,1/1/2035,10/1/2019,rural,1.088,11041,before,US TRUNK 169,,65,12,0,0,4,0,0,0,10,freeway,11041_1,2016-01-01,0:00:00,24:00:00,volume,21000.0,AADT,0,711,,0:00:00,24:00:00,volume,23631.81848,AADT,Travel Model
FM-1320,MN,Scott,road-capacity-expansion,TH 282 to North of TH 21,1/1/2015,1/1/2035,10/1/2019,rural,1.088,11041,before,US TRUNK 169,,65,12,0,0,4,0,0,0,10,freeway,11041_2,2017-01-01,0:00:00,24:00:00,volume,21368.0,AADT,0,711,,0:00:00,24:00:00,volume,23631.81848,AADT,Travel Model
FM-1320,MN,Scott,road-capacity-expansion,TH 282 to North of TH 21,1/1/2015,1/1/2035,10/1/2019,rural,1.088,11041,before,US TRUNK 169,,65,12,0,0,4,0,0,0,10,freeway,11041_3,2018-01-01,0:00:00,24:00:00,volume,21451.0,AADT,0,711,,0:00:00,24:00:00,volume,23631.81848,AADT,Travel Model
FM-1320,MN,Scott,road-capacity-expansion,TH 282 to North of TH 21,1/1/2015,1/1/2035,10/1/2019,rural,1.088,11041,before,US TRUNK 169,,65,12,0,0,4,0,0,0,10,freeway,11041_4,2019-01-01,0:00:00,24:00:00,volume,21782.0,AADT,0,711,,0:00:00,24:00:00,volume,23631.81848,AADT,Travel Model
FM-1320,MN,Scott,road-capacity-expansion,TH 282 to North of TH 21,1/1/2015,1/1/2035,10/1/2019,rural,1.088,11041,after,US TRUNK 169,,65,12,0,0,4,0,0,0,10,freeway,11041_5,2020-01-01,0:00:00,24:00:00,volume,18834.0,AADT,1,711,,0:00:00,24:00:00,volume,23631.81848,AADT,Travel Model
FM-1320,MN,Scott,road-capacity-expansion,TH 282 to North of TH 21,1/1/2015,1/1/2035,10/1/2019,rural,1.088,11041,after,US TRUNK 169,,65,12,0,0,4,0,0,0,10,freeway,11041_6,2021-01-01,0:00:00,24:00:00,volume,24785.0,AADT,1,711,,0:00:00,24:00:00,volume,23631.81848,AADT,Travel Model
FM-1320,MN,Scott,road-capacity-expansion,TH 282 to North of TH 21,1/1/2015,1/1/2035,10/1/2019,rural,1.088,11041,after,US TRUNK 169,,65,12,0,0,4,0,0,0,10,freeway,11041_7,2022-01-01,0:00:00,24:00:00,volume,24215.0,AADT,1,711,,0:00:00,24:00:00,volume,23631.81848,AADT,Travel Model
FM-1320,MN,Scott,road-capacity-expansion,TH 282 to North of TH 21,1/1/2015,1/1/2035,10/1/2019,rural,1.088,11041,after,US TRUNK 169,,65,12,0,0,4,0,0,0,10,freeway,11041_8,2023-01-01,0:00:00,24:00:00,volume,24588.0,AADT,1,711,,0:00:00,24:00:00,volume,23631.81848,AADT,Travel Model
FM-1320,MN,Scott,road-capacity-expansion,TH 282 to North of TH 21,1/1/2015,1/1/2035,10/1/2019,rural,1.088,11041,after,US TRUNK 169,,65,12,0,0,4,0,0,0,10,freeway,11041_9,2024-01-01,0:00:00,24:00:00,volume,27293.0,AADT,1,711,,0:00:00,24:00:00,volume,23631.81848,AADT,Travel Model
FM-1403,MN,Hennepin,road-capacity-expansion,From plymouth Blvd to North Ramps at I-494,1/1/2014,1/1/2034,3/1/2016,exurban,0.678,10351,before,MN TRUNK 55,,65,12,2,0,6,2,2,0,10,freeway,10351_1,2016-01-01,0:00:00,24:00:00,volume,52834.0,AADT,0,725,,0:00:00,24:00:00,volume,53400.0,AADT,Trendline
FM-1403,MN,Hennepin,road-capacity-expansion,From plymouth Blvd to North Ramps at I-494,1/1/2014,1/1/2034,3/1/2016,exurban,0.678,10351,after,MN TRUNK 55,,65,12,2,0,6,2,2,0,10,freeway,10351_2,2017-01-01,0:00:00,24:00:00,volume,53759.0,AADT,1,725,,0:00:00,24:00:00,volume,53400.0,AADT,Trendline
FM-1403,MN,Hennepin,road-capacity-expansion,From plymouth Blvd to North Ramps at I-494,1/1/2014,1/1/2034,3/1/2016,exurban,0.678,10351,after,MN TRUNK 55,,65,12,2,0,6,2,2,0,10,freeway,10351_3,2018-01-01,0:00:00,24:00:00,volume,52000.0,AADT,1,725,,0:00:00,24:00:00,volume,53400.0,AADT,Trendline
FM-1403,MN,Hennepin,road-capacity-expansion,From plymouth Blvd to North Ramps at I-494,1/1/2014,1/1/2034,3/1/2016,exurban,0.678,10351,after,MN TRUNK 55,,65,12,2,0,6,2,2,0,10,freeway,10351_4,2019-01-01,0:00:00,24:00:00,volume,52104.0,AADT,1,725,,0:00:00,24:00:00,volume,53400.0,AADT,Trendline
FM-1403,MN,Hennepin,road-capacity-expansion,From plymouth Blvd to North Ramps at I-494,1/1/2014,1/1/2034,3/1/2016,exurban,0.678,10351,after,MN TRUNK 55,,65,12,2,0,6,2,2,0,10,freeway,10351_5,2020-01-01,0:00:00,24:00:00,volume,45053.0,AADT,1,725,,0:00:00,24:00:00,volume,53400.0,AADT,Trendline
FM-1403,MN,Hennepin,road-capacity-expansion,From plymouth Blvd to North Ramps at I-494,1/1/2014,1/1/2034,3/1/2016,exurban,0.678,10351,after,MN TRUNK 55,,65,12,2,0,6,2,2,0,10,freeway,10351_6,2021-01-01,0:00:00,24:00:00,volume,50910.0,AADT,1,725,,0:00:00,24:00:00,volume,53400.0,AADT,Trendline
FM-1403,MN,Hennepin,road-capacity-expansion,From plymouth Blvd to North Ramps at I-494,1/1/2014,1/1/2034,3/1/2016,exurban,0.678,10351,after,MN TRUNK 55,,65,12,2,0,6,2,2,0,10,freeway,10351_7,2022-01-01,0:00:00,24:00:00,volume,49841.0,AADT,1,725,,0:00:00,24:00:00,volume,53400.0,AADT,Trendline
FM-1403,MN,Hennepin,road-capacity-expansion,From plymouth Blvd to North Ramps at I-494,1/1/2014,1/1/2034,3/1/2016,exurban,0.678,10351,after,MN TRUNK 55,,65,12,2,0,6,2,2,0,10,freeway,10351_8,2023-01-01,0:00:00,24:00:00,volume,56440.0,AADT,1,725,,0:00:00,24:00:00,volume,53400.0,AADT,Trendline
FM-1403,MN,Hennepin,road-capacity-expansion,From plymouth Blvd to North Ramps at I-494,1/1/2014,1/1/2034,3/1/2016,exurban,0.678,10351,after,MN TRUNK 55,,65,12,2,0,6,2,2,0,10,freeway,10351_9,2024-01-01,0:00:00,24:00:00,volume,58190.0,AADT,1,725,,0:00:00,24:00:00,volume,53400.0,AADT,Trendline
FM-1403,MN,Hennepin,road-capacity-expansion,From plymouth Blvd to North Ramps at I-494,1/1/2014,1/1/2034,3/1/2016,exurban,0.678,10352,before,MN TRUNK 55,,65,12,0,0,4,0,0,0,15,freeway,10352_1,2016-01-01,0:00:00,24:00:00,volume,38500.0,AADT,0,724,,0:00:00,24:00:00,volume,40725.0,AADT,Trendline
FM-1403,MN,Hennepin,road-capacity-expansion,From plymouth Blvd to North Ramps at I-494,1/1/2014,1/1/2034,3/1/2016,exurban,0.678,10352,after,MN TRUNK 55,,65,12,0,0,4,0,0,0,15,freeway,10352_2,2017-01-01,0:00:00,24:00:00,volume,39174.0,AADT,1,724,,0:00:00,24:00:00,volume,40725.0,AADT,Trendline
FM-1403,MN,Hennepin,road-capacity-expansion,From plymouth Blvd to North Ramps at I-494,1/1/2014,1/1/2034,3/1/2016,exurban,0.678,10352,after,MN TRUNK 55,,65,12,0,0,4,0,0,0,15,freeway,10352_3,2018-01-01,0:00:00,24:00:00,volume,41500.0,AADT,1,724,,0:00:00,24:00:00,volume,40725.0,AADT,Trendline
FM-1403,MN,Hennepin,road-capacity-expansion,From plymouth Blvd to North Ramps at I-494,1/1/2014,1/1/2034,3/1/2016,exurban,0.678,10352,after,MN TRUNK 55,,65,12,0,0,4,0,0,0,15,freeway,10352_4,2019-01-01,0:00:00,24:00:00,volume,41583.0,AADT,1,724,,0:00:00,24:00:00,volume,40725.0,AADT,Trendline
FM-1403,MN,Hennepin,road-capacity-expansion,From plymouth Blvd to North Ramps at I-494,1/1/2014,1/1/2034,3/1/2016,exurban,0.678,10352,after,MN TRUNK 55,,65,12,0,0,4,0,0,0,15,freeway,10352_5,2020-01-01,0:00:00,24:00:00,volume,35956.0,AADT,1,724,,0:00:00,24:00:00,volume,40725.0,AADT,Trendline
FM-1403,MN,Hennepin,road-capacity-expansion,From plymouth Blvd to North Ramps at I-494,1/1/2014,1/1/2034,3/1/2016,exurban,0.678,10352,after,MN TRUNK 55,,65,12,0,0,4,0,0,0,15,freeway,10352_6,2021-01-01,0:00:00,24:00:00,volume,39293.0,AADT,1,724,,0:00:00,24:00:00,volume,40725.0,AADT,Trendline
FM-1403,MN,Hennepin,road-capacity-expansion,From plymouth Blvd to North Ramps at I-494,1/1/2014,1/1/2034,3/1/2016,exurban,0.678,10352,after,MN TRUNK 55,,65,12,0,0,4,0,0,0,15,freeway,10352_7,2022-01-01,0:00:00,24:00:00,volume,38468.0,AADT,1,724,,0:00:00,24:00:00,volume,40725.0,AADT,Trendline
FM-1403,MN,Hennepin,road-capacity-expansion,From plymouth Blvd to North Ramps at I-494,1/1/2014,1/1/2034,3/1/2016,exurban,0.678,10352,after,MN TRUNK 55,,65,12,0,0,4,0,0,0,15,freeway,10352_8,2023-01-01,0:00:00,24:00:00,volume,44693.0,AADT,1,724,,0:00:00,24:00:00,volume,40725.0,AADT,Trendline
FM-1403,MN,Hennepin,road-capacity-expansion,From plymouth Blvd to North Ramps at I-494,1/1/2014,1/1/2034,3/1/2016,exurban,0.678,10352,after,MN TRUNK 55,,65,12,0,0,4,0,0,0,15,freeway,10352_9,2024-01-01,0:00:00,24:00:00,volume,38647.0,AADT,1,724,,0:00:00,24:00:00,volume,40725.0,AADT,Trendline
FM-1403,MN,Hennepin,road-capacity-expansion,From plymouth Blvd to North Ramps at I-494,1/1/2014,1/1/2034,3/1/2016,exurban,0.678,10735,before,MN TRUNK 55,,65,11,0,0,4,0,0,0,15,freeway,10735_1,2016-01-01,0:00:00,24:00:00,volume,36000.0,AADT,0,723,,0:00:00,24:00:00,volume,34700.0,AADT,Trendline
FM-1403,MN,Hennepin,road-capacity-expansion,From plymouth Blvd to North Ramps at I-494,1/1/2014,1/1/2034,3/1/2016,exurban,0.678,10735,after,MN TRUNK 55,,65,11,0,0,4,0,0,0,15,freeway,10735_2,2017-01-01,0:00:00,24:00:00,volume,36630.0,AADT,1,723,,0:00:00,24:00:00,volume,34700.0,AADT,Trendline
FM-1403,MN,Hennepin,road-capacity-expansion,From plymouth Blvd to North Ramps at I-494,1/1/2014,1/1/2034,3/1/2016,exurban,0.678,10735,after,MN TRUNK 55,,65,11,0,0,4,0,0,0,15,freeway,10735_3,2018-01-01,0:00:00,24:00:00,volume,36773.0,AADT,1,723,,0:00:00,24:00:00,volume,34700.0,AADT,Trendline
FM-1403,MN,Hennepin,road-capacity-expansion,From plymouth Blvd to North Ramps at I-494,1/1/2014,1/1/2034,3/1/2016,exurban,0.678,10735,after,MN TRUNK 55,,65,11,0,0,4,0,0,0,15,freeway,10735_4,2019-01-01,0:00:00,24:00:00,volume,36847.0,AADT,1,723,,0:00:00,24:00:00,volume,34700.0,AADT,Trendline
FM-1403,MN,Hennepin,road-capacity-expansion,From plymouth Blvd to North Ramps at I-494,1/1/2014,1/1/2034,3/1/2016,exurban,0.678,10735,after,MN TRUNK 55,,65,11,0,0,4,0,0,0,15,freeway,10735_5,2020-01-01,0:00:00,24:00:00,volume,31861.0,AADT,1,723,,0:00:00,24:00:00,volume,34700.0,AADT,Trendline
FM-1403,MN,Hennepin,road-capacity-expansion,From plymouth Blvd to North Ramps at I-494,1/1/2014,1/1/2034,3/1/2016,exurban,0.678,10735,after,MN TRUNK 55,,65,11,0,0,4,0,0,0,15,freeway,10735_6,2021-01-01,0:00:00,24:00:00,volume,36003.0,AADT,1,723,,0:00:00,24:00:00,volume,34700.0,AADT,Trendline
FM-1403,MN,Hennepin,road-capacity-expansion,From plymouth Blvd to North Ramps at I-494,1/1/2014,1/1/2034,3/1/2016,exurban,0.678,10735,after,MN TRUNK 55,,65,11,0,0,4,0,0,0,15,freeway,10735_7,2022-01-01,0:00:00,24:00:00,volume,40408.0,AADT,1,723,,0:00:00,24:00:00,volume,34700.0,AADT,Trendline
FM-1403,MN,Hennepin,road-capacity-expansion,From plymouth Blvd to North Ramps at I-494,1/1/2014,1/1/2034,3/1/2016,exurban,0.678,10735,after,MN TRUNK 55,,65,11,0,0,4,0,0,0,15,freeway,10735_8,2023-01-01,0:00:00,24:00:00,volume,41893.0,AADT,1,723,,0:00:00,24:00:00,volume,34700.0,AADT,Trendline
FM-1403,MN,Hennepin,road-capacity-expansion,From plymouth Blvd to North Ramps at I-494,1/1/2014,1/1/2034,3/1/2016,exurban,0.678,10735,after,MN TRUNK 55,,65,11,0,0,4,0,0,0,15,freeway,10735_9,2024-01-01,0:00:00,24:00:00,volume,43192.0,AADT,1,723,,0:00:00,24:00:00,volume,34700.0,AADT,Trendline
FM-1405,MN,Ramsey,road-capacity-expansion,"County Rd E2 Bridge #9570 over I35W, plus ramps and aux lane along I-35w",1/1/2016,1/1/2036,8/1/2021,exurban,0.38,11252,before,INTERSTATE 35W,,65,11,0,0,6,0,0,0,11,freeway,11252_1,2016-01-01,0:00:00,24:00:00,volume,106000.0,AADT,0,716,,0:00:00,24:00:00,volume,128410.4768,AADT,Travel Model
FM-1405,MN,Ramsey,road-capacity-expansion,"County Rd E2 Bridge #9570 over I35W, plus ramps and aux lane along I-35w",1/1/2016,1/1/2036,8/1/2021,exurban,0.38,11252,before,INTERSTATE 35W,,65,11,0,0,6,0,0,0,11,freeway,11252_2,2017-01-01,0:00:00,24:00:00,volume,113000.0,AADT,0,716,,0:00:00,24:00:00,volume,128410.4768,AADT,Travel Model
FM-1405,MN,Ramsey,road-capacity-expansion,"County Rd E2 Bridge #9570 over I35W, plus ramps and aux lane along I-35w",1/1/2016,1/1/2036,8/1/2021,exurban,0.38,11252,before,INTERSTATE 35W,,65,11,0,0,6,0,0,0,11,freeway,11252_3,2018-01-01,0:00:00,24:00:00,volume,105000.0,AADT,0,716,,0:00:00,24:00:00,volume,128410.4768,AADT,Travel Model
FM-1405,MN,Ramsey,road-capacity-expansion,"County Rd E2 Bridge #9570 over I35W, plus ramps and aux lane along I-35w",1/1/2016,1/1/2036,8/1/2021,exurban,0.38,11252,before,INTERSTATE 35W,,65,11,0,0,6,0,0,0,11,freeway,11252_4,2019-01-01,0:00:00,24:00:00,volume,104161.0,AADT,0,716,,0:00:00,24:00:00,volume,128410.4768,AADT,Travel Model
FM-1405,MN,Ramsey,road-capacity-expansion,"County Rd E2 Bridge #9570 over I35W, plus ramps and aux lane along I-35w",1/1/2016,1/1/2036,8/1/2021,exurban,0.38,11252,before,INTERSTATE 35W,,65,11,0,0,6,0,0,0,11,freeway,11252_5,2020-01-01,0:00:00,24:00:00,volume,83849.0,AADT,0,716,,0:00:00,24:00:00,volume,128410.4768,AADT,Travel Model
FM-1405,MN,Ramsey,road-capacity-expansion,"County Rd E2 Bridge #9570 over I35W, plus ramps and aux lane along I-35w",1/1/2016,1/1/2036,8/1/2021,exurban,0.38,11252,before,INTERSTATE 35W,,65,11,0,0,6,0,0,0,11,freeway,11252_6,2021-01-01,0:00:00,24:00:00,volume,79968.0,AADT,0,716,,0:00:00,24:00:00,volume,128410.4768,AADT,Travel Model
FM-1405,MN,Ramsey,road-capacity-expansion,"County Rd E2 Bridge #9570 over I35W, plus ramps and aux lane along I-35w",1/1/2016,1/1/2036,8/1/2021,exurban,0.38,11252,after,INTERSTATE 35W,,65,11,0,0,8,0,0,0,8,freeway,11252_7,2022-01-01,0:00:00,24:00:00,volume,92977.0,AADT,1,716,,0:00:00,24:00:00,volume,128410.4768,AADT,Travel Model
FM-1405,MN,Ramsey,road-capacity-expansion,"County Rd E2 Bridge #9570 over I35W, plus ramps and aux lane along I-35w",1/1/2016,1/1/2036,8/1/2021,exurban,0.38,11252,after,INTERSTATE 35W,,65,11,0,0,8,0,0,0,8,freeway,11252_8,2023-01-01,0:00:00,24:00:00,volume,101482.0,AADT,1,716,,0:00:00,24:00:00,volume,128410.4768,AADT,Travel Model
FM-1405,MN,Ramsey,road-capacity-expansion,"County Rd E2 Bridge #9570 over I35W, plus ramps and aux lane along I-35w",1/1/2016,1/1/2036,8/1/2021,exurban,0.38,11252,after,INTERSTATE 35W,,65,11,0,0,8,0,0,0,8,freeway,11252_9,2024-01-01,0:00:00,24:00:00,volume,105821.0,AADT,1,716,,0:00:00,24:00:00,volume,128410.4768,AADT,Travel Model
FM-1405,MN,Ramsey,road-capacity-expansion,"County Rd E2 Bridge #9570 over I35W, plus ramps and aux lane along I-35w",1/1/2016,1/1/2036,8/1/2021,exurban,0.38,11252,after,INTERSTATE 35W,,65,11,0,0,8,0,0,0,8,freeway,11252_10,2025-01-01,0:00:00,24:00:00,volume,110522.0,AADT,1,716,,0:00:00,24:00:00,volume,128410.4768,AADT,Travel Model
FM-1405,MN,Ramsey,road-capacity-expansion,"County Rd E2 Bridge #9570 over I35W, plus ramps and aux lane along I-35w",1/1/2016,1/1/2036,8/1/2021,exurban,0.38,11510,before,INTERSTATE 35W,,65,11,0,0,6,0,0,0,11,freeway,11510_1,2016-01-01,0:00:00,24:00:00,volume,105000.0,AADT,0,715,,0:00:00,24:00:00,volume,121913.8203,AADT,Travel Model
FM-1405,MN,Ramsey,road-capacity-expansion,"County Rd E2 Bridge #9570 over I35W, plus ramps and aux lane along I-35w",1/1/2016,1/1/2036,8/1/2021,exurban,0.38,11510,before,INTERSTATE 35W,,65,11,0,0,6,0,0,0,11,freeway,11510_2,2017-01-01,0:00:00,24:00:00,volume,106838.0,AADT,0,715,,0:00:00,24:00:00,volume,121913.8203,AADT,Travel Model
FM-1405,MN,Ramsey,road-capacity-expansion,"County Rd E2 Bridge #9570 over I35W, plus ramps and aux lane along I-35w",1/1/2016,1/1/2036,8/1/2021,exurban,0.38,11510,before,INTERSTATE 35W,,65,11,0,0,6,0,0,0,11,freeway,11510_3,2018-01-01,0:00:00,24:00:00,volume,104000.0,AADT,0,715,,0:00:00,24:00:00,volume,121913.8203,AADT,Travel Model
FM-1405,MN,Ramsey,road-capacity-expansion,"County Rd E2 Bridge #9570 over I35W, plus ramps and aux lane along I-35w",1/1/2016,1/1/2036,8/1/2021,exurban,0.38,11510,before,INTERSTATE 35W,,65,11,0,0,6,0,0,0,11,freeway,11510_4,2019-01-01,0:00:00,24:00:00,volume,103169.0,AADT,0,715,,0:00:00,24:00:00,volume,121913.8203,AADT,Travel Model
FM-1405,MN,Ramsey,road-capacity-expansion,"County Rd E2 Bridge #9570 over I35W, plus ramps and aux lane along I-35w",1/1/2016,1/1/2036,8/1/2021,exurban,0.38,11510,before,INTERSTATE 35W,,65,11,0,0,6,0,0,0,11,freeway,11510_5,2020-01-01,0:00:00,24:00:00,volume,85650.0,AADT,0,715,,0:00:00,24:00:00,volume,121913.8203,AADT,Travel Model
FM-1405,MN,Ramsey,road-capacity-expansion,"County Rd E2 Bridge #9570 over I35W, plus ramps and aux lane along I-35w",1/1/2016,1/1/2036,8/1/2021,exurban,0.38,11510,before,INTERSTATE 35W,,65,11,0,0,6,0,0,0,11,freeway,11510_6,2021-01-01,0:00:00,24:00:00,volume,95046.0,AADT,0,715,,0:00:00,24:00:00,volume,121913.8203,AADT,Travel Model
FM-1405,MN,Ramsey,road-capacity-expansion,"County Rd E2 Bridge #9570 over I35W, plus ramps and aux lane along I-35w",1/1/2016,1/1/2036,8/1/2021,exurban,0.38,11510,after,INTERSTATE 35W,,65,11,0,0,8,0,0,1,11,freeway,11510_7,2022-01-01,0:00:00,24:00:00,volume,96761.0,AADT,1,715,,0:00:00,24:00:00,volume,121913.8203,AADT,Travel Model
FM-1405,MN,Ramsey,road-capacity-expansion,"County Rd E2 Bridge #9570 over I35W, plus ramps and aux lane along I-35w",1/1/2016,1/1/2036,8/1/2021,exurban,0.38,11510,after,INTERSTATE 35W,,65,11,0,0,8,0,0,1,11,freeway,11510_8,2023-01-01,0:00:00,24:00:00,volume,101830.0,AADT,1,715,,0:00:00,24:00:00,volume,121913.8203,AADT,Travel Model
FM-1405,MN,Ramsey,road-capacity-expansion,"County Rd E2 Bridge #9570 over I35W, plus ramps and aux lane along I-35w",1/1/2016,1/1/2036,8/1/2021,exurban,0.38,11510,after,INTERSTATE 35W,,65,11,0,0,8,0,0,1,11,freeway,11510_9,2024-01-01,0:00:00,24:00:00,volume,105571.0,AADT,1,715,,0:00:00,24:00:00,volume,121913.8203,AADT,Travel Model
FM-1405,MN,Ramsey,road-capacity-expansion,"County Rd E2 Bridge #9570 over I35W, plus ramps and aux lane along I-35w",1/1/2016,1/1/2036,8/1/2021,exurban,0.38,11510,after,INTERSTATE 35W,,65,11,0,0,8,0,0,1,11,freeway,11510_10,2025-01-01,0:00:00,24:00:00,volume,109472.0,AADT,1,715,,0:00:00,24:00:00,volume,121913.8203,AADT,Travel Model
FM-1405,MN,Ramsey,road-capacity-expansion,"County Rd E2 Bridge #9570 over I35W, plus ramps and aux lane along I-35w",1/1/2016,1/1/2036,8/1/2021,exurban,0.38,41104,before,INTERSTATE 35W,,55,15,0,0,2,0,0,0,6,minor arterial,41104_1,2016-01-01,0:00:00,24:00:00,volume,10210.0,AADT,0,717,,0:00:00,24:00:00,volume,11018.93854,AADT,Travel Model
FM-1405,MN,Ramsey,road-capacity-expansion,"County Rd E2 Bridge #9570 over I35W, plus ramps and aux lane along I-35w",1/1/2016,1/1/2036,8/1/2021,exurban,0.38,41104,before,INTERSTATE 35W,,55,15,0,0,2,0,0,0,6,minor arterial,41104_2,2017-01-01,0:00:00,24:00:00,volume,11000.0,AADT,0,717,,0:00:00,24:00:00,volume,11018.93854,AADT,Travel Model
FM-1405,MN,Ramsey,road-capacity-expansion,"County Rd E2 Bridge #9570 over I35W, plus ramps and aux lane along I-35w",1/1/2016,1/1/2036,8/1/2021,exurban,0.38,41104,before,INTERSTATE 35W,,55,15,0,0,2,0,0,0,6,minor arterial,41104_3,2018-01-01,0:00:00,24:00:00,volume,11057.0,AADT,0,717,,0:00:00,24:00:00,volume,11018.93854,AADT,Travel Model
FM-1405,MN,Ramsey,road-capacity-expansion,"County Rd E2 Bridge #9570 over I35W, plus ramps and aux lane along I-35w",1/1/2016,1/1/2036,8/1/2021,exurban,0.38,41104,before,INTERSTATE 35W,,55,15,0,0,2,0,0,0,6,minor arterial,41104_4,2019-01-01,0:00:00,24:00:00,volume,10977.0,AADT,0,717,,0:00:00,24:00:00,volume,11018.93854,AADT,Travel Model
FM-1405,MN,Ramsey,road-capacity-expansion,"County Rd E2 Bridge #9570 over I35W, plus ramps and aux lane along I-35w",1/1/2016,1/1/2036,8/1/2021,exurban,0.38,41104,before,INTERSTATE 35W,,55,15,0,0,2,0,0,0,6,minor arterial,41104_5,2020-01-01,0:00:00,24:00:00,volume,8224.0,AADT,0,717,,0:00:00,24:00:00,volume,11018.93854,AADT,Travel Model
FM-1405,MN,Ramsey,road-capacity-expansion,"County Rd E2 Bridge #9570 over I35W, plus ramps and aux lane along I-35w",1/1/2016,1/1/2036,8/1/2021,exurban,0.38,41104,before,INTERSTATE 35W,,55,15,0,0,2,0,0,0,6,minor arterial,41104_6,2021-01-01,0:00:00,24:00:00,volume,8971.0,AADT,0,717,,0:00:00,24:00:00,volume,11018.93854,AADT,Travel Model
FM-1405,MN,Ramsey,road-capacity-expansion,"County Rd E2 Bridge #9570 over I35W, plus ramps and aux lane along I-35w",1/1/2016,1/1/2036,8/1/2021,exurban,0.38,41104,after,INTERSTATE 35W,,55,15,0,1,2,1,0,0,0,minor arterial,41104_7,2022-01-01,0:00:00,24:00:00,volume,9213.0,AADT,1,717,,0:00:00,24:00:00,volume,11018.93854,AADT,Travel Model
FM-1405,MN,Ramsey,road-capacity-expansion,"County Rd E2 Bridge #9570 over I35W, plus ramps and aux lane along I-35w",1/1/2016,1/1/2036,8/1/2021,exurban,0.38,41104,after,INTERSTATE 35W,,55,15,0,1,2,1,0,0,0,minor arterial,41104_8,2023-01-01,0:00:00,24:00:00,volume,11878.0,AADT,1,717,,0:00:00,24:00:00,volume,11018.93854,AADT,Travel Model
FM-1405,MN,Ramsey,road-capacity-expansion,"County Rd E2 Bridge #9570 over I35W, plus ramps and aux lane along I-35w",1/1/2016,1/1/2036,8/1/2021,exurban,0.38,41104,after,INTERSTATE 35W,,55,15,0,1,2,1,0,0,0,minor arterial,41104_9,2024-01-01,0:00:00,24:00:00,volume,11040.0,AADT,1,717,,0:00:00,24:00:00,volume,11018.93854,AADT,Travel Model
FM-1405,MN,Ramsey,road-capacity-expansion,"County Rd E2 Bridge #9570 over I35W, plus ramps and aux lane along I-35w",1/1/2016,1/1/2036,8/1/2021,exurban,0.38,73674,before,INTERSTATE 35W,,65,14,0,0,1,0,0,0,4,ramp,73674_1,2020-01-01,0:00:00,24:00:00,volume,6825.0,AADT,0,721,,0:00:00,24:00:00,volume,3217.87519,AADT,Travel Model
FM-1405,MN,Ramsey,road-capacity-expansion,"County Rd E2 Bridge #9570 over I35W, plus ramps and aux lane along I-35w",1/1/2016,1/1/2036,8/1/2021,exurban,0.38,73674,before,INTERSTATE 35W,,65,14,0,0,1,0,0,0,4,ramp,73674_2,2021-01-01,0:00:00,24:00:00,volume,2246.0,AADT,0,721,,0:00:00,24:00:00,volume,3217.87519,AADT,Travel Model
FM-1405,MN,Ramsey,road-capacity-expansion,"County Rd E2 Bridge #9570 over I35W, plus ramps and aux lane along I-35w",1/1/2016,1/1/2036,8/1/2021,exurban,0.38,73674,after,INTERSTATE 35W,,65,14,0,0,1,0,0,0,4,ramp,73674_3,2022-01-01,0:00:00,24:00:00,volume,2547.0,AADT,1,721,,0:00:00,24:00:00,volume,3217.87519,AADT,Travel Model
FM-1405,MN,Ramsey,road-capacity-expansion,"County Rd E2 Bridge #9570 over I35W, plus ramps and aux lane along I-35w",1/1/2016,1/1/2036,8/1/2021,exurban,0.38,73674,after,INTERSTATE 35W,,65,14,0,0,1,0,0,0,4,ramp,73674_4,2023-01-01,0:00:00,24:00:00,volume,3015.0,AADT,1,721,,0:00:00,24:00:00,volume,3217.87519,AADT,Travel Model
FM-1405,MN,Ramsey,road-capacity-expansion,"County Rd E2 Bridge #9570 over I35W, plus ramps and aux lane along I-35w",1/1/2016,1/1/2036,8/1/2021,exurban,0.38,73674,after,INTERSTATE 35W,,65,14,0,0,1,0,0,0,4,ramp,73674_5,2024-01-01,0:00:00,24:00:00,volume,2970.0,AADT,1,721,,0:00:00,24:00:00,volume,3217.87519,AADT,Travel Model
FM-1405,MN,Ramsey,road-capacity-expansion,"County Rd E2 Bridge #9570 over I35W, plus ramps and aux lane along I-35w",1/1/2016,1/1/2036,8/1/2021,exurban,0.38,73674,after,INTERSTATE 35W,,65,14,0,0,1,0,0,0,4,ramp,73674_6,2025-01-01,0:00:00,24:00:00,volume,2929.0,AADT,1,721,,0:00:00,24:00:00,volume,3217.87519,AADT,Travel Model
FM-1405,MN,Ramsey,road-capacity-expansion,"County Rd E2 Bridge #9570 over I35W, plus ramps and aux lane along I-35w",1/1/2016,1/1/2036,8/1/2021,exurban,0.38,73675,before,INTERSTATE 35W,,65,12,0,0,0,1,1,0,4,ramp,73675_1,2020-01-01,0:00:00,24:00:00,volume,6825.0,AADT,0,720,,0:00:00,24:00:00,volume,3654.369301,AADT,Travel Model
FM-1405,MN,Ramsey,road-capacity-expansion,"County Rd E2 Bridge #9570 over I35W, plus ramps and aux lane along I-35w",1/1/2016,1/1/2036,8/1/2021,exurban,0.38,73675,before,INTERSTATE 35W,,65,12,0,0,0,1,1,0,4,ramp,73675_2,2021-01-01,0:00:00,24:00:00,volume,2998.0,AADT,0,720,,0:00:00,24:00:00,volume,3654.369301,AADT,Travel Model
FM-1405,MN,Ramsey,road-capacity-expansion,"County Rd E2 Bridge #9570 over I35W, plus ramps and aux lane along I-35w",1/1/2016,1/1/2036,8/1/2021,exurban,0.38,73675,after,INTERSTATE 35W,,65,12,0,0,0,1,1,0,4,ramp,73675_3,2022-01-01,0:00:00,24:00:00,volume,3129.0,AADT,1,720,,0:00:00,24:00:00,volume,3654.369301,AADT,Travel Model
FM-1405,MN,Ramsey,road-capacity-expansion,"County Rd E2 Bridge #9570 over I35W, plus ramps and aux lane along I-35w",1/1/2016,1/1/2036,8/1/2021,exurban,0.38,73675,after,INTERSTATE 35W,,65,12,0,0,0,1,1,0,4,ramp,73675_4,2023-01-01,0:00:00,24:00:00,volume,3204.0,AADT,1,720,,0:00:00,24:00:00,volume,3654.369301,AADT,Travel Model
FM-1405,MN,Ramsey,road-capacity-expansion,"County Rd E2 Bridge #9570 over I35W, plus ramps and aux lane along I-35w",1/1/2016,1/1/2036,8/1/2021,exurban,0.38,73675,after,INTERSTATE 35W,,65,12,0,0,0,1,1,0,4,ramp,73675_5,2024-01-01,0:00:00,24:00:00,volume,3181.0,AADT,1,720,,0:00:00,24:00:00,volume,3654.369301,AADT,Travel Model
FM-1405,MN,Ramsey,road-capacity-expansion,"County Rd E2 Bridge #9570 over I35W, plus ramps and aux lane along I-35w",1/1/2016,1/1/2036,8/1/2021,exurban,0.38,73675,after,INTERSTATE 35W,,65,12,0,0,0,1,1,0,4,ramp,73675_6,2025-01-01,0:00:00,24:00:00,volume,3231.0,AADT,1,720,,0:00:00,24:00:00,volume,3654.369301,AADT,Travel Model
FM-1405,MN,Ramsey,road-capacity-expansion,"County Rd E2 Bridge #9570 over I35W, plus ramps and aux lane along I-35w",1/1/2016,1/1/2036,8/1/2021,exurban,0.38,73676,before,INTERSTATE 35W,,65,14,0,0,1,0,0,0,4,ramp,73676_1,2020-01-01,0:00:00,24:00:00,volume,2850.0,AADT,0,719,,0:00:00,24:00:00,volume,3735.577508,AADT,Travel Model
FM-1405,MN,Ramsey,road-capacity-expansion,"County Rd E2 Bridge #9570 over I35W, plus ramps and aux lane along I-35w",1/1/2016,1/1/2036,8/1/2021,exurban,0.38,73676,before,INTERSTATE 35W,,65,14,0,0,1,0,0,0,4,ramp,73676_2,2021-01-01,0:00:00,24:00:00,volume,3065.0,AADT,0,719,,0:00:00,24:00:00,volume,3735.577508,AADT,Travel Model
FM-1405,MN,Ramsey,road-capacity-expansion,"County Rd E2 Bridge #9570 over I35W, plus ramps and aux lane along I-35w",1/1/2016,1/1/2036,8/1/2021,exurban,0.38,73676,after,INTERSTATE 35W,,65,14,0,0,1,0,0,0,4,ramp,73676_3,2022-01-01,0:00:00,24:00:00,volume,3480.0,AADT,1,719,,0:00:00,24:00:00,volume,3735.577508,AADT,Travel Model
FM-1405,MN,Ramsey,road-capacity-expansion,"County Rd E2 Bridge #9570 over I35W, plus ramps and aux lane along I-35w",1/1/2016,1/1/2036,8/1/2021,exurban,0.38,73676,after,INTERSTATE 35W,,65,14,0,0,1,0,0,0,4,ramp,73676_4,2023-01-01,0:00:00,24:00:00,volume,3548.0,AADT,1,719,,0:00:00,24:00:00,volume,3735.577508,AADT,Travel Model
FM-1405,MN,Ramsey,road-capacity-expansion,"County Rd E2 Bridge #9570 over I35W, plus ramps and aux lane along I-35w",1/1/2016,1/1/2036,8/1/2021,exurban,0.38,73676,after,INTERSTATE 35W,,65,14,0,0,1,0,0,0,4,ramp,73676_5,2024-01-01,0:00:00,24:00:00,volume,3527.0,AADT,1,719,,0:00:00,24:00:00,volume,3735.577508,AADT,Travel Model
FM-1405,MN,Ramsey,road-capacity-expansion,"County Rd E2 Bridge #9570 over I35W, plus ramps and aux lane along I-35w",1/1/2016,1/1/2036,8/1/2021,exurban,0.38,73676,after,INTERSTATE 35W,,65,14,0,0,1,0,0,0,4,ramp,73676_6,2025-01-01,0:00:00,24:00:00,volume,3592.0,AADT,1,719,,0:00:00,24:00:00,volume,3735.577508,AADT,Travel Model
FM-1405,MN,Ramsey,road-capacity-expansion,"County Rd E2 Bridge #9570 over I35W, plus ramps and aux lane along I-35w",1/1/2016,1/1/2036,8/1/2021,exurban,0.38,73677,before,INTERSTATE 35W,,65,12,0,0,0,1,1,0,4,ramp,73677_1,2020-01-01,0:00:00,24:00:00,volume,2050.0,AADT,0,718,,0:00:00,24:00:00,volume,3004.703647,AADT,Travel Model
FM-1405,MN,Ramsey,road-capacity-expansion,"County Rd E2 Bridge #9570 over I35W, plus ramps and aux lane along I-35w",1/1/2016,1/1/2036,8/1/2021,exurban,0.38,73677,before,INTERSTATE 35W,,65,12,0,0,0,1,1,0,4,ramp,73677_2,2021-01-01,0:00:00,24:00:00,volume,2449.0,AADT,0,718,,0:00:00,24:00:00,volume,3004.703647,AADT,Travel Model
FM-1405,MN,Ramsey,road-capacity-expansion,"County Rd E2 Bridge #9570 over I35W, plus ramps and aux lane along I-35w",1/1/2016,1/1/2036,8/1/2021,exurban,0.38,73677,after,INTERSTATE 35W,,65,12,0,0,0,1,1,0,4,ramp,73677_3,2022-01-01,0:00:00,24:00:00,volume,2629.0,AADT,1,718,,0:00:00,24:00:00,volume,3004.703647,AADT,Travel Model
FM-1405,MN,Ramsey,road-capacity-expansion,"County Rd E2 Bridge #9570 over I35W, plus ramps and aux lane along I-35w",1/1/2016,1/1/2036,8/1/2021,exurban,0.38,73677,after,INTERSTATE 35W,,65,12,0,0,0,1,1,0,4,ramp,73677_4,2023-01-01,0:00:00,24:00:00,volume,3127.0,AADT,1,718,,0:00:00,24:00:00,volume,3004.703647,AADT,Travel Model
FM-1405,MN,Ramsey,road-capacity-expansion,"County Rd E2 Bridge #9570 over I35W, plus ramps and aux lane along I-35w",1/1/2016,1/1/2036,8/1/2021,exurban,0.38,73677,after,INTERSTATE 35W,,65,12,0,0,0,1,1,0,4,ramp,73677_5,2024-01-01,0:00:00,24:00:00,volume,3105.0,AADT,1,718,,0:00:00,24:00:00,volume,3004.703647,AADT,Travel Model
FM-1405,MN,Ramsey,road-capacity-expansion,"County Rd E2 Bridge #9570 over I35W, plus ramps and aux lane along I-35w",1/1/2016,1/1/2036,8/1/2021,exurban,0.38,73677,after,INTERSTATE 35W,,65,12,0,0,0,1,1,0,4,ramp,73677_6,2025-01-01,0:00:00,24:00:00,volume,3101.0,AADT,1,718,,0:00:00,24:00:00,volume,3004.703647,AADT,Travel Model
FM-1408,MN,Ramsey,new-roadway,CRF over 1-35W,1/1/2015,1/1/2035,3/1/2016,exurban,0.34,39064,before,Lake Valentine Rd,,35,12,0,0,2,0,0,0,4,minor collector,39064_1,1997-01-01,0:00:00,24:00:00,volume,4700.0,AADT,0,756,,0:00:00,24:00:00,volume,6289.554046,AADT,Professional Judgement
FM-1408,MN,Ramsey,new-roadway,CRF over 1-35W,1/1/2015,1/1/2035,3/1/2016,exurban,0.34,39064,before,Lake Valentine Rd,,35,12,0,0,2,0,0,0,4,minor collector,39064_2,2000-01-01,0:00:00,24:00:00,volume,4700.0,AADT,0,756,,0:00:00,24:00:00,volume,6289.554046,AADT,Professional Judgement
FM-1408,MN,Ramsey,new-roadway,CRF over 1-35W,1/1/2015,1/1/2035,3/1/2016,exurban,0.34,39064,before,Lake Valentine Rd,,35,12,0,0,2,0,0,0,4,minor collector,39064_3,2001-01-01,0:00:00,24:00:00,volume,4300.0,AADT,0,756,,0:00:00,24:00:00,volume,6289.554046,AADT,Professional Judgement
FM-1408,MN,Ramsey,new-roadway,CRF over 1-35W,1/1/2015,1/1/2035,3/1/2016,exurban,0.34,39064,before,Lake Valentine Rd,,35,12,0,0,2,0,0,0,4,minor collector,39064_4,2005-01-01,0:00:00,24:00:00,volume,6100.0,AADT,0,756,,0:00:00,24:00:00,volume,6289.554046,AADT,Professional Judgement
FM-1408,MN,Ramsey,new-roadway,CRF over 1-35W,1/1/2015,1/1/2035,3/1/2016,exurban,0.34,39064,before,Lake Valentine Rd,,35,12,0,0,2,0,0,0,4,minor collector,39064_5,2009-01-01,0:00:00,24:00:00,volume,5800.0,AADT,0,756,,0:00:00,24:00:00,volume,6289.554046,AADT,Professional Judgement
FM-1408,MN,Ramsey,new-roadway,CRF over 1-35W,1/1/2015,1/1/2035,3/1/2016,exurban,0.34,39064,before,Lake Valentine Rd,,35,12,0,0,2,0,0,0,4,minor collector,39064_6,2013-01-01,0:00:00,24:00:00,volume,6000.0,AADT,0,756,,0:00:00,24:00:00,volume,6289.554046,AADT,Professional Judgement
FM-1408,MN,Ramsey,new-roadway,CRF over 1-35W,1/1/2015,1/1/2035,3/1/2016,exurban,0.34,39064,before,Lake Valentine Rd,,35,12,0,0,2,0,0,0,4,minor collector,39064_7,2016-01-01,0:00:00,24:00:00,volume,4371.0,AADT,0,756,,0:00:00,24:00:00,volume,6289.554046,AADT,Professional Judgement
FM-1408,MN,Ramsey,new-roadway,CRF over 1-35W,1/1/2015,1/1/2035,3/1/2016,exurban,0.34,39064,after,Lake Valentine Rd,,25,12,0,0,2,0,0,0,14,minor collector,39064_8,2017-01-01,0:00:00,24:00:00,volume,4300.0,AADT,1,756,,0:00:00,24:00:00,volume,6289.554046,AADT,Professional Judgement
FM-1408,MN,Ramsey,new-roadway,CRF over 1-35W,1/1/2015,1/1/2035,3/1/2016,exurban,0.34,39064,after,Lake Valentine Rd,,25,12,0,0,2,0,0,0,14,minor collector,39064_9,2018-01-01,0:00:00,24:00:00,volume,4322.0,AADT,1,756,,0:00:00,24:00:00,volume,6289.554046,AADT,Professional Judgement
FM-1408,MN,Ramsey,new-roadway,CRF over 1-35W,1/1/2015,1/1/2035,3/1/2016,exurban,0.34,39064,after,Lake Valentine Rd,,25,12,0,0,2,0,0,0,14,minor collector,39064_10,2019-01-01,0:00:00,24:00:00,volume,4291.0,AADT,1,756,,0:00:00,24:00:00,volume,6289.554046,AADT,Professional Judgement
FM-1408,MN,Ramsey,new-roadway,CRF over 1-35W,1/1/2015,1/1/2035,3/1/2016,exurban,0.34,39064,after,Lake Valentine Rd,,25,12,0,0,2,0,0,0,14,minor collector,39064_11,2020-01-01,0:00:00,24:00:00,volume,3325.0,AADT,1,756,,0:00:00,24:00:00,volume,6289.554046,AADT,Professional Judgement
FM-1408,MN,Ramsey,new-roadway,CRF over 1-35W,1/1/2015,1/1/2035,3/1/2016,exurban,0.34,39064,after,Lake Valentine Rd,,25,12,0,0,2,0,0,0,14,minor collector,39064_12,2021-01-01,0:00:00,24:00:00,volume,3917.0,AADT,1,756,,0:00:00,24:00:00,volume,6289.554046,AADT,Professional Judgement
FM-1408,MN,Ramsey,new-roadway,CRF over 1-35W,1/1/2015,1/1/2035,3/1/2016,exurban,0.34,39064,after,Lake Valentine Rd,,25,12,0,0,2,0,0,0,14,minor collector,39064_13,2022-01-01,0:00:00,24:00:00,volume,2409.0,AADT,1,756,,0:00:00,24:00:00,volume,6289.554046,AADT,Professional Judgement
FM-1408,MN,Ramsey,new-roadway,CRF over 1-35W,1/1/2015,1/1/2035,3/1/2016,exurban,0.34,39064,after,Lake Valentine Rd,,25,12,0,0,2,0,0,0,14,minor collector,39064_14,2023-01-01,0:00:00,24:00:00,volume,2346.0,AADT,1,756,,0:00:00,24:00:00,volume,6289.554046,AADT,Professional Judgement
FM-1408,MN,Ramsey,new-roadway,CRF over 1-35W,1/1/2015,1/1/2035,3/1/2016,exurban,0.34,39064,after,Lake Valentine Rd,,25,12,0,0,2,0,0,0,14,minor collector,39064_15,2024-01-01,0:00:00,24:00:00,volume,2400.0,AADT,1,756,,0:00:00,24:00:00,volume,6289.554046,AADT,Professional Judgement
FM-1410,MN,Ramsey,new-roadway,Hameline Ave N to Victoria St N,1/1/2015,1/1/2035,4/1/2017,suburban,0.31,74115,after,MN TRUNK 36,,55,11,0,0,1,0,0,0,4,ramp,74115_1,2020-01-01,0:00:00,24:00:00,volume,3300.0,AADT,1,764,,0:00:00,24:00:00,volume,3679.264818,AADT,Travel Model
FM-1410,MN,Ramsey,new-roadway,Hameline Ave N to Victoria St N,1/1/2015,1/1/2035,4/1/2017,suburban,0.31,74115,after,MN TRUNK 36,,55,11,0,0,1,0,0,0,4,ramp,74115_2,2021-01-01,0:00:00,24:00:00,volume,3893.0,AADT,1,764,,0:00:00,24:00:00,volume,3679.264818,AADT,Travel Model
FM-1410,MN,Ramsey,new-roadway,Hameline Ave N to Victoria St N,1/1/2015,1/1/2035,4/1/2017,suburban,0.31,74115,after,MN TRUNK 36,,55,11,0,0,1,0,0,0,4,ramp,74115_3,2022-01-01,0:00:00,24:00:00,volume,3876.0,AADT,1,764,,0:00:00,24:00:00,volume,3679.264818,AADT,Travel Model
FM-1410,MN,Ramsey,new-roadway,Hameline Ave N to Victoria St N,1/1/2015,1/1/2035,4/1/2017,suburban,0.31,74115,after,MN TRUNK 36,,55,11,0,0,1,0,0,0,4,ramp,74115_4,2023-01-01,0:00:00,24:00:00,volume,4078.0,AADT,1,764,,0:00:00,24:00:00,volume,3679.264818,AADT,Travel Model
FM-1410,MN,Ramsey,new-roadway,Hameline Ave N to Victoria St N,1/1/2015,1/1/2035,4/1/2017,suburban,0.31,74115,after,MN TRUNK 36,,55,11,0,0,1,0,0,0,4,ramp,74115_5,2024-01-01,0:00:00,24:00:00,volume,4113.0,AADT,1,764,,0:00:00,24:00:00,volume,3679.264818,AADT,Travel Model
FM-1410,MN,Ramsey,new-roadway,Hameline Ave N to Victoria St N,1/1/2015,1/1/2035,4/1/2017,suburban,0.31,74115,after,MN TRUNK 36,,55,11,0,0,1,0,0,0,4,ramp,74115_6,2025-01-01,0:00:00,24:00:00,volume,4215.0,AADT,1,764,,0:00:00,24:00:00,volume,3679.264818,AADT,Travel Model
FM-1410,MN,Ramsey,new-roadway,Hameline Ave N to Victoria St N,1/1/2015,1/1/2035,4/1/2017,suburban,0.31,74118,after,MN TRUNK 36,,55,15,0,0,1,0,0,0,4,ramp,74118_1,2020-01-01,0:00:00,24:00:00,volume,3550.0,AADT,1,763,,0:00:00,24:00:00,volume,4101.883074,AADT,Travel Model
FM-1410,MN,Ramsey,new-roadway,Hameline Ave N to Victoria St N,1/1/2015,1/1/2035,4/1/2017,suburban,0.31,74118,after,MN TRUNK 36,,55,15,0,0,1,0,0,0,4,ramp,74118_2,2021-01-01,0:00:00,24:00:00,volume,3937.0,AADT,1,763,,0:00:00,24:00:00,volume,4101.883074,AADT,Travel Model
FM-1410,MN,Ramsey,new-roadway,Hameline Ave N to Victoria St N,1/1/2015,1/1/2035,4/1/2017,suburban,0.31,74118,after,MN TRUNK 36,,55,15,0,0,1,0,0,0,4,ramp,74118_3,2022-01-01,0:00:00,24:00:00,volume,4039.0,AADT,1,763,,0:00:00,24:00:00,volume,4101.883074,AADT,Travel Model
FM-1410,MN,Ramsey,new-roadway,Hameline Ave N to Victoria St N,1/1/2015,1/1/2035,4/1/2017,suburban,0.31,74118,after,MN TRUNK 36,,55,15,0,0,1,0,0,0,4,ramp,74118_4,2023-01-01,0:00:00,24:00:00,volume,4513.0,AADT,1,763,,0:00:00,24:00:00,volume,4101.883074,AADT,Travel Model
FM-1410,MN,Ramsey,new-roadway,Hameline Ave N to Victoria St N,1/1/2015,1/1/2035,4/1/2017,suburban,0.31,74118,after,MN TRUNK 36,,55,15,0,0,1,0,0,0,4,ramp,74118_5,2024-01-01,0:00:00,24:00:00,volume,4696.0,AADT,1,763,,0:00:00,24:00:00,volume,4101.883074,AADT,Travel Model
FM-1410,MN,Ramsey,new-roadway,Hameline Ave N to Victoria St N,1/1/2015,1/1/2035,4/1/2017,suburban,0.31,74118,after,MN TRUNK 36,,55,15,0,0,1,0,0,0,4,ramp,74118_6,2025-01-01,0:00:00,24:00:00,volume,4706.0,AADT,1,763,,0:00:00,24:00:00,volume,4101.883074,AADT,Travel Model
FM-1504,MN,Hennepin and Dakota,new-roadway,From cliff rd to west 106th St in Burnsville and Bloomington,1/1/2016,1/1/2036,7/1/2022,suburban,1.057,73829,before,INTERSTATE 35W,,65,16,0,0,1,0,0,0,10,freeway,73829_1,2020-01-01,0:00:00,24:00:00,volume,7100.0,AADT,0,778,,0:00:00,24:00:00,volume,7061.545754,AADT,Trendline
FM-1504,MN,Hennepin and Dakota,new-roadway,From cliff rd to west 106th St in Burnsville and Bloomington,1/1/2016,1/1/2036,7/1/2022,suburban,1.057,73829,before,INTERSTATE 35W,,65,16,0,0,1,0,0,0,10,freeway,73829_2,2021-01-01,0:00:00,24:00:00,volume,3967.0,AADT,0,778,,0:00:00,24:00:00,volume,7061.545754,AADT,Trendline
FM-1504,MN,Hennepin and Dakota,new-roadway,From cliff rd to west 106th St in Burnsville and Bloomington,1/1/2016,1/1/2036,7/1/2022,suburban,1.057,73829,before,INTERSTATE 35W,,65,16,0,0,1,0,0,0,10,freeway,73829_3,2022-01-01,0:00:00,24:00:00,volume,4005.0,AADT,0,778,,0:00:00,24:00:00,volume,7061.545754,AADT,Trendline
FM-1504,MN,Hennepin and Dakota,new-roadway,From cliff rd to west 106th St in Burnsville and Bloomington,1/1/2016,1/1/2036,7/1/2022,suburban,1.057,73829,after,INTERSTATE 35W,,65,20,0,0,1,0,0,0,6,freeway,73829_4,2023-01-01,0:00:00,24:00:00,volume,5263.0,AADT,1,778,,0:00:00,24:00:00,volume,7061.545754,AADT,Trendline
FM-1504,MN,Hennepin and Dakota,new-roadway,From cliff rd to west 106th St in Burnsville and Bloomington,1/1/2016,1/1/2036,7/1/2022,suburban,1.057,73829,after,INTERSTATE 35W,,65,20,0,0,1,0,0,0,6,freeway,73829_5,2024-01-01,0:00:00,24:00:00,volume,5349.0,AADT,1,778,,0:00:00,24:00:00,volume,7061.545754,AADT,Trendline
FM-1504,MN,Hennepin and Dakota,new-roadway,From cliff rd to west 106th St in Burnsville and Bloomington,1/1/2016,1/1/2036,7/1/2022,suburban,1.057,73829,after,INTERSTATE 35W,,65,20,0,0,1,0,0,0,6,freeway,73829_6,2025-01-01,0:00:00,24:00:00,volume,4917.0,AADT,1,778,,0:00:00,24:00:00,volume,7061.545754,AADT,Trendline
FM-1504,MN,Hennepin and Dakota,new-roadway,From cliff rd to west 106th St in Burnsville and Bloomington,1/1/2016,1/1/2036,7/1/2022,suburban,1.057,73830,before,INTERSTATE 35W,,65,11,0,0,1,1,1,0,2,freeway,73830_1,2020-01-01,0:00:00,24:00:00,volume,7100.0,AADT,0,779,,0:00:00,24:00:00,volume,5823.797402,AADT,Trendline
FM-1504,MN,Hennepin and Dakota,new-roadway,From cliff rd to west 106th St in Burnsville and Bloomington,1/1/2016,1/1/2036,7/1/2022,suburban,1.057,73830,before,INTERSTATE 35W,,65,11,0,0,1,1,1,0,2,freeway,73830_2,2021-01-01,0:00:00,24:00:00,volume,4075.0,AADT,0,779,,0:00:00,24:00:00,volume,5823.797402,AADT,Trendline
FM-1504,MN,Hennepin and Dakota,new-roadway,From cliff rd to west 106th St in Burnsville and Bloomington,1/1/2016,1/1/2036,7/1/2022,suburban,1.057,73830,before,INTERSTATE 35W,,65,11,0,0,1,1,1,0,2,freeway,73830_3,2022-01-01,0:00:00,24:00:00,volume,4099.0,AADT,0,779,,0:00:00,24:00:00,volume,5823.797402,AADT,Trendline
FM-1504,MN,Hennepin and Dakota,new-roadway,From cliff rd to west 106th St in Burnsville and Bloomington,1/1/2016,1/1/2036,7/1/2022,suburban,1.057,73830,after,INTERSTATE 35W,,65,12,0,0,1,1,1,0,2,freeway,73830_4,2023-01-01,0:00:00,24:00:00,volume,4747.0,AADT,1,779,,0:00:00,24:00:00,volume,5823.797402,AADT,Trendline
FM-1504,MN,Hennepin and Dakota,new-roadway,From cliff rd to west 106th St in Burnsville and Bloomington,1/1/2016,1/1/2036,7/1/2022,suburban,1.057,73830,after,INTERSTATE 35W,,65,12,0,0,1,1,1,0,2,freeway,73830_5,2024-01-01,0:00:00,24:00:00,volume,4903.0,AADT,1,779,,0:00:00,24:00:00,volume,5823.797402,AADT,Trendline
FM-1504,MN,Hennepin and Dakota,new-roadway,From cliff rd to west 106th St in Burnsville and Bloomington,1/1/2016,1/1/2036,7/1/2022,suburban,1.057,73830,after,INTERSTATE 35W,,65,12,0,0,1,1,1,0,2,freeway,73830_6,2025-01-01,0:00:00,24:00:00,volume,4632.0,AADT,1,779,,0:00:00,24:00:00,volume,5823.797402,AADT,Trendline
FM-1504,MN,Hennepin and Dakota,new-roadway,From cliff rd to west 106th St in Burnsville and Bloomington,1/1/2016,1/1/2036,7/1/2022,suburban,1.057,74007,before,INTERSTATE 35W,,65,20,0,0,1,0,0,0,6,ramp,74007_1,2020-01-01,0:00:00,24:00:00,volume,1350.0,AADT,0,786,,0:00:00,24:00:00,volume,1896.689846,AADT,Trendline
FM-1504,MN,Hennepin and Dakota,new-roadway,From cliff rd to west 106th St in Burnsville and Bloomington,1/1/2016,1/1/2036,7/1/2022,suburban,1.057,74007,before,INTERSTATE 35W,,65,20,0,0,1,0,0,0,6,ramp,74007_2,2021-01-01,0:00:00,24:00:00,volume,1448.0,AADT,0,786,,0:00:00,24:00:00,volume,1896.689846,AADT,Trendline
FM-1504,MN,Hennepin and Dakota,new-roadway,From cliff rd to west 106th St in Burnsville and Bloomington,1/1/2016,1/1/2036,7/1/2022,suburban,1.057,74007,before,INTERSTATE 35W,,65,20,0,0,1,0,0,0,6,ramp,74007_3,2022-01-01,0:00:00,24:00:00,volume,1327.0,AADT,0,786,,0:00:00,24:00:00,volume,1896.689846,AADT,Trendline
FM-1504,MN,Hennepin and Dakota,new-roadway,From cliff rd to west 106th St in Burnsville and Bloomington,1/1/2016,1/1/2036,7/1/2022,suburban,1.057,74007,after,INTERSTATE 35W,,65,20,0,0,1,0,0,0,6,ramp,74007_4,2023-01-01,0:00:00,24:00:00,volume,1244.0,AADT,1,786,,0:00:00,24:00:00,volume,1896.689846,AADT,Trendline
FM-1504,MN,Hennepin and Dakota,new-roadway,From cliff rd to west 106th St in Burnsville and Bloomington,1/1/2016,1/1/2036,7/1/2022,suburban,1.057,74007,after,INTERSTATE 35W,,65,20,0,0,1,0,0,0,6,ramp,74007_5,2024-01-01,0:00:00,24:00:00,volume,1358.0,AADT,1,786,,0:00:00,24:00:00,volume,1896.689846,AADT,Trendline
FM-1504,MN,Hennepin and Dakota,new-roadway,From cliff rd to west 106th St in Burnsville and Bloomington,1/1/2016,1/1/2036,7/1/2022,suburban,1.057,74007,after,INTERSTATE 35W,,65,20,0,0,1,0,0,0,6,ramp,74007_6,2025-01-01,0:00:00,24:00:00,volume,1380.0,AADT,1,786,,0:00:00,24:00:00,volume,1896.689846,AADT,Trendline
FM-1504,MN,Hennepin and Dakota,new-roadway,From cliff rd to west 106th St in Burnsville and Bloomington,1/1/2016,1/1/2036,7/1/2022,suburban,1.057,74008,before,INTERSTATE 35W,,65,20,0,0,1,0,0,0,6,ramp,74008_1,2020-01-01,0:00:00,24:00:00,volume,3700.0,AADT,0,785,,0:00:00,24:00:00,volume,8676.998758,AADT,Trendline
FM-1504,MN,Hennepin and Dakota,new-roadway,From cliff rd to west 106th St in Burnsville and Bloomington,1/1/2016,1/1/2036,7/1/2022,suburban,1.057,74008,before,INTERSTATE 35W,,65,20,0,0,1,0,0,0,6,ramp,74008_2,2021-01-01,0:00:00,24:00:00,volume,4337.0,AADT,0,785,,0:00:00,24:00:00,volume,8676.998758,AADT,Trendline
FM-1504,MN,Hennepin and Dakota,new-roadway,From cliff rd to west 106th St in Burnsville and Bloomington,1/1/2016,1/1/2036,7/1/2022,suburban,1.057,74008,before,INTERSTATE 35W,,65,20,0,0,1,0,0,0,6,ramp,74008_3,2022-01-01,0:00:00,24:00:00,volume,4654.0,AADT,0,785,,0:00:00,24:00:00,volume,8676.998758,AADT,Trendline
FM-1504,MN,Hennepin and Dakota,new-roadway,From cliff rd to west 106th St in Burnsville and Bloomington,1/1/2016,1/1/2036,7/1/2022,suburban,1.057,74008,after,INTERSTATE 35W,,65,20,0,0,1,0,0,0,6,ramp,74008_4,2023-01-01,0:00:00,24:00:00,volume,4417.0,AADT,1,785,,0:00:00,24:00:00,volume,8676.998758,AADT,Trendline
FM-1504,MN,Hennepin and Dakota,new-roadway,From cliff rd to west 106th St in Burnsville and Bloomington,1/1/2016,1/1/2036,7/1/2022,suburban,1.057,74008,after,INTERSTATE 35W,,65,20,0,0,1,0,0,0,6,ramp,74008_5,2024-01-01,0:00:00,24:00:00,volume,4740.0,AADT,1,785,,0:00:00,24:00:00,volume,8676.998758,AADT,Trendline
FM-1504,MN,Hennepin and Dakota,new-roadway,From cliff rd to west 106th St in Burnsville and Bloomington,1/1/2016,1/1/2036,7/1/2022,suburban,1.057,74008,after,INTERSTATE 35W,,65,20,0,0,1,0,0,0,6,ramp,74008_6,2025-01-01,0:00:00,24:00:00,volume,4623.0,AADT,1,785,,0:00:00,24:00:00,volume,8676.998758,AADT,Trendline
FM-1504,MN,Hennepin and Dakota,new-roadway,From cliff rd to west 106th St in Burnsville and Bloomington,1/1/2016,1/1/2036,7/1/2022,suburban,1.057,74009,before,INTERSTATE 35W,,65,20,0,0,1,0,0,0,8,ramp,74009_1,2020-01-01,0:00:00,24:00:00,volume,3550.0,AADT,0,788,,0:00:00,24:00:00,volume,8754.581335,AADT,Trendline
FM-1504,MN,Hennepin and Dakota,new-roadway,From cliff rd to west 106th St in Burnsville and Bloomington,1/1/2016,1/1/2036,7/1/2022,suburban,1.057,74009,before,INTERSTATE 35W,,65,20,0,0,1,0,0,0,8,ramp,74009_2,2021-01-01,0:00:00,24:00:00,volume,3755.0,AADT,0,788,,0:00:00,24:00:00,volume,8754.581335,AADT,Trendline
FM-1504,MN,Hennepin and Dakota,new-roadway,From cliff rd to west 106th St in Burnsville and Bloomington,1/1/2016,1/1/2036,7/1/2022,suburban,1.057,74009,before,INTERSTATE 35W,,65,20,0,0,1,0,0,0,8,ramp,74009_3,2022-01-01,0:00:00,24:00:00,volume,3769.0,AADT,0,788,,0:00:00,24:00:00,volume,8754.581335,AADT,Trendline
FM-1504,MN,Hennepin and Dakota,new-roadway,From cliff rd to west 106th St in Burnsville and Bloomington,1/1/2016,1/1/2036,7/1/2022,suburban,1.057,74009,after,INTERSTATE 35W,,65,20,0,0,1,0,0,0,8,ramp,74009_4,2023-01-01,0:00:00,24:00:00,volume,3782.0,AADT,1,788,,0:00:00,24:00:00,volume,8754.581335,AADT,Trendline
FM-1504,MN,Hennepin and Dakota,new-roadway,From cliff rd to west 106th St in Burnsville and Bloomington,1/1/2016,1/1/2036,7/1/2022,suburban,1.057,74009,after,INTERSTATE 35W,,65,20,0,0,1,0,0,0,8,ramp,74009_5,2024-01-01,0:00:00,24:00:00,volume,4083.0,AADT,1,788,,0:00:00,24:00:00,volume,8754.581335,AADT,Trendline
FM-1504,MN,Hennepin and Dakota,new-roadway,From cliff rd to west 106th St in Burnsville and Bloomington,1/1/2016,1/1/2036,7/1/2022,suburban,1.057,74009,after,INTERSTATE 35W,,65,20,0,0,1,0,0,0,8,ramp,74009_6,2025-01-01,0:00:00,24:00:00,volume,3882.0,AADT,1,788,,0:00:00,24:00:00,volume,8754.581335,AADT,Trendline
FM-1504,MN,Hennepin and Dakota,new-roadway,From cliff rd to west 106th St in Burnsville and Bloomington,1/1/2016,1/1/2036,7/1/2022,suburban,1.057,74010,before,INTERSTATE 35W,,65,14,0,0,1,1,0,0,6,ramp,74010_1,2020-01-01,0:00:00,24:00:00,volume,1500.0,AADT,0,789,,0:00:00,24:00:00,volume,204.1646767,AADT,Trendline
FM-1504,MN,Hennepin and Dakota,new-roadway,From cliff rd to west 106th St in Burnsville and Bloomington,1/1/2016,1/1/2036,7/1/2022,suburban,1.057,74010,before,INTERSTATE 35W,,65,14,0,0,1,1,0,0,6,ramp,74010_2,2021-01-01,0:00:00,24:00:00,volume,1601.0,AADT,0,789,,0:00:00,24:00:00,volume,204.1646767,AADT,Trendline
FM-1504,MN,Hennepin and Dakota,new-roadway,From cliff rd to west 106th St in Burnsville and Bloomington,1/1/2016,1/1/2036,7/1/2022,suburban,1.057,74010,before,INTERSTATE 35W,,65,14,0,0,1,1,0,0,6,ramp,74010_3,2022-01-01,0:00:00,24:00:00,volume,1604.0,AADT,0,789,,0:00:00,24:00:00,volume,204.1646767,AADT,Trendline
FM-1504,MN,Hennepin and Dakota,new-roadway,From cliff rd to west 106th St in Burnsville and Bloomington,1/1/2016,1/1/2036,7/1/2022,suburban,1.057,74010,after,INTERSTATE 35W,,65,14,0,0,1,1,0,0,6,ramp,74010_4,2023-01-01,0:00:00,24:00:00,volume,1585.0,AADT,1,789,,0:00:00,24:00:00,volume,204.1646767,AADT,Trendline
FM-1504,MN,Hennepin and Dakota,new-roadway,From cliff rd to west 106th St in Burnsville and Bloomington,1/1/2016,1/1/2036,7/1/2022,suburban,1.057,74010,after,INTERSTATE 35W,,65,14,0,0,1,1,0,0,6,ramp,74010_5,2024-01-01,0:00:00,24:00:00,volume,1637.0,AADT,1,789,,0:00:00,24:00:00,volume,204.1646767,AADT,Trendline
FM-1504,MN,Hennepin and Dakota,new-roadway,From cliff rd to west 106th St in Burnsville and Bloomington,1/1/2016,1/1/2036,7/1/2022,suburban,1.057,74010,after,INTERSTATE 35W,,65,14,0,0,1,1,0,0,6,ramp,74010_6,2025-01-01,0:00:00,24:00:00,volume,1819.0,AADT,1,789,,0:00:00,24:00:00,volume,204.1646767,AADT,Trendline
FM-1504,MN,Hennepin and Dakota,new-roadway,From cliff rd to west 106th St in Burnsville and Bloomington,1/1/2016,1/1/2036,7/1/2022,suburban,1.057,74011,before,INTERSTATE 35W,,65,16,0,0,1,0,0,0,6,ramp,74011_1,2020-01-01,0:00:00,24:00:00,volume,170.0,AADT,0,787,,0:00:00,24:00:00,volume,281.7472538,AADT,Trendline
FM-1504,MN,Hennepin and Dakota,new-roadway,From cliff rd to west 106th St in Burnsville and Bloomington,1/1/2016,1/1/2036,7/1/2022,suburban,1.057,74011,before,INTERSTATE 35W,,65,16,0,0,1,0,0,0,6,ramp,74011_2,2021-01-01,0:00:00,24:00:00,volume,189.0,AADT,0,787,,0:00:00,24:00:00,volume,281.7472538,AADT,Trendline
FM-1504,MN,Hennepin and Dakota,new-roadway,From cliff rd to west 106th St in Burnsville and Bloomington,1/1/2016,1/1/2036,7/1/2022,suburban,1.057,74011,before,INTERSTATE 35W,,65,16,0,0,1,0,0,0,6,ramp,74011_3,2022-01-01,0:00:00,24:00:00,volume,194.0,AADT,0,787,,0:00:00,24:00:00,volume,281.7472538,AADT,Trendline
FM-1504,MN,Hennepin and Dakota,new-roadway,From cliff rd to west 106th St in Burnsville and Bloomington,1/1/2016,1/1/2036,7/1/2022,suburban,1.057,74011,after,INTERSTATE 35W,,65,16,0,0,1,0,0,0,6,ramp,74011_4,2023-01-01,0:00:00,24:00:00,volume,380.0,AADT,1,787,,0:00:00,24:00:00,volume,281.7472538,AADT,Trendline
FM-1504,MN,Hennepin and Dakota,new-roadway,From cliff rd to west 106th St in Burnsville and Bloomington,1/1/2016,1/1/2036,7/1/2022,suburban,1.057,74011,after,INTERSTATE 35W,,65,16,0,0,1,0,0,0,6,ramp,74011_5,2024-01-01,0:00:00,24:00:00,volume,386.0,AADT,1,787,,0:00:00,24:00:00,volume,281.7472538,AADT,Trendline
FM-1504,MN,Hennepin and Dakota,new-roadway,From cliff rd to west 106th St in Burnsville and Bloomington,1/1/2016,1/1/2036,7/1/2022,suburban,1.057,74011,after,INTERSTATE 35W,,65,16,0,0,1,0,0,0,6,ramp,74011_6,2025-01-01,0:00:00,24:00:00,volume,859.0,AADT,1,787,,0:00:00,24:00:00,volume,281.7472538,AADT,Trendline
FM-1504,MN,Hennepin and Dakota,new-roadway,From cliff rd to west 106th St in Burnsville and Bloomington,1/1/2016,1/1/2036,7/1/2022,suburban,1.057,74117,before,INTERSTATE 35W,,65,11,0,0,7,0,0,2,2,ramp,74117_1,2020-01-01,0:00:00,24:00:00,volume,240.0,AADT,0,781,,0:00:00,24:00:00,volume,204.1646767,AADT,Trendline
FM-1504,MN,Hennepin and Dakota,new-roadway,From cliff rd to west 106th St in Burnsville and Bloomington,1/1/2016,1/1/2036,7/1/2022,suburban,1.057,74117,before,INTERSTATE 35W,,65,11,0,0,7,0,0,2,2,ramp,74117_2,2021-01-01,0:00:00,24:00:00,volume,240.0,AADT,0,781,,0:00:00,24:00:00,volume,204.1646767,AADT,Trendline
FM-1504,MN,Hennepin and Dakota,new-roadway,From cliff rd to west 106th St in Burnsville and Bloomington,1/1/2016,1/1/2036,7/1/2022,suburban,1.057,74117,before,INTERSTATE 35W,,65,11,0,0,7,0,0,2,2,ramp,74117_3,2022-01-01,0:00:00,24:00:00,volume,267.0,AADT,0,781,,0:00:00,24:00:00,volume,204.1646767,AADT,Trendline
FM-1504,MN,Hennepin and Dakota,new-roadway,From cliff rd to west 106th St in Burnsville and Bloomington,1/1/2016,1/1/2036,7/1/2022,suburban,1.057,74117,after,INTERSTATE 35W,,65,12,0,0,8,0,0,2,2,ramp,74117_4,2023-01-01,0:00:00,24:00:00,volume,247.0,AADT,1,781,,0:00:00,24:00:00,volume,204.1646767,AADT,Trendline
FM-1504,MN,Hennepin and Dakota,new-roadway,From cliff rd to west 106th St in Burnsville and Bloomington,1/1/2016,1/1/2036,7/1/2022,suburban,1.057,74117,after,INTERSTATE 35W,,65,12,0,0,8,0,0,2,2,ramp,74117_5,2024-01-01,0:00:00,24:00:00,volume,251.0,AADT,1,781,,0:00:00,24:00:00,volume,204.1646767,AADT,Trendline
FM-1504,MN,Hennepin and Dakota,new-roadway,From cliff rd to west 106th St in Burnsville and Bloomington,1/1/2016,1/1/2036,7/1/2022,suburban,1.057,74484,before,INTERSTATE 35W,,65,26,0,0,1,0,0,0,2,ramp,74484_1,2020-01-01,0:00:00,24:00:00,volume,240.0,AADT,0,782,,0:00:00,24:00:00,volume,204.1646767,AADT,Trendline
FM-1504,MN,Hennepin and Dakota,new-roadway,From cliff rd to west 106th St in Burnsville and Bloomington,1/1/2016,1/1/2036,7/1/2022,suburban,1.057,74484,before,INTERSTATE 35W,,65,26,0,0,1,0,0,0,2,ramp,74484_2,2021-01-01,0:00:00,24:00:00,volume,60.0,AADT,0,782,,0:00:00,24:00:00,volume,204.1646767,AADT,Trendline
FM-1504,MN,Hennepin and Dakota,new-roadway,From cliff rd to west 106th St in Burnsville and Bloomington,1/1/2016,1/1/2036,7/1/2022,suburban,1.057,74484,before,INTERSTATE 35W,,65,26,0,0,1,0,0,0,2,ramp,74484_3,2022-01-01,0:00:00,24:00:00,volume,62.0,AADT,0,782,,0:00:00,24:00:00,volume,204.1646767,AADT,Trendline
FM-1504,MN,Hennepin and Dakota,new-roadway,From cliff rd to west 106th St in Burnsville and Bloomington,1/1/2016,1/1/2036,7/1/2022,suburban,1.057,74484,after,INTERSTATE 35W,,65,26,0,0,1,0,0,0,2,ramp,74484_4,2023-01-01,0:00:00,24:00:00,volume,63.0,AADT,1,782,,0:00:00,24:00:00,volume,204.1646767,AADT,Trendline
FM-1504,MN,Hennepin and Dakota,new-roadway,From cliff rd to west 106th St in Burnsville and Bloomington,1/1/2016,1/1/2036,7/1/2022,suburban,1.057,74484,after,INTERSTATE 35W,,65,26,0,0,1,0,0,0,2,ramp,74484_5,2024-01-01,0:00:00,24:00:00,volume,64.0,AADT,1,782,,0:00:00,24:00:00,volume,204.1646767,AADT,Trendline
FM-1504,MN,Hennepin and Dakota,new-roadway,From cliff rd to west 106th St in Burnsville and Bloomington,1/1/2016,1/1/2036,7/1/2022,suburban,1.057,74485,before,INTERSTATE 35W,,65,16,0,0,1,0,0,0,4,ramp,74485_1,2020-01-01,0:00:00,24:00:00,volume,235.0,AADT,0,783,,0:00:00,24:00:00,volume,612.49403,AADT,Trendline
FM-1504,MN,Hennepin and Dakota,new-roadway,From cliff rd to west 106th St in Burnsville and Bloomington,1/1/2016,1/1/2036,7/1/2022,suburban,1.057,74485,before,INTERSTATE 35W,,65,16,0,0,1,0,0,0,4,ramp,74485_2,2021-01-01,0:00:00,24:00:00,volume,296.0,AADT,0,783,,0:00:00,24:00:00,volume,612.49403,AADT,Trendline
FM-1504,MN,Hennepin and Dakota,new-roadway,From cliff rd to west 106th St in Burnsville and Bloomington,1/1/2016,1/1/2036,7/1/2022,suburban,1.057,74485,before,INTERSTATE 35W,,65,16,0,0,1,0,0,0,4,ramp,74485_3,2022-01-01,0:00:00,24:00:00,volume,304.0,AADT,0,783,,0:00:00,24:00:00,volume,612.49403,AADT,Trendline
FM-1504,MN,Hennepin and Dakota,new-roadway,From cliff rd to west 106th St in Burnsville and Bloomington,1/1/2016,1/1/2036,7/1/2022,suburban,1.057,74485,after,INTERSTATE 35W,,65,11,0,0,1,0,0,0,10,ramp,74485_4,2023-01-01,0:00:00,24:00:00,volume,310.0,AADT,1,783,,0:00:00,24:00:00,volume,612.49403,AADT,Trendline
FM-1504,MN,Hennepin and Dakota,new-roadway,From cliff rd to west 106th St in Burnsville and Bloomington,1/1/2016,1/1/2036,7/1/2022,suburban,1.057,74485,after,INTERSTATE 35W,,65,11,0,0,1,0,0,0,10,ramp,74485_5,2024-01-01,0:00:00,24:00:00,volume,315.0,AADT,1,783,,0:00:00,24:00:00,volume,612.49403,AADT,Trendline
FM-1504,MN,Hennepin and Dakota,new-roadway,From cliff rd to west 106th St in Burnsville and Bloomington,1/1/2016,1/1/2036,7/1/2022,suburban,1.057,74486,before,INTERSTATE 35W,,65,14,0,0,1,0,0,0,4,ramp,74486_1,2020-01-01,0:00:00,24:00:00,volume,240.0,AADT,0,784,,0:00:00,24:00:00,volume,204.1646767,AADT,Trendline
FM-1504,MN,Hennepin and Dakota,new-roadway,From cliff rd to west 106th St in Burnsville and Bloomington,1/1/2016,1/1/2036,7/1/2022,suburban,1.057,74486,before,INTERSTATE 35W,,65,14,0,0,1,0,0,0,4,ramp,74486_2,2021-01-01,0:00:00,24:00:00,volume,240.0,AADT,0,784,,0:00:00,24:00:00,volume,204.1646767,AADT,Trendline
FM-1504,MN,Hennepin and Dakota,new-roadway,From cliff rd to west 106th St in Burnsville and Bloomington,1/1/2016,1/1/2036,7/1/2022,suburban,1.057,74486,before,INTERSTATE 35W,,65,14,0,0,1,0,0,0,4,ramp,74486_3,2022-01-01,0:00:00,24:00:00,volume,256.0,AADT,0,784,,0:00:00,24:00:00,volume,204.1646767,AADT,Trendline
FM-1504,MN,Hennepin and Dakota,new-roadway,From cliff rd to west 106th St in Burnsville and Bloomington,1/1/2016,1/1/2036,7/1/2022,suburban,1.057,74486,after,INTERSTATE 35W,,65,11,0,0,1,0,0,0,4,ramp,74486_4,2023-01-01,0:00:00,24:00:00,volume,243.0,AADT,1,784,,0:00:00,24:00:00,volume,204.1646767,AADT,Trendline
FM-1504,MN,Hennepin and Dakota,new-roadway,From cliff rd to west 106th St in Burnsville and Bloomington,1/1/2016,1/1/2036,7/1/2022,suburban,1.057,74486,after,INTERSTATE 35W,,65,11,0,0,1,0,0,0,4,ramp,74486_5,2024-01-01,0:00:00,24:00:00,volume,247.0,AADT,1,784,,0:00:00,24:00:00,volume,204.1646767,AADT,Trendline
FM-1506,MN,Dakota,road-capacity-expansion,From 0.25 MI S OF CSAH86 TO 0.25MI N OF CSAH86 IN CASTLE ROCK,1/1/2017,1/1/2037,4/1/2018,rural,0.484,10568,before,MN TRUNK 3,,55,11,0,1,2,0,1,0,2,principal arterial,10568_1,2016-01-01,0:00:00,24:00:00,volume,4954.0,AADT,0,242,,0:00:00,24:00:00,volume,5645.255684,AADT,Trendline
FM-1506,MN,Dakota,road-capacity-expansion,From 0.25 MI S OF CSAH86 TO 0.25MI N OF CSAH86 IN CASTLE ROCK,1/1/2017,1/1/2037,4/1/2018,rural,0.484,10568,before,MN TRUNK 3,,55,11,0,1,2,0,1,0,2,principal arterial,10568_2,2017-01-01,0:00:00,24:00:00,volume,5041.0,AADT,0,242,,0:00:00,24:00:00,volume,5645.255684,AADT,Trendline
FM-1506,MN,Dakota,road-capacity-expansion,From 0.25 MI S OF CSAH86 TO 0.25MI N OF CSAH86 IN CASTLE ROCK,1/1/2017,1/1/2037,4/1/2018,rural,0.484,10568,before,MN TRUNK 3,,55,11,0,1,2,0,1,0,2,principal arterial,10568_3,2018-01-01,0:00:00,24:00:00,volume,4400.0,AADT,0,242,,0:00:00,24:00:00,volume,5645.255684,AADT,Trendline
FM-1506,MN,Dakota,road-capacity-expansion,From 0.25 MI S OF CSAH86 TO 0.25MI N OF CSAH86 IN CASTLE ROCK,1/1/2017,1/1/2037,4/1/2018,rural,0.484,10568,after,MN TRUNK 3,,55,12,0,1,2,1,1,0,2,principal arterial,10568_4,2019-01-01,0:00:00,24:00:00,volume,4325.0,AADT,1,242,,0:00:00,24:00:00,volume,5645.255684,AADT,Trendline
FM-1506,MN,Dakota,road-capacity-expansion,From 0.25 MI S OF CSAH86 TO 0.25MI N OF CSAH86 IN CASTLE ROCK,1/1/2017,1/1/2037,4/1/2018,rural,0.484,10568,after,MN TRUNK 3,,55,12,0,1,2,1,1,0,2,principal arterial,10568_5,2020-01-01,0:00:00,24:00:00,volume,4001.0,AADT,1,242,,0:00:00,24:00:00,volume,5645.255684,AADT,Trendline
FM-1506,MN,Dakota,road-capacity-expansion,From 0.25 MI S OF CSAH86 TO 0.25MI N OF CSAH86 IN CASTLE ROCK,1/1/2017,1/1/2037,4/1/2018,rural,0.484,10568,after,MN TRUNK 3,,55,12,0,1,2,1,1,0,2,principal arterial,10568_6,2021-01-01,0:00:00,24:00:00,volume,4463.0,AADT,1,242,,0:00:00,24:00:00,volume,5645.255684,AADT,Trendline
FM-1506,MN,Dakota,road-capacity-expansion,From 0.25 MI S OF CSAH86 TO 0.25MI N OF CSAH86 IN CASTLE ROCK,1/1/2017,1/1/2037,4/1/2018,rural,0.484,10568,after,MN TRUNK 3,,55,12,0,1,2,1,1,0,2,principal arterial,10568_7,2022-01-01,0:00:00,24:00:00,volume,4099.0,AADT,1,242,,0:00:00,24:00:00,volume,5645.255684,AADT,Trendline
FM-1506,MN,Dakota,road-capacity-expansion,From 0.25 MI S OF CSAH86 TO 0.25MI N OF CSAH86 IN CASTLE ROCK,1/1/2017,1/1/2037,4/1/2018,rural,0.484,10568,after,MN TRUNK 3,,55,12,0,1,2,1,1,0,2,principal arterial,10568_8,2023-01-01,0:00:00,24:00:00,volume,4107.0,AADT,1,242,,0:00:00,24:00:00,volume,5645.255684,AADT,Trendline
FM-1506,MN,Dakota,road-capacity-expansion,From 0.25 MI S OF CSAH86 TO 0.25MI N OF CSAH86 IN CASTLE ROCK,1/1/2017,1/1/2037,4/1/2018,rural,0.484,10568,after,MN TRUNK 3,,55,12,0,1,2,1,1,0,2,principal arterial,10568_9,2024-01-01,0:00:00,24:00:00,volume,4596.0,AADT,1,242,,0:00:00,24:00:00,volume,5645.255684,AADT,Trendline
FM-1506,MN,Dakota,road-capacity-expansion,From 0.25 MI S OF CSAH86 TO 0.25MI N OF CSAH86 IN CASTLE ROCK,1/1/2017,1/1/2037,4/1/2018,rural,0.484,10569,before,MN TRUNK 3,,55,11,0,1,2,0,1,0,2,principal arterial,10569_1,2016-01-01,0:00:00,24:00:00,volume,4550.0,AADT,0,243,,0:00:00,24:00:00,volume,6122.181155,AADT,Trendline
FM-1506,MN,Dakota,road-capacity-expansion,From 0.25 MI S OF CSAH86 TO 0.25MI N OF CSAH86 IN CASTLE ROCK,1/1/2017,1/1/2037,4/1/2018,rural,0.484,10569,before,MN TRUNK 3,,55,11,0,1,2,0,1,0,2,principal arterial,10569_2,2017-01-01,0:00:00,24:00:00,volume,4630.0,AADT,0,243,,0:00:00,24:00:00,volume,6122.181155,AADT,Trendline
FM-1506,MN,Dakota,road-capacity-expansion,From 0.25 MI S OF CSAH86 TO 0.25MI N OF CSAH86 IN CASTLE ROCK,1/1/2017,1/1/2037,4/1/2018,rural,0.484,10569,before,MN TRUNK 3,,55,11,0,1,2,0,1,0,2,principal arterial,10569_3,2018-01-01,0:00:00,24:00:00,volume,4648.0,AADT,0,243,,0:00:00,24:00:00,volume,6122.181155,AADT,Trendline
FM-1506,MN,Dakota,road-capacity-expansion,From 0.25 MI S OF CSAH86 TO 0.25MI N OF CSAH86 IN CASTLE ROCK,1/1/2017,1/1/2037,4/1/2018,rural,0.484,10569,after,MN TRUNK 3,,55,12,0,1,2,1,1,0,2,principal arterial,10569_4,2019-01-01,0:00:00,24:00:00,volume,4650.0,AADT,1,243,,0:00:00,24:00:00,volume,6122.181155,AADT,Trendline
FM-1506,MN,Dakota,road-capacity-expansion,From 0.25 MI S OF CSAH86 TO 0.25MI N OF CSAH86 IN CASTLE ROCK,1/1/2017,1/1/2037,4/1/2018,rural,0.484,10569,after,MN TRUNK 3,,55,12,0,1,2,1,1,0,2,principal arterial,10569_5,2020-01-01,0:00:00,24:00:00,volume,4301.0,AADT,1,243,,0:00:00,24:00:00,volume,6122.181155,AADT,Trendline
FM-1506,MN,Dakota,road-capacity-expansion,From 0.25 MI S OF CSAH86 TO 0.25MI N OF CSAH86 IN CASTLE ROCK,1/1/2017,1/1/2037,4/1/2018,rural,0.484,10569,after,MN TRUNK 3,,55,12,0,1,2,1,1,0,2,principal arterial,10569_6,2021-01-01,0:00:00,24:00:00,volume,4796.0,AADT,1,243,,0:00:00,24:00:00,volume,6122.181155,AADT,Trendline
FM-1506,MN,Dakota,road-capacity-expansion,From 0.25 MI S OF CSAH86 TO 0.25MI N OF CSAH86 IN CASTLE ROCK,1/1/2017,1/1/2037,4/1/2018,rural,0.484,10569,after,MN TRUNK 3,,55,12,0,1,2,1,1,0,2,principal arterial,10569_7,2022-01-01,0:00:00,24:00:00,volume,4075.0,AADT,1,243,,0:00:00,24:00:00,volume,6122.181155,AADT,Trendline
FM-1506,MN,Dakota,road-capacity-expansion,From 0.25 MI S OF CSAH86 TO 0.25MI N OF CSAH86 IN CASTLE ROCK,1/1/2017,1/1/2037,4/1/2018,rural,0.484,10569,after,MN TRUNK 3,,55,12,0,1,2,1,1,0,2,principal arterial,10569_8,2023-01-01,0:00:00,24:00:00,volume,4083.0,AADT,1,243,,0:00:00,24:00:00,volume,6122.181155,AADT,Trendline
FM-1506,MN,Dakota,road-capacity-expansion,From 0.25 MI S OF CSAH86 TO 0.25MI N OF CSAH86 IN CASTLE ROCK,1/1/2017,1/1/2037,4/1/2018,rural,0.484,10569,after,MN TRUNK 3,,55,12,0,1,2,1,1,0,2,principal arterial,10569_9,2024-01-01,0:00:00,24:00:00,volume,4144.0,AADT,1,243,,0:00:00,24:00:00,volume,6122.181155,AADT,Trendline
FM-1506,MN,Dakota,road-capacity-expansion,From 0.25 MI S OF CSAH86 TO 0.25MI N OF CSAH86 IN CASTLE ROCK,1/1/2017,1/1/2037,4/1/2018,rural,0.484,10569,after,MN TRUNK 3,,55,12,0,1,2,1,1,0,2,principal arterial,10569_10,2025-01-01,0:00:00,24:00:00,volume,5202.0,AADT,1,243,,0:00:00,24:00:00,volume,6122.181155,AADT,Trendline
FM-1601,MN,Dakota,road-capacity-expansion,TH110 from I-35E to I-495,1/1/2017,1/1/2037,,exurban,4.778,10118,after,MN 62,,unknown,unknown,unknown,unknown,unknown,unknown,unknown,unknown,unknown,freeway,10118_1,2016-01-01,0:00:00,24:00:00,volume,28500.0,AADT,1,240,,0:00:00,24:00:00,volume,27814.35389,AADT,Trendline
FM-1601,MN,Dakota,road-capacity-expansion,TH110 from I-35E to I-495,1/1/2017,1/1/2037,,exurban,4.778,10118,after,MN 62,,unknown,unknown,unknown,unknown,unknown,unknown,unknown,unknown,unknown,freeway,10118_2,2017-01-01,0:00:00,24:00:00,volume,28999.0,AADT,1,240,,0:00:00,24:00:00,volume,27814.35389,AADT,Trendline
FM-1601,MN,Dakota,road-capacity-expansion,TH110 from I-35E to I-495,1/1/2017,1/1/2037,,exurban,4.778,10118,after,MN 62,,unknown,unknown,unknown,unknown,unknown,unknown,unknown,unknown,unknown,freeway,10118_3,2018-01-01,0:00:00,24:00:00,volume,29112.0,AADT,1,240,,0:00:00,24:00:00,volume,27814.35389,AADT,Trendline
FM-1601,MN,Dakota,road-capacity-expansion,TH110 from I-35E to I-495,1/1/2017,1/1/2037,,exurban,4.778,10118,after,MN 62,,unknown,unknown,unknown,unknown,unknown,unknown,unknown,unknown,unknown,freeway,10118_4,2019-01-01,0:00:00,24:00:00,volume,30000.0,AADT,1,240,,0:00:00,24:00:00,volume,27814.35389,AADT,Trendline
FM-1601,MN,Dakota,road-capacity-expansion,TH110 from I-35E to I-495,1/1/2017,1/1/2037,,exurban,4.778,10118,after,MN 62,,unknown,unknown,unknown,unknown,unknown,unknown,unknown,unknown,unknown,freeway,10118_5,2020-01-01,0:00:00,24:00:00,volume,22477.0,AADT,1,240,,0:00:00,24:00:00,volume,27814.35389,AADT,Trendline
FM-1601,MN,Dakota,road-capacity-expansion,TH110 from I-35E to I-495,1/1/2017,1/1/2037,,exurban,4.778,10118,after,MN 62,,unknown,unknown,unknown,unknown,unknown,unknown,unknown,unknown,unknown,freeway,10118_6,2021-01-01,0:00:00,24:00:00,volume,24815.0,AADT,1,240,,0:00:00,24:00:00,volume,27814.35389,AADT,Trendline
FM-1601,MN,Dakota,road-capacity-expansion,TH110 from I-35E to I-495,1/1/2017,1/1/2037,,exurban,4.778,10118,after,MN 62,,unknown,unknown,unknown,unknown,unknown,unknown,unknown,unknown,unknown,freeway,10118_7,2022-01-01,0:00:00,24:00:00,volume,25485.0,AADT,1,240,,0:00:00,24:00:00,volume,27814.35389,AADT,Trendline
FM-1601,MN,Dakota,road-capacity-expansion,TH110 from I-35E to I-495,1/1/2017,1/1/2037,,exurban,4.778,10118,after,MN 62,,unknown,unknown,unknown,unknown,unknown,unknown,unknown,unknown,unknown,freeway,10118_8,2023-01-01,0:00:00,24:00:00,volume,28750.0,AADT,1,240,,0:00:00,24:00:00,volume,27814.35389,AADT,Trendline
FM-1601,MN,Dakota,road-capacity-expansion,TH110 from I-35E to I-495,1/1/2017,1/1/2037,,exurban,4.778,10118,after,MN 62,,unknown,unknown,unknown,unknown,unknown,unknown,unknown,unknown,unknown,freeway,10118_9,2024-01-01,0:00:00,24:00:00,volume,32988.0,AADT,1,240,,0:00:00,24:00:00,volume,27814.35389,AADT,Trendline
FM-1601,MN,Dakota,road-capacity-expansion,TH110 from I-35E to I-495,1/1/2017,1/1/2037,,exurban,4.778,10121,after,MN 62,,unknown,unknown,unknown,unknown,unknown,unknown,unknown,unknown,unknown,freeway,10121_1,2016-01-01,0:00:00,24:00:00,volume,33500.0,AADT,1,241,,0:00:00,24:00:00,volume,32480.31253,AADT,Trendline
FM-1601,MN,Dakota,road-capacity-expansion,TH110 from I-35E to I-495,1/1/2017,1/1/2037,,exurban,4.778,10121,after,MN 62,,unknown,unknown,unknown,unknown,unknown,unknown,unknown,unknown,unknown,freeway,10121_2,2017-01-01,0:00:00,24:00:00,volume,34086.0,AADT,1,241,,0:00:00,24:00:00,volume,32480.31253,AADT,Trendline
FM-1601,MN,Dakota,road-capacity-expansion,TH110 from I-35E to I-495,1/1/2017,1/1/2037,,exurban,4.778,10121,after,MN 62,,unknown,unknown,unknown,unknown,unknown,unknown,unknown,unknown,unknown,freeway,10121_3,2018-01-01,0:00:00,24:00:00,volume,34219.0,AADT,1,241,,0:00:00,24:00:00,volume,32480.31253,AADT,Trendline
FM-1601,MN,Dakota,road-capacity-expansion,TH110 from I-35E to I-495,1/1/2017,1/1/2037,,exurban,4.778,10121,after,MN 62,,unknown,unknown,unknown,unknown,unknown,unknown,unknown,unknown,unknown,freeway,10121_4,2019-01-01,0:00:00,24:00:00,volume,34000.0,AADT,1,241,,0:00:00,24:00:00,volume,32480.31253,AADT,Trendline
FM-1601,MN,Dakota,road-capacity-expansion,TH110 from I-35E to I-495,1/1/2017,1/1/2037,,exurban,4.778,10121,after,MN 62,,unknown,unknown,unknown,unknown,unknown,unknown,unknown,unknown,unknown,freeway,10121_5,2020-01-01,0:00:00,24:00:00,volume,25473.0,AADT,1,241,,0:00:00,24:00:00,volume,32480.31253,AADT,Trendline
FM-1601,MN,Dakota,road-capacity-expansion,TH110 from I-35E to I-495,1/1/2017,1/1/2037,,exurban,4.778,10121,after,MN 62,,unknown,unknown,unknown,unknown,unknown,unknown,unknown,unknown,unknown,freeway,10121_6,2021-01-01,0:00:00,24:00:00,volume,28122.0,AADT,1,241,,0:00:00,24:00:00,volume,32480.31253,AADT,Trendline
FM-1601,MN,Dakota,road-capacity-expansion,TH110 from I-35E to I-495,1/1/2017,1/1/2037,,exurban,4.778,10121,after,MN 62,,unknown,unknown,unknown,unknown,unknown,unknown,unknown,unknown,unknown,freeway,10121_7,2022-01-01,0:00:00,24:00:00,volume,28881.0,AADT,1,241,,0:00:00,24:00:00,volume,32480.31253,AADT,Trendline
FM-1601,MN,Dakota,road-capacity-expansion,TH110 from I-35E to I-495,1/1/2017,1/1/2037,,exurban,4.778,10121,after,MN 62,,unknown,unknown,unknown,unknown,unknown,unknown,unknown,unknown,unknown,freeway,10121_8,2023-01-01,0:00:00,24:00:00,volume,33559.0,AADT,1,241,,0:00:00,24:00:00,volume,32480.31253,AADT,Trendline
FM-1601,MN,Dakota,road-capacity-expansion,TH110 from I-35E to I-495,1/1/2017,1/1/2037,,exurban,4.778,10121,after,MN 62,,unknown,unknown,unknown,unknown,unknown,unknown,unknown,unknown,unknown,freeway,10121_9,2024-01-01,0:00:00,24:00:00,volume,38576.0,AADT,1,241,,0:00:00,24:00:00,volume,32480.31253,AADT,Trendline
FM-1601,MN,Dakota,road-capacity-expansion,TH110 from I-35E to I-495,1/1/2017,1/1/2037,,exurban,4.778,10674,after,MN 62,,unknown,unknown,unknown,unknown,unknown,unknown,unknown,unknown,unknown,freeway,10674_1,2016-01-01,0:00:00,24:00:00,volume,30330.0,AADT,1,239,,0:00:00,24:00:00,volume,22573.96837,AADT,Trendline
FM-1601,MN,Dakota,road-capacity-expansion,TH110 from I-35E to I-495,1/1/2017,1/1/2037,,exurban,4.778,10674,after,MN 62,,unknown,unknown,unknown,unknown,unknown,unknown,unknown,unknown,unknown,freeway,10674_2,2017-01-01,0:00:00,24:00:00,volume,30861.0,AADT,1,239,,0:00:00,24:00:00,volume,22573.96837,AADT,Trendline
FM-1601,MN,Dakota,road-capacity-expansion,TH110 from I-35E to I-495,1/1/2017,1/1/2037,,exurban,4.778,10674,after,MN 62,,unknown,unknown,unknown,unknown,unknown,unknown,unknown,unknown,unknown,freeway,10674_3,2018-01-01,0:00:00,24:00:00,volume,31000.0,AADT,1,239,,0:00:00,24:00:00,volume,22573.96837,AADT,Trendline
FM-1601,MN,Dakota,road-capacity-expansion,TH110 from I-35E to I-495,1/1/2017,1/1/2037,,exurban,4.778,10674,after,MN 62,,unknown,unknown,unknown,unknown,unknown,unknown,unknown,unknown,unknown,freeway,10674_4,2019-01-01,0:00:00,24:00:00,volume,33000.0,AADT,1,239,,0:00:00,24:00:00,volume,22573.96837,AADT,Trendline
FM-1601,MN,Dakota,road-capacity-expansion,TH110 from I-35E to I-495,1/1/2017,1/1/2037,,exurban,4.778,10674,after,MN 62,,unknown,unknown,unknown,unknown,unknown,unknown,unknown,unknown,unknown,freeway,10674_5,2020-01-01,0:00:00,24:00:00,volume,24724.0,AADT,1,239,,0:00:00,24:00:00,volume,22573.96837,AADT,Trendline
FM-1601,MN,Dakota,road-capacity-expansion,TH110 from I-35E to I-495,1/1/2017,1/1/2037,,exurban,4.778,10674,after,MN 62,,unknown,unknown,unknown,unknown,unknown,unknown,unknown,unknown,unknown,freeway,10674_6,2021-01-01,0:00:00,24:00:00,volume,27295.0,AADT,1,239,,0:00:00,24:00:00,volume,22573.96837,AADT,Trendline
FM-1601,MN,Dakota,road-capacity-expansion,TH110 from I-35E to I-495,1/1/2017,1/1/2037,,exurban,4.778,10674,after,MN 62,,unknown,unknown,unknown,unknown,unknown,unknown,unknown,unknown,unknown,freeway,10674_7,2022-01-01,0:00:00,24:00:00,volume,28032.0,AADT,1,239,,0:00:00,24:00:00,volume,22573.96837,AADT,Trendline
FM-1601,MN,Dakota,road-capacity-expansion,TH110 from I-35E to I-495,1/1/2017,1/1/2037,,exurban,4.778,10674,after,MN 62,,unknown,unknown,unknown,unknown,unknown,unknown,unknown,unknown,unknown,freeway,10674_8,2023-01-01,0:00:00,24:00:00,volume,29679.0,AADT,1,239,,0:00:00,24:00:00,volume,22573.96837,AADT,Trendline
FM-1601,MN,Dakota,road-capacity-expansion,TH110 from I-35E to I-495,1/1/2017,1/1/2037,,exurban,4.778,10674,after,MN 62,,unknown,unknown,unknown,unknown,unknown,unknown,unknown,unknown,unknown,freeway,10674_9,2024-01-01,0:00:00,24:00:00,volume,33176.0,AADT,1,239,,0:00:00,24:00:00,volume,22573.96837,AADT,Trendline
FM-1602,MN,Washington,road-capacity-expansion,MN 97 at 11 street,1/1/2017,1/1/2037,,rural,0.442,11109,after,MN TRUNK 97,,unknown,unknown,unknown,unknown,unknown,unknown,unknown,unknown,unknown,principal arterial,11109_1,2016-01-01,0:00:00,24:00:00,volume,4800.0,AADT,1,237,,0:00:00,24:00:00,volume,4827.201273,AADT,Trendline
FM-1602,MN,Washington,road-capacity-expansion,MN 97 at 11 street,1/1/2017,1/1/2037,,rural,0.442,11109,after,MN TRUNK 97,,unknown,unknown,unknown,unknown,unknown,unknown,unknown,unknown,unknown,principal arterial,11109_2,2017-01-01,0:00:00,24:00:00,volume,4700.0,AADT,1,237,,0:00:00,24:00:00,volume,4827.201273,AADT,Trendline
FM-1602,MN,Washington,road-capacity-expansion,MN 97 at 11 street,1/1/2017,1/1/2037,,rural,0.442,11109,after,MN TRUNK 97,,unknown,unknown,unknown,unknown,unknown,unknown,unknown,unknown,unknown,principal arterial,11109_3,2018-01-01,0:00:00,24:00:00,volume,4718.0,AADT,1,237,,0:00:00,24:00:00,volume,4827.201273,AADT,Trendline
FM-1602,MN,Washington,road-capacity-expansion,MN 97 at 11 street,1/1/2017,1/1/2037,,rural,0.442,11109,after,MN TRUNK 97,,unknown,unknown,unknown,unknown,unknown,unknown,unknown,unknown,unknown,principal arterial,11109_4,2019-01-01,0:00:00,24:00:00,volume,5100.0,AADT,1,237,,0:00:00,24:00:00,volume,4827.201273,AADT,Trendline
FM-1602,MN,Washington,road-capacity-expansion,MN 97 at 11 street,1/1/2017,1/1/2037,,rural,0.442,11109,after,MN TRUNK 97,,unknown,unknown,unknown,unknown,unknown,unknown,unknown,unknown,unknown,principal arterial,11109_5,2020-01-01,0:00:00,24:00:00,volume,4717.0,AADT,1,237,,0:00:00,24:00:00,volume,4827.201273,AADT,Trendline
FM-1602,MN,Washington,road-capacity-expansion,MN 97 at 11 street,1/1/2017,1/1/2037,,rural,0.442,11109,after,MN TRUNK 97,,unknown,unknown,unknown,unknown,unknown,unknown,unknown,unknown,unknown,principal arterial,11109_6,2021-01-01,0:00:00,24:00:00,volume,5259.0,AADT,1,237,,0:00:00,24:00:00,volume,4827.201273,AADT,Trendline
FM-1602,MN,Washington,road-capacity-expansion,MN 97 at 11 street,1/1/2017,1/1/2037,,rural,0.442,11109,after,MN TRUNK 97,,unknown,unknown,unknown,unknown,unknown,unknown,unknown,unknown,unknown,principal arterial,11109_7,2022-01-01,0:00:00,24:00:00,volume,4288.0,AADT,1,237,,0:00:00,24:00:00,volume,4827.201273,AADT,Trendline
FM-1602,MN,Washington,road-capacity-expansion,MN 97 at 11 street,1/1/2017,1/1/2037,,rural,0.442,11109,after,MN TRUNK 97,,unknown,unknown,unknown,unknown,unknown,unknown,unknown,unknown,unknown,principal arterial,11109_8,2023-01-01,0:00:00,24:00:00,volume,4297.0,AADT,1,237,,0:00:00,24:00:00,volume,4827.201273,AADT,Trendline
FM-1602,MN,Washington,road-capacity-expansion,MN 97 at 11 street,1/1/2017,1/1/2037,,rural,0.442,11109,after,MN TRUNK 97,,unknown,unknown,unknown,unknown,unknown,unknown,unknown,unknown,unknown,principal arterial,11109_9,2024-01-01,0:00:00,24:00:00,volume,4640.0,AADT,1,237,,0:00:00,24:00:00,volume,4827.201273,AADT,Trendline
FM-1602,MN,Washington,road-capacity-expansion,MN 97 at 11 street,1/1/2017,1/1/2037,,rural,0.442,11117,after,MN TRUNK 97,,unknown,unknown,unknown,unknown,unknown,unknown,unknown,unknown,unknown,principal arterial,11117_1,2016-01-01,0:00:00,24:00:00,volume,14056.0,AADT,1,238,,0:00:00,24:00:00,volume,15897.51567,AADT,Trendline
FM-1602,MN,Washington,road-capacity-expansion,MN 97 at 11 street,1/1/2017,1/1/2037,,rural,0.442,11117,after,MN TRUNK 97,,unknown,unknown,unknown,unknown,unknown,unknown,unknown,unknown,unknown,principal arterial,11117_2,2017-01-01,0:00:00,24:00:00,volume,14700.0,AADT,1,238,,0:00:00,24:00:00,volume,15897.51567,AADT,Trendline
FM-1602,MN,Washington,road-capacity-expansion,MN 97 at 11 street,1/1/2017,1/1/2037,,rural,0.442,11117,after,MN TRUNK 97,,unknown,unknown,unknown,unknown,unknown,unknown,unknown,unknown,unknown,principal arterial,11117_3,2018-01-01,0:00:00,24:00:00,volume,14757.0,AADT,1,238,,0:00:00,24:00:00,volume,15897.51567,AADT,Trendline
FM-1602,MN,Washington,road-capacity-expansion,MN 97 at 11 street,1/1/2017,1/1/2037,,rural,0.442,11117,after,MN TRUNK 97,,unknown,unknown,unknown,unknown,unknown,unknown,unknown,unknown,unknown,principal arterial,11117_4,2019-01-01,0:00:00,24:00:00,volume,14100.0,AADT,1,238,,0:00:00,24:00:00,volume,15897.51567,AADT,Trendline
FM-1602,MN,Washington,road-capacity-expansion,MN 97 at 11 street,1/1/2017,1/1/2037,,rural,0.442,11117,after,MN TRUNK 97,,unknown,unknown,unknown,unknown,unknown,unknown,unknown,unknown,unknown,principal arterial,11117_5,2020-01-01,0:00:00,24:00:00,volume,10564.0,AADT,1,238,,0:00:00,24:00:00,volume,15897.51567,AADT,Trendline
FM-1602,MN,Washington,road-capacity-expansion,MN 97 at 11 street,1/1/2017,1/1/2037,,rural,0.442,11117,after,MN TRUNK 97,,unknown,unknown,unknown,unknown,unknown,unknown,unknown,unknown,unknown,principal arterial,11117_6,2021-01-01,0:00:00,24:00:00,volume,11663.0,AADT,1,238,,0:00:00,24:00:00,volume,15897.51567,AADT,Trendline
FM-1602,MN,Washington,road-capacity-expansion,MN 97 at 11 street,1/1/2017,1/1/2037,,rural,0.442,11117,after,MN TRUNK 97,,unknown,unknown,unknown,unknown,unknown,unknown,unknown,unknown,unknown,principal arterial,11117_7,2022-01-01,0:00:00,24:00:00,volume,11978.0,AADT,1,238,,0:00:00,24:00:00,volume,15897.51567,AADT,Trendline
FM-1602,MN,Washington,road-capacity-expansion,MN 97 at 11 street,1/1/2017,1/1/2037,,rural,0.442,11117,after,MN TRUNK 97,,unknown,unknown,unknown,unknown,unknown,unknown,unknown,unknown,unknown,principal arterial,11117_8,2023-01-01,0:00:00,24:00:00,volume,12575.0,AADT,1,238,,0:00:00,24:00:00,volume,15897.51567,AADT,Trendline
FM-1602,MN,Washington,road-capacity-expansion,MN 97 at 11 street,1/1/2017,1/1/2037,,rural,0.442,11117,after,MN TRUNK 97,,unknown,unknown,unknown,unknown,unknown,unknown,unknown,unknown,unknown,principal arterial,11117_9,2024-01-01,0:00:00,24:00:00,volume,11448.0,AADT,1,238,,0:00:00,24:00:00,volume,15897.51567,AADT,Trendline
FM-1603,MN,Hennepin,road-capacity-expansion,"TH 47,  FROM 27TH TO 40TH AVE IN MINNEAPOLIS AND COLUMBIA HEIGHTS",1/1/2018,1/1/2038,,urban,1.34,11569,after,MN TRUNK 47,,unknown,unknown,unknown,unknown,unknown,unknown,unknown,unknown,unknown,principal arterial,11569_1,2016-01-01,0:00:00,24:00:00,volume,15281.0,AADT,1,236,,0:00:00,24:00:00,volume,15423.27228,AADT,Travel Model
FM-1603,MN,Hennepin,road-capacity-expansion,"TH 47,  FROM 27TH TO 40TH AVE IN MINNEAPOLIS AND COLUMBIA HEIGHTS",1/1/2018,1/1/2038,,urban,1.34,11569,after,MN TRUNK 47,,unknown,unknown,unknown,unknown,unknown,unknown,unknown,unknown,unknown,principal arterial,11569_2,2017-01-01,0:00:00,24:00:00,volume,12400.0,AADT,1,236,,0:00:00,24:00:00,volume,15423.27228,AADT,Travel Model
FM-1603,MN,Hennepin,road-capacity-expansion,"TH 47,  FROM 27TH TO 40TH AVE IN MINNEAPOLIS AND COLUMBIA HEIGHTS",1/1/2018,1/1/2038,,urban,1.34,11569,after,MN TRUNK 47,,unknown,unknown,unknown,unknown,unknown,unknown,unknown,unknown,unknown,principal arterial,11569_3,2018-01-01,0:00:00,24:00:00,volume,12448.0,AADT,1,236,,0:00:00,24:00:00,volume,15423.27228,AADT,Travel Model
FM-1603,MN,Hennepin,road-capacity-expansion,"TH 47,  FROM 27TH TO 40TH AVE IN MINNEAPOLIS AND COLUMBIA HEIGHTS",1/1/2018,1/1/2038,,urban,1.34,11569,after,MN TRUNK 47,,unknown,unknown,unknown,unknown,unknown,unknown,unknown,unknown,unknown,principal arterial,11569_4,2019-01-01,0:00:00,24:00:00,volume,12473.0,AADT,1,236,,0:00:00,24:00:00,volume,15423.27228,AADT,Travel Model
FM-1603,MN,Hennepin,road-capacity-expansion,"TH 47,  FROM 27TH TO 40TH AVE IN MINNEAPOLIS AND COLUMBIA HEIGHTS",1/1/2018,1/1/2038,,urban,1.34,11569,after,MN TRUNK 47,,unknown,unknown,unknown,unknown,unknown,unknown,unknown,unknown,unknown,principal arterial,11569_5,2020-01-01,0:00:00,24:00:00,volume,9345.0,AADT,1,236,,0:00:00,24:00:00,volume,15423.27228,AADT,Travel Model
FM-1603,MN,Hennepin,road-capacity-expansion,"TH 47,  FROM 27TH TO 40TH AVE IN MINNEAPOLIS AND COLUMBIA HEIGHTS",1/1/2018,1/1/2038,,urban,1.34,11569,after,MN TRUNK 47,,unknown,unknown,unknown,unknown,unknown,unknown,unknown,unknown,unknown,principal arterial,11569_6,2021-01-01,0:00:00,24:00:00,volume,14547.0,AADT,1,236,,0:00:00,24:00:00,volume,15423.27228,AADT,Travel Model
FM-1603,MN,Hennepin,road-capacity-expansion,"TH 47,  FROM 27TH TO 40TH AVE IN MINNEAPOLIS AND COLUMBIA HEIGHTS",1/1/2018,1/1/2038,,urban,1.34,11569,after,MN TRUNK 47,,unknown,unknown,unknown,unknown,unknown,unknown,unknown,unknown,unknown,principal arterial,11569_7,2022-01-01,0:00:00,24:00:00,volume,14940.0,AADT,1,236,,0:00:00,24:00:00,volume,15423.27228,AADT,Travel Model
FM-1603,MN,Hennepin,road-capacity-expansion,"TH 47,  FROM 27TH TO 40TH AVE IN MINNEAPOLIS AND COLUMBIA HEIGHTS",1/1/2018,1/1/2038,,urban,1.34,11569,after,MN TRUNK 47,,unknown,unknown,unknown,unknown,unknown,unknown,unknown,unknown,unknown,principal arterial,11569_8,2023-01-01,0:00:00,24:00:00,volume,14942.0,AADT,1,236,,0:00:00,24:00:00,volume,15423.27228,AADT,Travel Model
FM-1603,MN,Hennepin,road-capacity-expansion,"TH 47,  FROM 27TH TO 40TH AVE IN MINNEAPOLIS AND COLUMBIA HEIGHTS",1/1/2018,1/1/2038,,urban,1.34,11569,after,MN TRUNK 47,,unknown,unknown,unknown,unknown,unknown,unknown,unknown,unknown,unknown,principal arterial,11569_9,2024-01-01,0:00:00,24:00:00,volume,16006.0,AADT,1,236,,0:00:00,24:00:00,volume,15423.27228,AADT,Travel Model
FM-1603,MN,Hennepin,road-capacity-expansion,"TH 47,  FROM 27TH TO 40TH AVE IN MINNEAPOLIS AND COLUMBIA HEIGHTS",1/1/2018,1/1/2038,,urban,1.34,11569,after,MN TRUNK 47,,unknown,unknown,unknown,unknown,unknown,unknown,unknown,unknown,unknown,principal arterial,11569_10,2025-01-01,0:00:00,24:00:00,volume,16196.0,AADT,1,236,,0:00:00,24:00:00,volume,15423.27228,AADT,Travel Model
FM-1603,MN,Hennepin,road-capacity-expansion,"TH 47,  FROM 27TH TO 40TH AVE IN MINNEAPOLIS AND COLUMBIA HEIGHTS",1/1/2018,1/1/2038,,urban,1.34,11570,after,MN TRUNK 47,,unknown,unknown,unknown,unknown,unknown,unknown,unknown,unknown,unknown,freeway,11570_1,2016-01-01,0:00:00,24:00:00,volume,14775.0,AADT,1,235,,0:00:00,24:00:00,volume,14896.25056,AADT,Travel Model
FM-1603,MN,Hennepin,road-capacity-expansion,"TH 47,  FROM 27TH TO 40TH AVE IN MINNEAPOLIS AND COLUMBIA HEIGHTS",1/1/2018,1/1/2038,,urban,1.34,11570,after,MN TRUNK 47,,unknown,unknown,unknown,unknown,unknown,unknown,unknown,unknown,unknown,freeway,11570_2,2017-01-01,0:00:00,24:00:00,volume,13700.0,AADT,1,235,,0:00:00,24:00:00,volume,14896.25056,AADT,Travel Model
FM-1603,MN,Hennepin,road-capacity-expansion,"TH 47,  FROM 27TH TO 40TH AVE IN MINNEAPOLIS AND COLUMBIA HEIGHTS",1/1/2018,1/1/2038,,urban,1.34,11570,after,MN TRUNK 47,,unknown,unknown,unknown,unknown,unknown,unknown,unknown,unknown,unknown,freeway,11570_3,2018-01-01,0:00:00,24:00:00,volume,13753.0,AADT,1,235,,0:00:00,24:00:00,volume,14896.25056,AADT,Travel Model
FM-1603,MN,Hennepin,road-capacity-expansion,"TH 47,  FROM 27TH TO 40TH AVE IN MINNEAPOLIS AND COLUMBIA HEIGHTS",1/1/2018,1/1/2038,,urban,1.34,11570,after,MN TRUNK 47,,unknown,unknown,unknown,unknown,unknown,unknown,unknown,unknown,unknown,freeway,11570_4,2019-01-01,0:00:00,24:00:00,volume,13781.0,AADT,1,235,,0:00:00,24:00:00,volume,14896.25056,AADT,Travel Model
FM-1603,MN,Hennepin,road-capacity-expansion,"TH 47,  FROM 27TH TO 40TH AVE IN MINNEAPOLIS AND COLUMBIA HEIGHTS",1/1/2018,1/1/2038,,urban,1.34,11570,after,MN TRUNK 47,,unknown,unknown,unknown,unknown,unknown,unknown,unknown,unknown,unknown,freeway,11570_5,2020-01-01,0:00:00,24:00:00,volume,10325.0,AADT,1,235,,0:00:00,24:00:00,volume,14896.25056,AADT,Travel Model
FM-1603,MN,Hennepin,road-capacity-expansion,"TH 47,  FROM 27TH TO 40TH AVE IN MINNEAPOLIS AND COLUMBIA HEIGHTS",1/1/2018,1/1/2038,,urban,1.34,11570,after,MN TRUNK 47,,unknown,unknown,unknown,unknown,unknown,unknown,unknown,unknown,unknown,freeway,11570_6,2021-01-01,0:00:00,24:00:00,volume,13902.0,AADT,1,235,,0:00:00,24:00:00,volume,14896.25056,AADT,Travel Model
FM-1603,MN,Hennepin,road-capacity-expansion,"TH 47,  FROM 27TH TO 40TH AVE IN MINNEAPOLIS AND COLUMBIA HEIGHTS",1/1/2018,1/1/2038,,urban,1.34,11570,after,MN TRUNK 47,,unknown,unknown,unknown,unknown,unknown,unknown,unknown,unknown,unknown,freeway,11570_7,2022-01-01,0:00:00,24:00:00,volume,14277.0,AADT,1,235,,0:00:00,24:00:00,volume,14896.25056,AADT,Travel Model
FM-1603,MN,Hennepin,road-capacity-expansion,"TH 47,  FROM 27TH TO 40TH AVE IN MINNEAPOLIS AND COLUMBIA HEIGHTS",1/1/2018,1/1/2038,,urban,1.34,11570,after,MN TRUNK 47,,unknown,unknown,unknown,unknown,unknown,unknown,unknown,unknown,unknown,freeway,11570_8,2023-01-01,0:00:00,24:00:00,volume,14974.0,AADT,1,235,,0:00:00,24:00:00,volume,14896.25056,AADT,Travel Model
FM-1603,MN,Hennepin,road-capacity-expansion,"TH 47,  FROM 27TH TO 40TH AVE IN MINNEAPOLIS AND COLUMBIA HEIGHTS",1/1/2018,1/1/2038,,urban,1.34,11570,after,MN TRUNK 47,,unknown,unknown,unknown,unknown,unknown,unknown,unknown,unknown,unknown,freeway,11570_9,2024-01-01,0:00:00,24:00:00,volume,15513.0,AADT,1,235,,0:00:00,24:00:00,volume,14896.25056,AADT,Travel Model
FM-1603,MN,Hennepin,road-capacity-expansion,"TH 47,  FROM 27TH TO 40TH AVE IN MINNEAPOLIS AND COLUMBIA HEIGHTS",1/1/2018,1/1/2038,,urban,1.34,11570,after,MN TRUNK 47,,unknown,unknown,unknown,unknown,unknown,unknown,unknown,unknown,unknown,freeway,11570_10,2025-01-01,0:00:00,24:00:00,volume,16129.0,AADT,1,235,,0:00:00,24:00:00,volume,14896.25056,AADT,Travel Model
FM-1604,MN,Dakota,road-capacity-expansion,From MN 149 to Ann Marie Trail,1/1/2017,1/1/2037,,rural,1.839,10619,after,MN TRUNK 3,,unknown,unknown,unknown,unknown,unknown,unknown,unknown,unknown,unknown,principal arterial,10619_1,2016-01-01,0:00:00,24:00:00,volume,5965.0,AADT,1,231,,0:00:00,24:00:00,volume,7648.947319,AADT,Trendline
FM-1604,MN,Dakota,road-capacity-expansion,From MN 149 to Ann Marie Trail,1/1/2017,1/1/2037,,rural,1.839,10619,after,MN TRUNK 3,,unknown,unknown,unknown,unknown,unknown,unknown,unknown,unknown,unknown,principal arterial,10619_2,2017-01-01,0:00:00,24:00:00,volume,7100.0,AADT,1,231,,0:00:00,24:00:00,volume,7648.947319,AADT,Trendline
FM-1604,MN,Dakota,road-capacity-expansion,From MN 149 to Ann Marie Trail,1/1/2017,1/1/2037,,rural,1.839,10619,after,MN TRUNK 3,,unknown,unknown,unknown,unknown,unknown,unknown,unknown,unknown,unknown,principal arterial,10619_3,2018-01-01,0:00:00,24:00:00,volume,7128.0,AADT,1,231,,0:00:00,24:00:00,volume,7648.947319,AADT,Trendline
FM-1604,MN,Dakota,road-capacity-expansion,From MN 149 to Ann Marie Trail,1/1/2017,1/1/2037,,rural,1.839,10619,after,MN TRUNK 3,,unknown,unknown,unknown,unknown,unknown,unknown,unknown,unknown,unknown,principal arterial,10619_4,2019-01-01,0:00:00,24:00:00,volume,7007.0,AADT,1,231,,0:00:00,24:00:00,volume,7648.947319,AADT,Trendline
FM-1604,MN,Dakota,road-capacity-expansion,From MN 149 to Ann Marie Trail,1/1/2017,1/1/2037,,rural,1.839,10619,after,MN TRUNK 3,,unknown,unknown,unknown,unknown,unknown,unknown,unknown,unknown,unknown,principal arterial,10619_5,2020-01-01,0:00:00,24:00:00,volume,5250.0,AADT,1,231,,0:00:00,24:00:00,volume,7648.947319,AADT,Trendline
FM-1604,MN,Dakota,road-capacity-expansion,From MN 149 to Ann Marie Trail,1/1/2017,1/1/2037,,rural,1.839,10619,after,MN TRUNK 3,,unknown,unknown,unknown,unknown,unknown,unknown,unknown,unknown,unknown,principal arterial,10619_6,2021-01-01,0:00:00,24:00:00,volume,5796.0,AADT,1,231,,0:00:00,24:00:00,volume,7648.947319,AADT,Trendline
FM-1604,MN,Dakota,road-capacity-expansion,From MN 149 to Ann Marie Trail,1/1/2017,1/1/2037,,rural,1.839,10619,after,MN TRUNK 3,,unknown,unknown,unknown,unknown,unknown,unknown,unknown,unknown,unknown,principal arterial,10619_7,2022-01-01,0:00:00,24:00:00,volume,5461.0,AADT,1,231,,0:00:00,24:00:00,volume,7648.947319,AADT,Trendline
FM-1604,MN,Dakota,road-capacity-expansion,From MN 149 to Ann Marie Trail,1/1/2017,1/1/2037,,rural,1.839,10619,after,MN TRUNK 3,,unknown,unknown,unknown,unknown,unknown,unknown,unknown,unknown,unknown,principal arterial,10619_8,2023-01-01,0:00:00,24:00:00,volume,5412.0,AADT,1,231,,0:00:00,24:00:00,volume,7648.947319,AADT,Trendline
FM-1604,MN,Dakota,road-capacity-expansion,From MN 149 to Ann Marie Trail,1/1/2017,1/1/2037,,rural,1.839,10619,after,MN TRUNK 3,,unknown,unknown,unknown,unknown,unknown,unknown,unknown,unknown,unknown,principal arterial,10619_9,2024-01-01,0:00:00,24:00:00,volume,7158.0,AADT,1,231,,0:00:00,24:00:00,volume,7648.947319,AADT,Trendline
FM-1604,MN,Dakota,road-capacity-expansion,From MN 149 to Ann Marie Trail,1/1/2017,1/1/2037,,rural,1.839,10621,after,MN TRUNK 149,,unknown,unknown,unknown,unknown,unknown,unknown,unknown,unknown,unknown,principal arterial,10621_1,2016-01-01,0:00:00,24:00:00,volume,7178.0,AADT,1,233,,0:00:00,24:00:00,volume,8777.645738,AADT,Trendline
FM-1604,MN,Dakota,road-capacity-expansion,From MN 149 to Ann Marie Trail,1/1/2017,1/1/2037,,rural,1.839,10621,after,MN TRUNK 149,,unknown,unknown,unknown,unknown,unknown,unknown,unknown,unknown,unknown,principal arterial,10621_2,2017-01-01,0:00:00,24:00:00,volume,7500.0,AADT,1,233,,0:00:00,24:00:00,volume,8777.645738,AADT,Trendline
FM-1604,MN,Dakota,road-capacity-expansion,From MN 149 to Ann Marie Trail,1/1/2017,1/1/2037,,rural,1.839,10621,after,MN TRUNK 149,,unknown,unknown,unknown,unknown,unknown,unknown,unknown,unknown,unknown,principal arterial,10621_3,2018-01-01,0:00:00,24:00:00,volume,7529.0,AADT,1,233,,0:00:00,24:00:00,volume,8777.645738,AADT,Trendline
FM-1604,MN,Dakota,road-capacity-expansion,From MN 149 to Ann Marie Trail,1/1/2017,1/1/2037,,rural,1.839,10621,after,MN TRUNK 149,,unknown,unknown,unknown,unknown,unknown,unknown,unknown,unknown,unknown,principal arterial,10621_4,2019-01-01,0:00:00,24:00:00,volume,7401.0,AADT,1,233,,0:00:00,24:00:00,volume,8777.645738,AADT,Trendline
FM-1604,MN,Dakota,road-capacity-expansion,From MN 149 to Ann Marie Trail,1/1/2017,1/1/2037,,rural,1.839,10621,after,MN TRUNK 149,,unknown,unknown,unknown,unknown,unknown,unknown,unknown,unknown,unknown,principal arterial,10621_5,2020-01-01,0:00:00,24:00:00,volume,5100.0,AADT,1,233,,0:00:00,24:00:00,volume,8777.645738,AADT,Trendline
FM-1604,MN,Dakota,road-capacity-expansion,From MN 149 to Ann Marie Trail,1/1/2017,1/1/2037,,rural,1.839,10621,after,MN TRUNK 149,,unknown,unknown,unknown,unknown,unknown,unknown,unknown,unknown,unknown,principal arterial,10621_6,2021-01-01,0:00:00,24:00:00,volume,6653.0,AADT,1,233,,0:00:00,24:00:00,volume,8777.645738,AADT,Trendline
FM-1604,MN,Dakota,road-capacity-expansion,From MN 149 to Ann Marie Trail,1/1/2017,1/1/2037,,rural,1.839,10621,after,MN TRUNK 149,,unknown,unknown,unknown,unknown,unknown,unknown,unknown,unknown,unknown,principal arterial,10621_7,2022-01-01,0:00:00,24:00:00,volume,6393.0,AADT,1,233,,0:00:00,24:00:00,volume,8777.645738,AADT,Trendline
FM-1604,MN,Dakota,road-capacity-expansion,From MN 149 to Ann Marie Trail,1/1/2017,1/1/2037,,rural,1.839,10621,after,MN TRUNK 149,,unknown,unknown,unknown,unknown,unknown,unknown,unknown,unknown,unknown,principal arterial,10621_8,2023-01-01,0:00:00,24:00:00,volume,6336.0,AADT,1,233,,0:00:00,24:00:00,volume,8777.645738,AADT,Trendline
FM-1604,MN,Dakota,road-capacity-expansion,From MN 149 to Ann Marie Trail,1/1/2017,1/1/2037,,rural,1.839,10621,after,MN TRUNK 149,,unknown,unknown,unknown,unknown,unknown,unknown,unknown,unknown,unknown,principal arterial,10621_9,2024-01-01,0:00:00,24:00:00,volume,7483.0,AADT,1,233,,0:00:00,24:00:00,volume,8777.645738,AADT,Trendline
FM-1604,MN,Dakota,road-capacity-expansion,From MN 149 to Ann Marie Trail,1/1/2017,1/1/2037,,rural,1.839,10663,after,MN TRUNK 3,,unknown,unknown,unknown,unknown,unknown,unknown,unknown,unknown,unknown,principal arterial,10663_1,2016-01-01,0:00:00,24:00:00,volume,7178.0,AADT,1,232,,0:00:00,24:00:00,volume,9100.131,AADT,Trendline
FM-1604,MN,Dakota,road-capacity-expansion,From MN 149 to Ann Marie Trail,1/1/2017,1/1/2037,,rural,1.839,10663,after,MN TRUNK 3,,unknown,unknown,unknown,unknown,unknown,unknown,unknown,unknown,unknown,principal arterial,10663_2,2017-01-01,0:00:00,24:00:00,volume,8500.0,AADT,1,232,,0:00:00,24:00:00,volume,9100.131,AADT,Trendline
FM-1604,MN,Dakota,road-capacity-expansion,From MN 149 to Ann Marie Trail,1/1/2017,1/1/2037,,rural,1.839,10663,after,MN TRUNK 3,,unknown,unknown,unknown,unknown,unknown,unknown,unknown,unknown,unknown,principal arterial,10663_3,2018-01-01,0:00:00,24:00:00,volume,8533.0,AADT,1,232,,0:00:00,24:00:00,volume,9100.131,AADT,Trendline
FM-1604,MN,Dakota,road-capacity-expansion,From MN 149 to Ann Marie Trail,1/1/2017,1/1/2037,,rural,1.839,10663,after,MN TRUNK 3,,unknown,unknown,unknown,unknown,unknown,unknown,unknown,unknown,unknown,principal arterial,10663_4,2019-01-01,0:00:00,24:00:00,volume,8388.0,AADT,1,232,,0:00:00,24:00:00,volume,9100.131,AADT,Trendline
FM-1604,MN,Dakota,road-capacity-expansion,From MN 149 to Ann Marie Trail,1/1/2017,1/1/2037,,rural,1.839,10663,after,MN TRUNK 3,,unknown,unknown,unknown,unknown,unknown,unknown,unknown,unknown,unknown,principal arterial,10663_5,2020-01-01,0:00:00,24:00:00,volume,6284.0,AADT,1,232,,0:00:00,24:00:00,volume,9100.131,AADT,Trendline
FM-1604,MN,Dakota,road-capacity-expansion,From MN 149 to Ann Marie Trail,1/1/2017,1/1/2037,,rural,1.839,10663,after,MN TRUNK 3,,unknown,unknown,unknown,unknown,unknown,unknown,unknown,unknown,unknown,principal arterial,10663_6,2021-01-01,0:00:00,24:00:00,volume,6938.0,AADT,1,232,,0:00:00,24:00:00,volume,9100.131,AADT,Trendline
FM-1604,MN,Dakota,road-capacity-expansion,From MN 149 to Ann Marie Trail,1/1/2017,1/1/2037,,rural,1.839,10663,after,MN TRUNK 3,,unknown,unknown,unknown,unknown,unknown,unknown,unknown,unknown,unknown,principal arterial,10663_7,2022-01-01,0:00:00,24:00:00,volume,6420.0,AADT,1,232,,0:00:00,24:00:00,volume,9100.131,AADT,Trendline
FM-1604,MN,Dakota,road-capacity-expansion,From MN 149 to Ann Marie Trail,1/1/2017,1/1/2037,,rural,1.839,10663,after,MN TRUNK 3,,unknown,unknown,unknown,unknown,unknown,unknown,unknown,unknown,unknown,principal arterial,10663_8,2023-01-01,0:00:00,24:00:00,volume,6362.0,AADT,1,232,,0:00:00,24:00:00,volume,9100.131,AADT,Trendline
FM-1604,MN,Dakota,road-capacity-expansion,From MN 149 to Ann Marie Trail,1/1/2017,1/1/2037,,rural,1.839,10663,after,MN TRUNK 3,,unknown,unknown,unknown,unknown,unknown,unknown,unknown,unknown,unknown,principal arterial,10663_9,2024-01-01,0:00:00,24:00:00,volume,7591.0,AADT,1,232,,0:00:00,24:00:00,volume,9100.131,AADT,Trendline
FM-1604,MN,Dakota,road-capacity-expansion,From MN 149 to Ann Marie Trail,1/1/2017,1/1/2037,,rural,1.839,10663,after,MN TRUNK 3,,unknown,unknown,unknown,unknown,unknown,unknown,unknown,unknown,unknown,principal arterial,10663_10,2025-01-01,0:00:00,24:00:00,volume,9376.0,AADT,1,232,,0:00:00,24:00:00,volume,9100.131,AADT,Trendline
FM-1605,MN,Washington and Anoka,road-capacity-expansion,.25 north of US 8 to I-35W 1 miles south of the split and I-35E 1 mile south of the split,1/1/2018,1/1/2038,,rural,3.82,11125,after,INTERSTATE 35,,unknown,unknown,unknown,unknown,unknown,unknown,unknown,unknown,unknown,ramp,11125_1,2016-01-01,0:00:00,24:00:00,volume,22800.0,AADT,1,229,,0:00:00,24:00:00,volume,10498.40063,AADT,Travel Model
FM-1605,MN,Washington and Anoka,road-capacity-expansion,.25 north of US 8 to I-35W 1 miles south of the split and I-35E 1 mile south of the split,1/1/2018,1/1/2038,,rural,3.82,11125,after,INTERSTATE 35,,unknown,unknown,unknown,unknown,unknown,unknown,unknown,unknown,unknown,ramp,11125_2,2017-01-01,0:00:00,24:00:00,volume,21900.0,AADT,1,229,,0:00:00,24:00:00,volume,10498.40063,AADT,Travel Model
FM-1605,MN,Washington and Anoka,road-capacity-expansion,.25 north of US 8 to I-35W 1 miles south of the split and I-35E 1 mile south of the split,1/1/2018,1/1/2038,,rural,3.82,11125,after,INTERSTATE 35,,unknown,unknown,unknown,unknown,unknown,unknown,unknown,unknown,unknown,ramp,11125_3,2018-01-01,0:00:00,24:00:00,volume,21985.0,AADT,1,229,,0:00:00,24:00:00,volume,10498.40063,AADT,Travel Model
FM-1605,MN,Washington and Anoka,road-capacity-expansion,.25 north of US 8 to I-35W 1 miles south of the split and I-35E 1 mile south of the split,1/1/2018,1/1/2038,,rural,3.82,11125,after,INTERSTATE 35,,unknown,unknown,unknown,unknown,unknown,unknown,unknown,unknown,unknown,ramp,11125_4,2019-01-01,0:00:00,24:00:00,volume,22600.0,AADT,1,229,,0:00:00,24:00:00,volume,10498.40063,AADT,Travel Model
FM-1605,MN,Washington and Anoka,road-capacity-expansion,.25 north of US 8 to I-35W 1 miles south of the split and I-35E 1 mile south of the split,1/1/2018,1/1/2038,,rural,3.82,11125,after,INTERSTATE 35,,unknown,unknown,unknown,unknown,unknown,unknown,unknown,unknown,unknown,ramp,11125_5,2020-01-01,0:00:00,24:00:00,volume,19542.0,AADT,1,229,,0:00:00,24:00:00,volume,10498.40063,AADT,Travel Model
FM-1605,MN,Washington and Anoka,road-capacity-expansion,.25 north of US 8 to I-35W 1 miles south of the split and I-35E 1 mile south of the split,1/1/2018,1/1/2038,,rural,3.82,11125,after,INTERSTATE 35,,unknown,unknown,unknown,unknown,unknown,unknown,unknown,unknown,unknown,ramp,11125_6,2021-01-01,0:00:00,24:00:00,volume,22082.0,AADT,1,229,,0:00:00,24:00:00,volume,10498.40063,AADT,Travel Model
FM-1605,MN,Washington and Anoka,road-capacity-expansion,.25 north of US 8 to I-35W 1 miles south of the split and I-35E 1 mile south of the split,1/1/2018,1/1/2038,,rural,3.82,11125,after,INTERSTATE 35,,unknown,unknown,unknown,unknown,unknown,unknown,unknown,unknown,unknown,ramp,11125_7,2022-01-01,0:00:00,24:00:00,volume,21619.0,AADT,1,229,,0:00:00,24:00:00,volume,10498.40063,AADT,Travel Model
FM-1605,MN,Washington and Anoka,road-capacity-expansion,.25 north of US 8 to I-35W 1 miles south of the split and I-35E 1 mile south of the split,1/1/2018,1/1/2038,,rural,3.82,11125,after,INTERSTATE 35,,unknown,unknown,unknown,unknown,unknown,unknown,unknown,unknown,unknown,ramp,11125_8,2023-01-01,0:00:00,24:00:00,volume,22029.0,AADT,1,229,,0:00:00,24:00:00,volume,10498.40063,AADT,Travel Model
FM-1605,MN,Washington and Anoka,road-capacity-expansion,.25 north of US 8 to I-35W 1 miles south of the split and I-35E 1 mile south of the split,1/1/2018,1/1/2038,,rural,3.82,11125,after,INTERSTATE 35,,unknown,unknown,unknown,unknown,unknown,unknown,unknown,unknown,unknown,ramp,11125_9,2024-01-01,0:00:00,24:00:00,volume,20031.0,AADT,1,229,,0:00:00,24:00:00,volume,10498.40063,AADT,Travel Model
FM-1605,MN,Washington and Anoka,road-capacity-expansion,.25 north of US 8 to I-35W 1 miles south of the split and I-35E 1 mile south of the split,1/1/2018,1/1/2038,,rural,3.82,71572,after,INTERSTATE 35,,unknown,unknown,unknown,unknown,unknown,unknown,unknown,unknown,unknown,ramp,71572_1,2019-01-01,0:00:00,24:00:00,volume,3350.0,AADT,1,223,,0:00:00,24:00:00,volume,3258.688594,AADT,Travel Model
FM-1605,MN,Washington and Anoka,road-capacity-expansion,.25 north of US 8 to I-35W 1 miles south of the split and I-35E 1 mile south of the split,1/1/2018,1/1/2038,,rural,3.82,71572,after,INTERSTATE 35,,unknown,unknown,unknown,unknown,unknown,unknown,unknown,unknown,unknown,ramp,71572_2,2020-01-01,0:00:00,24:00:00,volume,2850.0,AADT,1,223,,0:00:00,24:00:00,volume,3258.688594,AADT,Travel Model
FM-1605,MN,Washington and Anoka,road-capacity-expansion,.25 north of US 8 to I-35W 1 miles south of the split and I-35E 1 mile south of the split,1/1/2018,1/1/2038,,rural,3.82,71572,after,INTERSTATE 35,,unknown,unknown,unknown,unknown,unknown,unknown,unknown,unknown,unknown,ramp,71572_3,2021-01-01,0:00:00,24:00:00,volume,3068.0,AADT,1,223,,0:00:00,24:00:00,volume,3258.688594,AADT,Travel Model
FM-1605,MN,Washington and Anoka,road-capacity-expansion,.25 north of US 8 to I-35W 1 miles south of the split and I-35E 1 mile south of the split,1/1/2018,1/1/2038,,rural,3.82,71572,after,INTERSTATE 35,,unknown,unknown,unknown,unknown,unknown,unknown,unknown,unknown,unknown,ramp,71572_4,2022-01-01,0:00:00,24:00:00,volume,3118.0,AADT,1,223,,0:00:00,24:00:00,volume,3258.688594,AADT,Travel Model
FM-1605,MN,Washington and Anoka,road-capacity-expansion,.25 north of US 8 to I-35W 1 miles south of the split and I-35E 1 mile south of the split,1/1/2018,1/1/2038,,rural,3.82,71572,after,INTERSTATE 35,,unknown,unknown,unknown,unknown,unknown,unknown,unknown,unknown,unknown,ramp,71572_5,2023-01-01,0:00:00,24:00:00,volume,4260.0,AADT,1,223,,0:00:00,24:00:00,volume,3258.688594,AADT,Travel Model
FM-1605,MN,Washington and Anoka,road-capacity-expansion,.25 north of US 8 to I-35W 1 miles south of the split and I-35E 1 mile south of the split,1/1/2018,1/1/2038,,rural,3.82,71572,after,INTERSTATE 35,,unknown,unknown,unknown,unknown,unknown,unknown,unknown,unknown,unknown,ramp,71572_6,2024-01-01,0:00:00,24:00:00,volume,4495.0,AADT,1,223,,0:00:00,24:00:00,volume,3258.688594,AADT,Travel Model
FM-1605,MN,Washington and Anoka,road-capacity-expansion,.25 north of US 8 to I-35W 1 miles south of the split and I-35E 1 mile south of the split,1/1/2018,1/1/2038,,rural,3.82,71572,after,INTERSTATE 35,,unknown,unknown,unknown,unknown,unknown,unknown,unknown,unknown,unknown,ramp,71572_7,2025-01-01,0:00:00,24:00:00,volume,3821.0,AADT,1,223,,0:00:00,24:00:00,volume,3258.688594,AADT,Travel Model
FM-1605,MN,Washington and Anoka,road-capacity-expansion,.25 north of US 8 to I-35W 1 miles south of the split and I-35E 1 mile south of the split,1/1/2018,1/1/2038,,rural,3.82,71573,after,INTERSTATE 35,,unknown,unknown,unknown,unknown,unknown,unknown,unknown,unknown,unknown,ramp,71573_1,2019-01-01,0:00:00,24:00:00,volume,8300.0,AADT,1,792,,0:00:00,24:00:00,volume,8032.176476,AADT,Travel Model
FM-1605,MN,Washington and Anoka,road-capacity-expansion,.25 north of US 8 to I-35W 1 miles south of the split and I-35E 1 mile south of the split,1/1/2018,1/1/2038,,rural,3.82,71573,after,INTERSTATE 35,,unknown,unknown,unknown,unknown,unknown,unknown,unknown,unknown,unknown,ramp,71573_2,2020-01-01,0:00:00,24:00:00,volume,6200.0,AADT,1,792,,0:00:00,24:00:00,volume,8032.176476,AADT,Travel Model
FM-1605,MN,Washington and Anoka,road-capacity-expansion,.25 north of US 8 to I-35W 1 miles south of the split and I-35E 1 mile south of the split,1/1/2018,1/1/2038,,rural,3.82,71573,after,INTERSTATE 35,,unknown,unknown,unknown,unknown,unknown,unknown,unknown,unknown,unknown,ramp,71573_3,2021-01-01,0:00:00,24:00:00,volume,7521.0,AADT,1,792,,0:00:00,24:00:00,volume,8032.176476,AADT,Travel Model
FM-1605,MN,Washington and Anoka,road-capacity-expansion,.25 north of US 8 to I-35W 1 miles south of the split and I-35E 1 mile south of the split,1/1/2018,1/1/2038,,rural,3.82,71573,after,INTERSTATE 35,,unknown,unknown,unknown,unknown,unknown,unknown,unknown,unknown,unknown,ramp,71573_4,2022-01-01,0:00:00,24:00:00,volume,8035.0,AADT,1,792,,0:00:00,24:00:00,volume,8032.176476,AADT,Travel Model
FM-1605,MN,Washington and Anoka,road-capacity-expansion,.25 north of US 8 to I-35W 1 miles south of the split and I-35E 1 mile south of the split,1/1/2018,1/1/2038,,rural,3.82,71573,after,INTERSTATE 35,,unknown,unknown,unknown,unknown,unknown,unknown,unknown,unknown,unknown,ramp,71573_5,2023-01-01,0:00:00,24:00:00,volume,9333.0,AADT,1,792,,0:00:00,24:00:00,volume,8032.176476,AADT,Travel Model
FM-1605,MN,Washington and Anoka,road-capacity-expansion,.25 north of US 8 to I-35W 1 miles south of the split and I-35E 1 mile south of the split,1/1/2018,1/1/2038,,rural,3.82,71573,after,INTERSTATE 35,,unknown,unknown,unknown,unknown,unknown,unknown,unknown,unknown,unknown,ramp,71573_6,2024-01-01,0:00:00,24:00:00,volume,9718.0,AADT,1,792,,0:00:00,24:00:00,volume,8032.176476,AADT,Travel Model
FM-1605,MN,Washington and Anoka,road-capacity-expansion,.25 north of US 8 to I-35W 1 miles south of the split and I-35E 1 mile south of the split,1/1/2018,1/1/2038,,rural,3.82,71573,after,INTERSTATE 35,,unknown,unknown,unknown,unknown,unknown,unknown,unknown,unknown,unknown,ramp,71573_7,2025-01-01,0:00:00,24:00:00,volume,7635.0,AADT,1,792,,0:00:00,24:00:00,volume,8032.176476,AADT,Travel Model
FM-1605,MN,Washington and Anoka,road-capacity-expansion,.25 north of US 8 to I-35W 1 miles south of the split and I-35E 1 mile south of the split,1/1/2018,1/1/2038,,rural,3.82,71574,after,INTERSTATE 35,,unknown,unknown,unknown,unknown,unknown,unknown,unknown,unknown,unknown,ramp,71574_1,2019-01-01,0:00:00,24:00:00,volume,8400.0,AADT,1,224,,0:00:00,24:00:00,volume,8032.176476,AADT,Travel Model
FM-1605,MN,Washington and Anoka,road-capacity-expansion,.25 north of US 8 to I-35W 1 miles south of the split and I-35E 1 mile south of the split,1/1/2018,1/1/2038,,rural,3.82,71574,after,INTERSTATE 35,,unknown,unknown,unknown,unknown,unknown,unknown,unknown,unknown,unknown,ramp,71574_2,2020-01-01,0:00:00,24:00:00,volume,6300.0,AADT,1,224,,0:00:00,24:00:00,volume,8032.176476,AADT,Travel Model
FM-1605,MN,Washington and Anoka,road-capacity-expansion,.25 north of US 8 to I-35W 1 miles south of the split and I-35E 1 mile south of the split,1/1/2018,1/1/2038,,rural,3.82,71574,after,INTERSTATE 35,,unknown,unknown,unknown,unknown,unknown,unknown,unknown,unknown,unknown,ramp,71574_3,2021-01-01,0:00:00,24:00:00,volume,7702.0,AADT,1,224,,0:00:00,24:00:00,volume,8032.176476,AADT,Travel Model
FM-1605,MN,Washington and Anoka,road-capacity-expansion,.25 north of US 8 to I-35W 1 miles south of the split and I-35E 1 mile south of the split,1/1/2018,1/1/2038,,rural,3.82,71574,after,INTERSTATE 35,,unknown,unknown,unknown,unknown,unknown,unknown,unknown,unknown,unknown,ramp,71574_4,2022-01-01,0:00:00,24:00:00,volume,8117.0,AADT,1,224,,0:00:00,24:00:00,volume,8032.176476,AADT,Travel Model
FM-1605,MN,Washington and Anoka,road-capacity-expansion,.25 north of US 8 to I-35W 1 miles south of the split and I-35E 1 mile south of the split,1/1/2018,1/1/2038,,rural,3.82,71574,after,INTERSTATE 35,,unknown,unknown,unknown,unknown,unknown,unknown,unknown,unknown,unknown,ramp,71574_5,2023-01-01,0:00:00,24:00:00,volume,9130.0,AADT,1,224,,0:00:00,24:00:00,volume,8032.176476,AADT,Travel Model
FM-1605,MN,Washington and Anoka,road-capacity-expansion,.25 north of US 8 to I-35W 1 miles south of the split and I-35E 1 mile south of the split,1/1/2018,1/1/2038,,rural,3.82,71574,after,INTERSTATE 35,,unknown,unknown,unknown,unknown,unknown,unknown,unknown,unknown,unknown,ramp,71574_6,2024-01-01,0:00:00,24:00:00,volume,9610.0,AADT,1,224,,0:00:00,24:00:00,volume,8032.176476,AADT,Travel Model
FM-1605,MN,Washington and Anoka,road-capacity-expansion,.25 north of US 8 to I-35W 1 miles south of the split and I-35E 1 mile south of the split,1/1/2018,1/1/2038,,rural,3.82,71574,after,INTERSTATE 35,,unknown,unknown,unknown,unknown,unknown,unknown,unknown,unknown,unknown,ramp,71574_7,2025-01-01,0:00:00,24:00:00,volume,7960.0,AADT,1,224,,0:00:00,24:00:00,volume,8032.176476,AADT,Travel Model
FM-1605,MN,Washington and Anoka,road-capacity-expansion,.25 north of US 8 to I-35W 1 miles south of the split and I-35E 1 mile south of the split,1/1/2018,1/1/2038,,rural,3.82,71575,after,INTERSTATE 35,,unknown,unknown,unknown,unknown,unknown,unknown,unknown,unknown,unknown,ramp,71575_1,2019-01-01,0:00:00,24:00:00,volume,3400.0,AADT,1,222,,0:00:00,24:00:00,volume,3352.194723,AADT,Travel Model
FM-1605,MN,Washington and Anoka,road-capacity-expansion,.25 north of US 8 to I-35W 1 miles south of the split and I-35E 1 mile south of the split,1/1/2018,1/1/2038,,rural,3.82,71575,after,INTERSTATE 35,,unknown,unknown,unknown,unknown,unknown,unknown,unknown,unknown,unknown,ramp,71575_2,2020-01-01,0:00:00,24:00:00,volume,2700.0,AADT,1,222,,0:00:00,24:00:00,volume,3352.194723,AADT,Travel Model
FM-1605,MN,Washington and Anoka,road-capacity-expansion,.25 north of US 8 to I-35W 1 miles south of the split and I-35E 1 mile south of the split,1/1/2018,1/1/2038,,rural,3.82,71575,after,INTERSTATE 35,,unknown,unknown,unknown,unknown,unknown,unknown,unknown,unknown,unknown,ramp,71575_3,2021-01-01,0:00:00,24:00:00,volume,2956.0,AADT,1,222,,0:00:00,24:00:00,volume,3352.194723,AADT,Travel Model
FM-1605,MN,Washington and Anoka,road-capacity-expansion,.25 north of US 8 to I-35W 1 miles south of the split and I-35E 1 mile south of the split,1/1/2018,1/1/2038,,rural,3.82,71575,after,INTERSTATE 35,,unknown,unknown,unknown,unknown,unknown,unknown,unknown,unknown,unknown,ramp,71575_4,2022-01-01,0:00:00,24:00:00,volume,3028.0,AADT,1,222,,0:00:00,24:00:00,volume,3352.194723,AADT,Travel Model
FM-1605,MN,Washington and Anoka,road-capacity-expansion,.25 north of US 8 to I-35W 1 miles south of the split and I-35E 1 mile south of the split,1/1/2018,1/1/2038,,rural,3.82,71575,after,INTERSTATE 35,,unknown,unknown,unknown,unknown,unknown,unknown,unknown,unknown,unknown,ramp,71575_5,2023-01-01,0:00:00,24:00:00,volume,3104.0,AADT,1,222,,0:00:00,24:00:00,volume,3352.194723,AADT,Travel Model
FM-1605,MN,Washington and Anoka,road-capacity-expansion,.25 north of US 8 to I-35W 1 miles south of the split and I-35E 1 mile south of the split,1/1/2018,1/1/2038,,rural,3.82,71575,after,INTERSTATE 35,,unknown,unknown,unknown,unknown,unknown,unknown,unknown,unknown,unknown,ramp,71575_6,2024-01-01,0:00:00,24:00:00,volume,3156.0,AADT,1,222,,0:00:00,24:00:00,volume,3352.194723,AADT,Travel Model
FM-1605,MN,Washington and Anoka,road-capacity-expansion,.25 north of US 8 to I-35W 1 miles south of the split and I-35E 1 mile south of the split,1/1/2018,1/1/2038,,rural,3.82,71575,after,INTERSTATE 35,,unknown,unknown,unknown,unknown,unknown,unknown,unknown,unknown,unknown,ramp,71575_7,2025-01-01,0:00:00,24:00:00,volume,3390.0,AADT,1,222,,0:00:00,24:00:00,volume,3352.194723,AADT,Travel Model
FM-1605,MN,Washington and Anoka,road-capacity-expansion,.25 north of US 8 to I-35W 1 miles south of the split and I-35E 1 mile south of the split,1/1/2018,1/1/2038,,rural,3.82,74074,after,INTERSTATE 35,,unknown,unknown,unknown,unknown,unknown,unknown,unknown,unknown,unknown,ramp,74074_1,2020-01-01,0:00:00,24:00:00,volume,5300.0,AADT,1,228,,0:00:00,24:00:00,volume,5753.432114,AADT,Travel Model
FM-1605,MN,Washington and Anoka,road-capacity-expansion,.25 north of US 8 to I-35W 1 miles south of the split and I-35E 1 mile south of the split,1/1/2018,1/1/2038,,rural,3.82,74074,after,INTERSTATE 35,,unknown,unknown,unknown,unknown,unknown,unknown,unknown,unknown,unknown,ramp,74074_2,2021-01-01,0:00:00,24:00:00,volume,5758.0,AADT,1,228,,0:00:00,24:00:00,volume,5753.432114,AADT,Travel Model
FM-1605,MN,Washington and Anoka,road-capacity-expansion,.25 north of US 8 to I-35W 1 miles south of the split and I-35E 1 mile south of the split,1/1/2018,1/1/2038,,rural,3.82,74074,after,INTERSTATE 35,,unknown,unknown,unknown,unknown,unknown,unknown,unknown,unknown,unknown,ramp,74074_3,2022-01-01,0:00:00,24:00:00,volume,5659.0,AADT,1,228,,0:00:00,24:00:00,volume,5753.432114,AADT,Travel Model
FM-1605,MN,Washington and Anoka,road-capacity-expansion,.25 north of US 8 to I-35W 1 miles south of the split and I-35E 1 mile south of the split,1/1/2018,1/1/2038,,rural,3.82,74074,after,INTERSTATE 35,,unknown,unknown,unknown,unknown,unknown,unknown,unknown,unknown,unknown,ramp,74074_4,2023-01-01,0:00:00,24:00:00,volume,5838.0,AADT,1,228,,0:00:00,24:00:00,volume,5753.432114,AADT,Travel Model
FM-1605,MN,Washington and Anoka,road-capacity-expansion,.25 north of US 8 to I-35W 1 miles south of the split and I-35E 1 mile south of the split,1/1/2018,1/1/2038,,rural,3.82,74074,after,INTERSTATE 35,,unknown,unknown,unknown,unknown,unknown,unknown,unknown,unknown,unknown,ramp,74074_5,2024-01-01,0:00:00,24:00:00,volume,6014.0,AADT,1,228,,0:00:00,24:00:00,volume,5753.432114,AADT,Travel Model
FM-1605,MN,Washington and Anoka,road-capacity-expansion,.25 north of US 8 to I-35W 1 miles south of the split and I-35E 1 mile south of the split,1/1/2018,1/1/2038,,rural,3.82,74074,after,INTERSTATE 35,,unknown,unknown,unknown,unknown,unknown,unknown,unknown,unknown,unknown,ramp,74074_6,2025-01-01,0:00:00,24:00:00,volume,6282.0,AADT,1,228,,0:00:00,24:00:00,volume,5753.432114,AADT,Travel Model
FM-1605,MN,Washington and Anoka,road-capacity-expansion,.25 north of US 8 to I-35W 1 miles south of the split and I-35E 1 mile south of the split,1/1/2018,1/1/2038,,rural,3.82,74075,after,INTERSTATE 35,,unknown,unknown,unknown,unknown,unknown,unknown,unknown,unknown,unknown,ramp,74075_1,2020-01-01,0:00:00,24:00:00,volume,6000.0,AADT,1,227,,0:00:00,24:00:00,volume,6622.104052,AADT,Travel Model
FM-1605,MN,Washington and Anoka,road-capacity-expansion,.25 north of US 8 to I-35W 1 miles south of the split and I-35E 1 mile south of the split,1/1/2018,1/1/2038,,rural,3.82,74075,after,INTERSTATE 35,,unknown,unknown,unknown,unknown,unknown,unknown,unknown,unknown,unknown,ramp,74075_2,2021-01-01,0:00:00,24:00:00,volume,6467.0,AADT,1,227,,0:00:00,24:00:00,volume,6622.104052,AADT,Travel Model
FM-1605,MN,Washington and Anoka,road-capacity-expansion,.25 north of US 8 to I-35W 1 miles south of the split and I-35E 1 mile south of the split,1/1/2018,1/1/2038,,rural,3.82,74075,after,INTERSTATE 35,,unknown,unknown,unknown,unknown,unknown,unknown,unknown,unknown,unknown,ramp,74075_3,2022-01-01,0:00:00,24:00:00,volume,6084.0,AADT,1,227,,0:00:00,24:00:00,volume,6622.104052,AADT,Travel Model
FM-1605,MN,Washington and Anoka,road-capacity-expansion,.25 north of US 8 to I-35W 1 miles south of the split and I-35E 1 mile south of the split,1/1/2018,1/1/2038,,rural,3.82,74075,after,INTERSTATE 35,,unknown,unknown,unknown,unknown,unknown,unknown,unknown,unknown,unknown,ramp,74075_4,2023-01-01,0:00:00,24:00:00,volume,6041.0,AADT,1,227,,0:00:00,24:00:00,volume,6622.104052,AADT,Travel Model
FM-1605,MN,Washington and Anoka,road-capacity-expansion,.25 north of US 8 to I-35W 1 miles south of the split and I-35E 1 mile south of the split,1/1/2018,1/1/2038,,rural,3.82,74075,after,INTERSTATE 35,,unknown,unknown,unknown,unknown,unknown,unknown,unknown,unknown,unknown,ramp,74075_5,2024-01-01,0:00:00,24:00:00,volume,5975.0,AADT,1,227,,0:00:00,24:00:00,volume,6622.104052,AADT,Travel Model
FM-1605,MN,Washington and Anoka,road-capacity-expansion,.25 north of US 8 to I-35W 1 miles south of the split and I-35E 1 mile south of the split,1/1/2018,1/1/2038,,rural,3.82,74075,after,INTERSTATE 35,,unknown,unknown,unknown,unknown,unknown,unknown,unknown,unknown,unknown,ramp,74075_6,2025-01-01,0:00:00,24:00:00,volume,6488.0,AADT,1,227,,0:00:00,24:00:00,volume,6622.104052,AADT,Travel Model
FM-1605,MN,Washington and Anoka,road-capacity-expansion,.25 north of US 8 to I-35W 1 miles south of the split and I-35E 1 mile south of the split,1/1/2018,1/1/2038,,rural,3.82,74076,after,INTERSTATE 35,,unknown,unknown,unknown,unknown,unknown,unknown,unknown,unknown,unknown,ramp,74076_1,2020-01-01,0:00:00,24:00:00,volume,7400.0,AADT,1,226,,0:00:00,24:00:00,volume,8256.591186,AADT,Travel Model
FM-1605,MN,Washington and Anoka,road-capacity-expansion,.25 north of US 8 to I-35W 1 miles south of the split and I-35E 1 mile south of the split,1/1/2018,1/1/2038,,rural,3.82,74076,after,INTERSTATE 35,,unknown,unknown,unknown,unknown,unknown,unknown,unknown,unknown,unknown,ramp,74076_2,2021-01-01,0:00:00,24:00:00,volume,8065.0,AADT,1,226,,0:00:00,24:00:00,volume,8256.591186,AADT,Travel Model
FM-1605,MN,Washington and Anoka,road-capacity-expansion,.25 north of US 8 to I-35W 1 miles south of the split and I-35E 1 mile south of the split,1/1/2018,1/1/2038,,rural,3.82,74076,after,INTERSTATE 35,,unknown,unknown,unknown,unknown,unknown,unknown,unknown,unknown,unknown,ramp,74076_3,2022-01-01,0:00:00,24:00:00,volume,7657.0,AADT,1,226,,0:00:00,24:00:00,volume,8256.591186,AADT,Travel Model
FM-1605,MN,Washington and Anoka,road-capacity-expansion,.25 north of US 8 to I-35W 1 miles south of the split and I-35E 1 mile south of the split,1/1/2018,1/1/2038,,rural,3.82,74076,after,INTERSTATE 35,,unknown,unknown,unknown,unknown,unknown,unknown,unknown,unknown,unknown,ramp,74076_4,2023-01-01,0:00:00,24:00:00,volume,7597.0,AADT,1,226,,0:00:00,24:00:00,volume,8256.591186,AADT,Travel Model
FM-1605,MN,Washington and Anoka,road-capacity-expansion,.25 north of US 8 to I-35W 1 miles south of the split and I-35E 1 mile south of the split,1/1/2018,1/1/2038,,rural,3.82,74076,after,INTERSTATE 35,,unknown,unknown,unknown,unknown,unknown,unknown,unknown,unknown,unknown,ramp,74076_5,2024-01-01,0:00:00,24:00:00,volume,7534.0,AADT,1,226,,0:00:00,24:00:00,volume,8256.591186,AADT,Travel Model
FM-1605,MN,Washington and Anoka,road-capacity-expansion,.25 north of US 8 to I-35W 1 miles south of the split and I-35E 1 mile south of the split,1/1/2018,1/1/2038,,rural,3.82,74076,after,INTERSTATE 35,,unknown,unknown,unknown,unknown,unknown,unknown,unknown,unknown,unknown,ramp,74076_6,2025-01-01,0:00:00,24:00:00,volume,7780.0,AADT,1,226,,0:00:00,24:00:00,volume,8256.591186,AADT,Travel Model
FM-1605,MN,Washington and Anoka,road-capacity-expansion,.25 north of US 8 to I-35W 1 miles south of the split and I-35E 1 mile south of the split,1/1/2018,1/1/2038,,rural,3.82,74077,after,INTERSTATE 35,,unknown,unknown,unknown,unknown,unknown,unknown,unknown,unknown,unknown,ramp,74077_1,2020-01-01,0:00:00,24:00:00,volume,6900.0,AADT,1,225,,0:00:00,24:00:00,volume,7559.970525,AADT,Travel Model
FM-1605,MN,Washington and Anoka,road-capacity-expansion,.25 north of US 8 to I-35W 1 miles south of the split and I-35E 1 mile south of the split,1/1/2018,1/1/2038,,rural,3.82,74077,after,INTERSTATE 35,,unknown,unknown,unknown,unknown,unknown,unknown,unknown,unknown,unknown,ramp,74077_2,2021-01-01,0:00:00,24:00:00,volume,7377.0,AADT,1,225,,0:00:00,24:00:00,volume,7559.970525,AADT,Travel Model
FM-1605,MN,Washington and Anoka,road-capacity-expansion,.25 north of US 8 to I-35W 1 miles south of the split and I-35E 1 mile south of the split,1/1/2018,1/1/2038,,rural,3.82,74077,after,INTERSTATE 35,,unknown,unknown,unknown,unknown,unknown,unknown,unknown,unknown,unknown,ramp,74077_3,2022-01-01,0:00:00,24:00:00,volume,7591.0,AADT,1,225,,0:00:00,24:00:00,volume,7559.970525,AADT,Travel Model
FM-1605,MN,Washington and Anoka,road-capacity-expansion,.25 north of US 8 to I-35W 1 miles south of the split and I-35E 1 mile south of the split,1/1/2018,1/1/2038,,rural,3.82,74077,after,INTERSTATE 35,,unknown,unknown,unknown,unknown,unknown,unknown,unknown,unknown,unknown,ramp,74077_4,2023-01-01,0:00:00,24:00:00,volume,7728.0,AADT,1,225,,0:00:00,24:00:00,volume,7559.970525,AADT,Travel Model
FM-1605,MN,Washington and Anoka,road-capacity-expansion,.25 north of US 8 to I-35W 1 miles south of the split and I-35E 1 mile south of the split,1/1/2018,1/1/2038,,rural,3.82,74077,after,INTERSTATE 35,,unknown,unknown,unknown,unknown,unknown,unknown,unknown,unknown,unknown,ramp,74077_5,2024-01-01,0:00:00,24:00:00,volume,7859.0,AADT,1,225,,0:00:00,24:00:00,volume,7559.970525,AADT,Travel Model
FM-1605,MN,Washington and Anoka,road-capacity-expansion,.25 north of US 8 to I-35W 1 miles south of the split and I-35E 1 mile south of the split,1/1/2018,1/1/2038,,rural,3.82,74077,after,INTERSTATE 35,,unknown,unknown,unknown,unknown,unknown,unknown,unknown,unknown,unknown,ramp,74077_6,2025-01-01,0:00:00,24:00:00,volume,8130.0,AADT,1,225,,0:00:00,24:00:00,volume,7559.970525,AADT,Travel Model
FM-1605,MN,Washington and Anoka,road-capacity-expansion,.25 north of US 8 to I-35W 1 miles south of the split and I-35E 1 mile south of the split,1/1/2018,1/1/2038,,rural,3.82,74736,after,INTERSTATE 35,,unknown,unknown,unknown,unknown,unknown,unknown,unknown,unknown,unknown,ramp,74736_1,2020-01-01,0:00:00,24:00:00,volume,11300.0,AADT,1,230,,0:00:00,24:00:00,volume,11202.03425,AADT,Travel Model
FM-1605,MN,Washington and Anoka,road-capacity-expansion,.25 north of US 8 to I-35W 1 miles south of the split and I-35E 1 mile south of the split,1/1/2018,1/1/2038,,rural,3.82,74736,after,INTERSTATE 35,,unknown,unknown,unknown,unknown,unknown,unknown,unknown,unknown,unknown,ramp,74736_2,2021-01-01,0:00:00,24:00:00,volume,9311.0,AADT,1,230,,0:00:00,24:00:00,volume,11202.03425,AADT,Travel Model
FM-1605,MN,Washington and Anoka,road-capacity-expansion,.25 north of US 8 to I-35W 1 miles south of the split and I-35E 1 mile south of the split,1/1/2018,1/1/2038,,rural,3.82,74736,after,INTERSTATE 35,,unknown,unknown,unknown,unknown,unknown,unknown,unknown,unknown,unknown,ramp,74736_3,2022-01-01,0:00:00,24:00:00,volume,9581.0,AADT,1,230,,0:00:00,24:00:00,volume,11202.03425,AADT,Travel Model
FM-1605,MN,Washington and Anoka,road-capacity-expansion,.25 north of US 8 to I-35W 1 miles south of the split and I-35E 1 mile south of the split,1/1/2018,1/1/2038,,rural,3.82,74736,after,INTERSTATE 35,,unknown,unknown,unknown,unknown,unknown,unknown,unknown,unknown,unknown,ramp,74736_4,2023-01-01,0:00:00,24:00:00,volume,9753.0,AADT,1,230,,0:00:00,24:00:00,volume,11202.03425,AADT,Travel Model
FM-1605,MN,Washington and Anoka,road-capacity-expansion,.25 north of US 8 to I-35W 1 miles south of the split and I-35E 1 mile south of the split,1/1/2018,1/1/2038,,rural,3.82,74736,after,INTERSTATE 35,,unknown,unknown,unknown,unknown,unknown,unknown,unknown,unknown,unknown,ramp,74736_5,2024-01-01,0:00:00,24:00:00,volume,10021.0,AADT,1,230,,0:00:00,24:00:00,volume,11202.03425,AADT,Travel Model
FM-1605,MN,Washington and Anoka,road-capacity-expansion,.25 north of US 8 to I-35W 1 miles south of the split and I-35E 1 mile south of the split,1/1/2018,1/1/2038,,rural,3.82,74736,after,INTERSTATE 35,,unknown,unknown,unknown,unknown,unknown,unknown,unknown,unknown,unknown,ramp,74736_6,2025-01-01,0:00:00,24:00:00,volume,10599.0,AADT,1,230,,0:00:00,24:00:00,volume,11202.03425,AADT,Travel Model
FM-1606,MN,Scott,road-capacity-expansion,MN 25 to MN 21,1/1/2018,1/1/2038,,rural,7.199,11013,after,US TRUNK 169,,unknown,unknown,unknown,unknown,unknown,unknown,unknown,unknown,unknown,freeway,11013_1,2016-01-01,0:00:00,24:00:00,volume,15779.0,AADT,1,219,,0:00:00,24:00:00,volume,18357.12323,AADT,Travel Model
FM-1606,MN,Scott,road-capacity-expansion,MN 25 to MN 21,1/1/2018,1/1/2038,,rural,7.199,11013,after,US TRUNK 169,,unknown,unknown,unknown,unknown,unknown,unknown,unknown,unknown,unknown,freeway,11013_2,2017-01-01,0:00:00,24:00:00,volume,16055.0,AADT,1,219,,0:00:00,24:00:00,volume,18357.12323,AADT,Travel Model
FM-1606,MN,Scott,road-capacity-expansion,MN 25 to MN 21,1/1/2018,1/1/2038,,rural,7.199,11013,after,US TRUNK 169,,unknown,unknown,unknown,unknown,unknown,unknown,unknown,unknown,unknown,freeway,11013_3,2018-01-01,0:00:00,24:00:00,volume,16118.0,AADT,1,219,,0:00:00,24:00:00,volume,18357.12323,AADT,Travel Model
FM-1606,MN,Scott,road-capacity-expansion,MN 25 to MN 21,1/1/2018,1/1/2038,,rural,7.199,11013,after,US TRUNK 169,,unknown,unknown,unknown,unknown,unknown,unknown,unknown,unknown,unknown,freeway,11013_4,2019-01-01,0:00:00,24:00:00,volume,16367.0,AADT,1,219,,0:00:00,24:00:00,volume,18357.12323,AADT,Travel Model
FM-1606,MN,Scott,road-capacity-expansion,MN 25 to MN 21,1/1/2018,1/1/2038,,rural,7.199,11013,after,US TRUNK 169,,unknown,unknown,unknown,unknown,unknown,unknown,unknown,unknown,unknown,freeway,11013_5,2020-01-01,0:00:00,24:00:00,volume,14152.0,AADT,1,219,,0:00:00,24:00:00,volume,18357.12323,AADT,Travel Model
FM-1606,MN,Scott,road-capacity-expansion,MN 25 to MN 21,1/1/2018,1/1/2038,,rural,7.199,11013,after,US TRUNK 169,,unknown,unknown,unknown,unknown,unknown,unknown,unknown,unknown,unknown,freeway,11013_6,2021-01-01,0:00:00,24:00:00,volume,17827.0,AADT,1,219,,0:00:00,24:00:00,volume,18357.12323,AADT,Travel Model
FM-1606,MN,Scott,road-capacity-expansion,MN 25 to MN 21,1/1/2018,1/1/2038,,rural,7.199,11013,after,US TRUNK 169,,unknown,unknown,unknown,unknown,unknown,unknown,unknown,unknown,unknown,freeway,11013_7,2022-01-01,0:00:00,24:00:00,volume,17581.0,AADT,1,219,,0:00:00,24:00:00,volume,18357.12323,AADT,Travel Model
FM-1606,MN,Scott,road-capacity-expansion,MN 25 to MN 21,1/1/2018,1/1/2038,,rural,7.199,11013,after,US TRUNK 169,,unknown,unknown,unknown,unknown,unknown,unknown,unknown,unknown,unknown,freeway,11013_8,2023-01-01,0:00:00,24:00:00,volume,17949.0,AADT,1,219,,0:00:00,24:00:00,volume,18357.12323,AADT,Travel Model
FM-1606,MN,Scott,road-capacity-expansion,MN 25 to MN 21,1/1/2018,1/1/2038,,rural,7.199,11013,after,US TRUNK 169,,unknown,unknown,unknown,unknown,unknown,unknown,unknown,unknown,unknown,freeway,11013_9,2024-01-01,0:00:00,24:00:00,volume,19023.0,AADT,1,219,,0:00:00,24:00:00,volume,18357.12323,AADT,Travel Model
FM-1606,MN,Scott,road-capacity-expansion,MN 25 to MN 21,1/1/2018,1/1/2038,,rural,7.199,11013,after,US TRUNK 169,,unknown,unknown,unknown,unknown,unknown,unknown,unknown,unknown,unknown,freeway,11013_10,2025-01-01,0:00:00,24:00:00,volume,18044.0,AADT,1,219,,0:00:00,24:00:00,volume,18357.12323,AADT,Travel Model
FM-1606,MN,Scott,road-capacity-expansion,MN 25 to MN 21,1/1/2018,1/1/2038,,rural,7.199,6788,after,US TRUNK 169,,unknown,unknown,unknown,unknown,unknown,unknown,unknown,unknown,unknown,freeway,6788_1,2016-01-01,0:00:00,24:00:00,volume,23000.0,AADT,1,217,,0:00:00,24:00:00,volume,25461.71891,AADT,Travel Model
FM-1606,MN,Scott,road-capacity-expansion,MN 25 to MN 21,1/1/2018,1/1/2038,,rural,7.199,6788,after,US TRUNK 169,,unknown,unknown,unknown,unknown,unknown,unknown,unknown,unknown,unknown,freeway,6788_2,2017-01-01,0:00:00,24:00:00,volume,24200.0,AADT,1,217,,0:00:00,24:00:00,volume,25461.71891,AADT,Travel Model
FM-1606,MN,Scott,road-capacity-expansion,MN 25 to MN 21,1/1/2018,1/1/2038,,rural,7.199,6788,after,US TRUNK 169,,unknown,unknown,unknown,unknown,unknown,unknown,unknown,unknown,unknown,freeway,6788_3,2018-01-01,0:00:00,24:00:00,volume,24294.0,AADT,1,217,,0:00:00,24:00:00,volume,25461.71891,AADT,Travel Model
FM-1606,MN,Scott,road-capacity-expansion,MN 25 to MN 21,1/1/2018,1/1/2038,,rural,7.199,6788,after,US TRUNK 169,,unknown,unknown,unknown,unknown,unknown,unknown,unknown,unknown,unknown,freeway,6788_4,2019-01-01,0:00:00,24:00:00,volume,24095.0,AADT,1,217,,0:00:00,24:00:00,volume,25461.71891,AADT,Travel Model
FM-1606,MN,Scott,road-capacity-expansion,MN 25 to MN 21,1/1/2018,1/1/2038,,rural,7.199,6788,after,US TRUNK 169,,unknown,unknown,unknown,unknown,unknown,unknown,unknown,unknown,unknown,freeway,6788_5,2020-01-01,0:00:00,24:00:00,volume,20067.0,AADT,1,217,,0:00:00,24:00:00,volume,25461.71891,AADT,Travel Model
FM-1606,MN,Scott,road-capacity-expansion,MN 25 to MN 21,1/1/2018,1/1/2038,,rural,7.199,6788,after,US TRUNK 169,,unknown,unknown,unknown,unknown,unknown,unknown,unknown,unknown,unknown,freeway,6788_6,2021-01-01,0:00:00,24:00:00,volume,23383.0,AADT,1,217,,0:00:00,24:00:00,volume,25461.71891,AADT,Travel Model
FM-1606,MN,Scott,road-capacity-expansion,MN 25 to MN 21,1/1/2018,1/1/2038,,rural,7.199,6788,after,US TRUNK 169,,unknown,unknown,unknown,unknown,unknown,unknown,unknown,unknown,unknown,freeway,6788_7,2022-01-01,0:00:00,24:00:00,volume,24829.0,AADT,1,217,,0:00:00,24:00:00,volume,25461.71891,AADT,Travel Model
FM-1606,MN,Scott,road-capacity-expansion,MN 25 to MN 21,1/1/2018,1/1/2038,,rural,7.199,6788,after,US TRUNK 169,,unknown,unknown,unknown,unknown,unknown,unknown,unknown,unknown,unknown,freeway,6788_8,2023-01-01,0:00:00,24:00:00,volume,25201.0,AADT,1,217,,0:00:00,24:00:00,volume,25461.71891,AADT,Travel Model
FM-1606,MN,Scott,road-capacity-expansion,MN 25 to MN 21,1/1/2018,1/1/2038,,rural,7.199,6788,after,US TRUNK 169,,unknown,unknown,unknown,unknown,unknown,unknown,unknown,unknown,unknown,freeway,6788_9,2024-01-01,0:00:00,24:00:00,volume,27660.0,AADT,1,217,,0:00:00,24:00:00,volume,25461.71891,AADT,Travel Model
FM-1701,MN,Washington,road-capacity-expansion,"I494 BIT M&O I94 to Tamarack Rd, I694 BIT M&O CSAH10 to I94, I94 Reconcst SE Loop",1/1/2019,1/1/2039,,exurban,0.91,10232,after,I-694 and I-494,,unknown,unknown,unknown,unknown,unknown,unknown,unknown,unknown,unknown,freeway,10232_1,2016-01-01,0:00:00,24:00:00,volume,87000.0,AADT,1,215,,0:00:00,24:00:00,volume,85651.20084,AADT,Travel Model
FM-1701,MN,Washington,road-capacity-expansion,"I494 BIT M&O I94 to Tamarack Rd, I694 BIT M&O CSAH10 to I94, I94 Reconcst SE Loop",1/1/2019,1/1/2039,,exurban,0.91,10232,after,I-694 and I-494,,unknown,unknown,unknown,unknown,unknown,unknown,unknown,unknown,unknown,freeway,10232_2,2017-01-01,0:00:00,24:00:00,volume,88000.0,AADT,1,215,,0:00:00,24:00:00,volume,85651.20084,AADT,Travel Model
FM-1701,MN,Washington,road-capacity-expansion,"I494 BIT M&O I94 to Tamarack Rd, I694 BIT M&O CSAH10 to I94, I94 Reconcst SE Loop",1/1/2019,1/1/2039,,exurban,0.91,10232,after,I-694 and I-494,,unknown,unknown,unknown,unknown,unknown,unknown,unknown,unknown,unknown,freeway,10232_3,2018-01-01,0:00:00,24:00:00,volume,96000.0,AADT,1,215,,0:00:00,24:00:00,volume,85651.20084,AADT,Travel Model
FM-1701,MN,Washington,road-capacity-expansion,"I494 BIT M&O I94 to Tamarack Rd, I694 BIT M&O CSAH10 to I94, I94 Reconcst SE Loop",1/1/2019,1/1/2039,,exurban,0.91,10232,after,I-694 and I-494,,unknown,unknown,unknown,unknown,unknown,unknown,unknown,unknown,unknown,freeway,10232_4,2019-01-01,0:00:00,24:00:00,volume,94833.0,AADT,1,215,,0:00:00,24:00:00,volume,85651.20084,AADT,Travel Model
FM-1701,MN,Washington,road-capacity-expansion,"I494 BIT M&O I94 to Tamarack Rd, I694 BIT M&O CSAH10 to I94, I94 Reconcst SE Loop",1/1/2019,1/1/2039,,exurban,0.91,10232,after,I-694 and I-494,,unknown,unknown,unknown,unknown,unknown,unknown,unknown,unknown,unknown,freeway,10232_5,2020-01-01,0:00:00,24:00:00,volume,76340.0,AADT,1,215,,0:00:00,24:00:00,volume,85651.20084,AADT,Travel Model
FM-1701,MN,Washington,road-capacity-expansion,"I494 BIT M&O I94 to Tamarack Rd, I694 BIT M&O CSAH10 to I94, I94 Reconcst SE Loop",1/1/2019,1/1/2039,,exurban,0.91,10232,after,I-694 and I-494,,unknown,unknown,unknown,unknown,unknown,unknown,unknown,unknown,unknown,freeway,10232_6,2021-01-01,0:00:00,24:00:00,volume,84661.0,AADT,1,215,,0:00:00,24:00:00,volume,85651.20084,AADT,Travel Model
FM-1701,MN,Washington,road-capacity-expansion,"I494 BIT M&O I94 to Tamarack Rd, I694 BIT M&O CSAH10 to I94, I94 Reconcst SE Loop",1/1/2019,1/1/2039,,exurban,0.91,10232,after,I-694 and I-494,,unknown,unknown,unknown,unknown,unknown,unknown,unknown,unknown,unknown,freeway,10232_7,2022-01-01,0:00:00,24:00:00,volume,87788.0,AADT,1,215,,0:00:00,24:00:00,volume,85651.20084,AADT,Travel Model
FM-1701,MN,Washington,road-capacity-expansion,"I494 BIT M&O I94 to Tamarack Rd, I694 BIT M&O CSAH10 to I94, I94 Reconcst SE Loop",1/1/2019,1/1/2039,,exurban,0.91,10232,after,I-694 and I-494,,unknown,unknown,unknown,unknown,unknown,unknown,unknown,unknown,unknown,freeway,10232_8,2023-01-01,0:00:00,24:00:00,volume,82387.0,AADT,1,215,,0:00:00,24:00:00,volume,85651.20084,AADT,Travel Model
FM-1701,MN,Washington,road-capacity-expansion,"I494 BIT M&O I94 to Tamarack Rd, I694 BIT M&O CSAH10 to I94, I94 Reconcst SE Loop",1/1/2019,1/1/2039,,exurban,0.91,10232,after,I-694 and I-494,,unknown,unknown,unknown,unknown,unknown,unknown,unknown,unknown,unknown,freeway,10232_9,2024-01-01,0:00:00,24:00:00,volume,83373.0,AADT,1,215,,0:00:00,24:00:00,volume,85651.20084,AADT,Travel Model
FM-1701,MN,Washington,road-capacity-expansion,"I494 BIT M&O I94 to Tamarack Rd, I694 BIT M&O CSAH10 to I94, I94 Reconcst SE Loop",1/1/2019,1/1/2039,,exurban,0.91,10232,after,I-694 and I-494,,unknown,unknown,unknown,unknown,unknown,unknown,unknown,unknown,unknown,freeway,10232_10,2025-01-01,0:00:00,24:00:00,volume,83299.0,AADT,1,215,,0:00:00,24:00:00,volume,85651.20084,AADT,Travel Model
FM-1701,MN,Washington,road-capacity-expansion,"I494 BIT M&O I94 to Tamarack Rd, I694 BIT M&O CSAH10 to I94, I94 Reconcst SE Loop",1/1/2019,1/1/2039,,exurban,0.91,11056,after,I-694 and I-494,,unknown,unknown,unknown,unknown,unknown,unknown,unknown,unknown,unknown,freeway,11056_1,2016-01-01,0:00:00,24:00:00,volume,86000.0,AADT,1,213,,0:00:00,24:00:00,volume,87791.27298,AADT,Travel Model
FM-1701,MN,Washington,road-capacity-expansion,"I494 BIT M&O I94 to Tamarack Rd, I694 BIT M&O CSAH10 to I94, I94 Reconcst SE Loop",1/1/2019,1/1/2039,,exurban,0.91,11056,after,I-694 and I-494,,unknown,unknown,unknown,unknown,unknown,unknown,unknown,unknown,unknown,freeway,11056_2,2017-01-01,0:00:00,24:00:00,volume,95000.0,AADT,1,213,,0:00:00,24:00:00,volume,87791.27298,AADT,Travel Model
FM-1701,MN,Washington,road-capacity-expansion,"I494 BIT M&O I94 to Tamarack Rd, I694 BIT M&O CSAH10 to I94, I94 Reconcst SE Loop",1/1/2019,1/1/2039,,exurban,0.91,11056,after,I-694 and I-494,,unknown,unknown,unknown,unknown,unknown,unknown,unknown,unknown,unknown,freeway,11056_3,2018-01-01,0:00:00,24:00:00,volume,95000.0,AADT,1,213,,0:00:00,24:00:00,volume,87791.27298,AADT,Travel Model
FM-1701,MN,Washington,road-capacity-expansion,"I494 BIT M&O I94 to Tamarack Rd, I694 BIT M&O CSAH10 to I94, I94 Reconcst SE Loop",1/1/2019,1/1/2039,,exurban,0.91,11056,after,I-694 and I-494,,unknown,unknown,unknown,unknown,unknown,unknown,unknown,unknown,unknown,freeway,11056_4,2019-01-01,0:00:00,24:00:00,volume,86000.0,AADT,1,213,,0:00:00,24:00:00,volume,87791.27298,AADT,Travel Model
FM-1701,MN,Washington,road-capacity-expansion,"I494 BIT M&O I94 to Tamarack Rd, I694 BIT M&O CSAH10 to I94, I94 Reconcst SE Loop",1/1/2019,1/1/2039,,exurban,0.91,11056,after,I-694 and I-494,,unknown,unknown,unknown,unknown,unknown,unknown,unknown,unknown,unknown,freeway,11056_5,2020-01-01,0:00:00,24:00:00,volume,69229.0,AADT,1,213,,0:00:00,24:00:00,volume,87791.27298,AADT,Travel Model
FM-1701,MN,Washington,road-capacity-expansion,"I494 BIT M&O I94 to Tamarack Rd, I694 BIT M&O CSAH10 to I94, I94 Reconcst SE Loop",1/1/2019,1/1/2039,,exurban,0.91,11056,after,I-694 and I-494,,unknown,unknown,unknown,unknown,unknown,unknown,unknown,unknown,unknown,freeway,11056_6,2021-01-01,0:00:00,24:00:00,volume,77393.0,AADT,1,213,,0:00:00,24:00:00,volume,87791.27298,AADT,Travel Model
FM-1701,MN,Washington,road-capacity-expansion,"I494 BIT M&O I94 to Tamarack Rd, I694 BIT M&O CSAH10 to I94, I94 Reconcst SE Loop",1/1/2019,1/1/2039,,exurban,0.91,11056,after,I-694 and I-494,,unknown,unknown,unknown,unknown,unknown,unknown,unknown,unknown,unknown,freeway,11056_7,2022-01-01,0:00:00,24:00:00,volume,83919.0,AADT,1,213,,0:00:00,24:00:00,volume,87791.27298,AADT,Travel Model
FM-1701,MN,Washington,road-capacity-expansion,"I494 BIT M&O I94 to Tamarack Rd, I694 BIT M&O CSAH10 to I94, I94 Reconcst SE Loop",1/1/2019,1/1/2039,,exurban,0.91,11056,after,I-694 and I-494,,unknown,unknown,unknown,unknown,unknown,unknown,unknown,unknown,unknown,freeway,11056_8,2023-01-01,0:00:00,24:00:00,volume,85818.0,AADT,1,213,,0:00:00,24:00:00,volume,87791.27298,AADT,Travel Model
FM-1701,MN,Washington,road-capacity-expansion,"I494 BIT M&O I94 to Tamarack Rd, I694 BIT M&O CSAH10 to I94, I94 Reconcst SE Loop",1/1/2019,1/1/2039,,exurban,0.91,11056,after,I-694 and I-494,,unknown,unknown,unknown,unknown,unknown,unknown,unknown,unknown,unknown,freeway,11056_9,2024-01-01,0:00:00,24:00:00,volume,80036.0,AADT,1,213,,0:00:00,24:00:00,volume,87791.27298,AADT,Travel Model
FM-1701,MN,Washington,road-capacity-expansion,"I494 BIT M&O I94 to Tamarack Rd, I694 BIT M&O CSAH10 to I94, I94 Reconcst SE Loop",1/1/2019,1/1/2039,,exurban,0.91,11056,after,I-694 and I-494,,unknown,unknown,unknown,unknown,unknown,unknown,unknown,unknown,unknown,freeway,11056_10,2025-01-01,0:00:00,24:00:00,volume,90338.0,AADT,1,213,,0:00:00,24:00:00,volume,87791.27298,AADT,Travel Model
FM-1701,MN,Washington,road-capacity-expansion,"I494 BIT M&O I94 to Tamarack Rd, I694 BIT M&O CSAH10 to I94, I94 Reconcst SE Loop",1/1/2019,1/1/2039,,exurban,0.91,66572,after,I-694 and I-494,,unknown,unknown,unknown,unknown,unknown,unknown,unknown,unknown,unknown,freeway,66572_1,2016-01-01,0:00:00,24:00:00,volume,94000.0,AADT,1,214,,0:00:00,24:00:00,volume,91779.63231,AADT,Travel Model
FM-1701,MN,Washington,road-capacity-expansion,"I494 BIT M&O I94 to Tamarack Rd, I694 BIT M&O CSAH10 to I94, I94 Reconcst SE Loop",1/1/2019,1/1/2039,,exurban,0.91,66572,after,I-694 and I-494,,unknown,unknown,unknown,unknown,unknown,unknown,unknown,unknown,unknown,freeway,66572_2,2017-01-01,0:00:00,24:00:00,volume,92000.0,AADT,1,214,,0:00:00,24:00:00,volume,91779.63231,AADT,Travel Model
FM-1701,MN,Washington,road-capacity-expansion,"I494 BIT M&O I94 to Tamarack Rd, I694 BIT M&O CSAH10 to I94, I94 Reconcst SE Loop",1/1/2019,1/1/2039,,exurban,0.91,66572,after,I-694 and I-494,,unknown,unknown,unknown,unknown,unknown,unknown,unknown,unknown,unknown,freeway,66572_3,2018-01-01,0:00:00,24:00:00,volume,89000.0,AADT,1,214,,0:00:00,24:00:00,volume,91779.63231,AADT,Travel Model
FM-1701,MN,Washington,road-capacity-expansion,"I494 BIT M&O I94 to Tamarack Rd, I694 BIT M&O CSAH10 to I94, I94 Reconcst SE Loop",1/1/2019,1/1/2039,,exurban,0.91,66572,after,I-694 and I-494,,unknown,unknown,unknown,unknown,unknown,unknown,unknown,unknown,unknown,freeway,66572_4,2019-01-01,0:00:00,24:00:00,volume,94000.0,AADT,1,214,,0:00:00,24:00:00,volume,91779.63231,AADT,Travel Model
FM-1701,MN,Washington,road-capacity-expansion,"I494 BIT M&O I94 to Tamarack Rd, I694 BIT M&O CSAH10 to I94, I94 Reconcst SE Loop",1/1/2019,1/1/2039,,exurban,0.91,66572,after,I-694 and I-494,,unknown,unknown,unknown,unknown,unknown,unknown,unknown,unknown,unknown,freeway,66572_5,2020-01-01,0:00:00,24:00:00,volume,75669.0,AADT,1,214,,0:00:00,24:00:00,volume,91779.63231,AADT,Travel Model
FM-1701,MN,Washington,road-capacity-expansion,"I494 BIT M&O I94 to Tamarack Rd, I694 BIT M&O CSAH10 to I94, I94 Reconcst SE Loop",1/1/2019,1/1/2039,,exurban,0.91,66572,after,I-694 and I-494,,unknown,unknown,unknown,unknown,unknown,unknown,unknown,unknown,unknown,freeway,66572_6,2021-01-01,0:00:00,24:00:00,volume,77773.0,AADT,1,214,,0:00:00,24:00:00,volume,91779.63231,AADT,Travel Model
FM-1701,MN,Washington,road-capacity-expansion,"I494 BIT M&O I94 to Tamarack Rd, I694 BIT M&O CSAH10 to I94, I94 Reconcst SE Loop",1/1/2019,1/1/2039,,exurban,0.91,66572,after,I-694 and I-494,,unknown,unknown,unknown,unknown,unknown,unknown,unknown,unknown,unknown,freeway,66572_7,2022-01-01,0:00:00,24:00:00,volume,83338.0,AADT,1,214,,0:00:00,24:00:00,volume,91779.63231,AADT,Travel Model
FM-1701,MN,Washington,road-capacity-expansion,"I494 BIT M&O I94 to Tamarack Rd, I694 BIT M&O CSAH10 to I94, I94 Reconcst SE Loop",1/1/2019,1/1/2039,,exurban,0.91,66572,after,I-694 and I-494,,unknown,unknown,unknown,unknown,unknown,unknown,unknown,unknown,unknown,freeway,66572_8,2023-01-01,0:00:00,24:00:00,volume,84727.0,AADT,1,214,,0:00:00,24:00:00,volume,91779.63231,AADT,Travel Model
FM-1701,MN,Washington,road-capacity-expansion,"I494 BIT M&O I94 to Tamarack Rd, I694 BIT M&O CSAH10 to I94, I94 Reconcst SE Loop",1/1/2019,1/1/2039,,exurban,0.91,66572,after,I-694 and I-494,,unknown,unknown,unknown,unknown,unknown,unknown,unknown,unknown,unknown,freeway,66572_9,2024-01-01,0:00:00,24:00:00,volume,82580.0,AADT,1,214,,0:00:00,24:00:00,volume,91779.63231,AADT,Travel Model
FM-1701,MN,Washington,road-capacity-expansion,"I494 BIT M&O I94 to Tamarack Rd, I694 BIT M&O CSAH10 to I94, I94 Reconcst SE Loop",1/1/2019,1/1/2039,,exurban,0.91,66572,after,I-694 and I-494,,unknown,unknown,unknown,unknown,unknown,unknown,unknown,unknown,unknown,freeway,66572_10,2025-01-01,0:00:00,24:00:00,volume,88047.0,AADT,1,214,,0:00:00,24:00:00,volume,91779.63231,AADT,Travel Model
FM-1702,MN,Scott,road-capacity-expansion,From Cedar Lake twp to 0.1 miles south of Eagle Creek Ave in Prior Lake,1/1/2019,1/1/2039,,rural,4.15,10276,after,MN 13,,unknown,unknown,unknown,unknown,unknown,unknown,unknown,unknown,unknown,principal arterial,10276_1,2016-01-01,0:00:00,24:00:00,volume,16181.0,AADT,1,212,,0:00:00,24:00:00,volume,18327.50585,AADT,Travel Model
FM-1702,MN,Scott,road-capacity-expansion,From Cedar Lake twp to 0.1 miles south of Eagle Creek Ave in Prior Lake,1/1/2019,1/1/2039,,rural,4.15,10276,after,MN 13,,unknown,unknown,unknown,unknown,unknown,unknown,unknown,unknown,unknown,principal arterial,10276_2,2017-01-01,0:00:00,24:00:00,volume,16464.0,AADT,1,212,,0:00:00,24:00:00,volume,18327.50585,AADT,Travel Model
FM-1702,MN,Scott,road-capacity-expansion,From Cedar Lake twp to 0.1 miles south of Eagle Creek Ave in Prior Lake,1/1/2019,1/1/2039,,rural,4.15,10276,after,MN 13,,unknown,unknown,unknown,unknown,unknown,unknown,unknown,unknown,unknown,principal arterial,10276_3,2018-01-01,0:00:00,24:00:00,volume,16800.0,AADT,1,212,,0:00:00,24:00:00,volume,18327.50585,AADT,Travel Model
FM-1702,MN,Scott,road-capacity-expansion,From Cedar Lake twp to 0.1 miles south of Eagle Creek Ave in Prior Lake,1/1/2019,1/1/2039,,rural,4.15,10276,after,MN 13,,unknown,unknown,unknown,unknown,unknown,unknown,unknown,unknown,unknown,principal arterial,10276_4,2019-01-01,0:00:00,24:00:00,volume,17059.0,AADT,1,212,,0:00:00,24:00:00,volume,18327.50585,AADT,Travel Model
FM-1702,MN,Scott,road-capacity-expansion,From Cedar Lake twp to 0.1 miles south of Eagle Creek Ave in Prior Lake,1/1/2019,1/1/2039,,rural,4.15,10276,after,MN 13,,unknown,unknown,unknown,unknown,unknown,unknown,unknown,unknown,unknown,principal arterial,10276_5,2020-01-01,0:00:00,24:00:00,volume,12781.0,AADT,1,212,,0:00:00,24:00:00,volume,18327.50585,AADT,Travel Model
FM-1702,MN,Scott,road-capacity-expansion,From Cedar Lake twp to 0.1 miles south of Eagle Creek Ave in Prior Lake,1/1/2019,1/1/2039,,rural,4.15,10276,after,MN 13,,unknown,unknown,unknown,unknown,unknown,unknown,unknown,unknown,unknown,principal arterial,10276_6,2021-01-01,0:00:00,24:00:00,volume,14110.0,AADT,1,212,,0:00:00,24:00:00,volume,18327.50585,AADT,Travel Model
FM-1702,MN,Scott,road-capacity-expansion,From Cedar Lake twp to 0.1 miles south of Eagle Creek Ave in Prior Lake,1/1/2019,1/1/2039,,rural,4.15,10276,after,MN 13,,unknown,unknown,unknown,unknown,unknown,unknown,unknown,unknown,unknown,principal arterial,10276_7,2022-01-01,0:00:00,24:00:00,volume,14491.0,AADT,1,212,,0:00:00,24:00:00,volume,18327.50585,AADT,Travel Model
FM-1702,MN,Scott,road-capacity-expansion,From Cedar Lake twp to 0.1 miles south of Eagle Creek Ave in Prior Lake,1/1/2019,1/1/2039,,rural,4.15,10276,after,MN 13,,unknown,unknown,unknown,unknown,unknown,unknown,unknown,unknown,unknown,principal arterial,10276_8,2023-01-01,0:00:00,24:00:00,volume,17584.0,AADT,1,212,,0:00:00,24:00:00,volume,18327.50585,AADT,Travel Model
FM-1702,MN,Scott,road-capacity-expansion,From Cedar Lake twp to 0.1 miles south of Eagle Creek Ave in Prior Lake,1/1/2019,1/1/2039,,rural,4.15,10276,after,MN 13,,unknown,unknown,unknown,unknown,unknown,unknown,unknown,unknown,unknown,principal arterial,10276_9,2024-01-01,0:00:00,24:00:00,volume,18826.0,AADT,1,212,,0:00:00,24:00:00,volume,18327.50585,AADT,Travel Model
FM-1702,MN,Scott,road-capacity-expansion,From Cedar Lake twp to 0.1 miles south of Eagle Creek Ave in Prior Lake,1/1/2019,1/1/2039,,rural,4.15,11014,after,MN 13,,unknown,unknown,unknown,unknown,unknown,unknown,unknown,unknown,unknown,principal arterial,11014_1,2016-01-01,0:00:00,24:00:00,volume,8300.0,AADT,1,210,,0:00:00,24:00:00,volume,9423.327855,AADT,Travel Model
FM-1702,MN,Scott,road-capacity-expansion,From Cedar Lake twp to 0.1 miles south of Eagle Creek Ave in Prior Lake,1/1/2019,1/1/2039,,rural,4.15,11014,after,MN 13,,unknown,unknown,unknown,unknown,unknown,unknown,unknown,unknown,unknown,principal arterial,11014_2,2017-01-01,0:00:00,24:00:00,volume,8445.0,AADT,1,210,,0:00:00,24:00:00,volume,9423.327855,AADT,Travel Model
FM-1702,MN,Scott,road-capacity-expansion,From Cedar Lake twp to 0.1 miles south of Eagle Creek Ave in Prior Lake,1/1/2019,1/1/2039,,rural,4.15,11014,after,MN 13,,unknown,unknown,unknown,unknown,unknown,unknown,unknown,unknown,unknown,principal arterial,11014_3,2018-01-01,0:00:00,24:00:00,volume,8800.0,AADT,1,210,,0:00:00,24:00:00,volume,9423.327855,AADT,Travel Model
FM-1702,MN,Scott,road-capacity-expansion,From Cedar Lake twp to 0.1 miles south of Eagle Creek Ave in Prior Lake,1/1/2019,1/1/2039,,rural,4.15,11014,after,MN 13,,unknown,unknown,unknown,unknown,unknown,unknown,unknown,unknown,unknown,principal arterial,11014_4,2019-01-01,0:00:00,24:00:00,volume,8936.0,AADT,1,210,,0:00:00,24:00:00,volume,9423.327855,AADT,Travel Model
FM-1702,MN,Scott,road-capacity-expansion,From Cedar Lake twp to 0.1 miles south of Eagle Creek Ave in Prior Lake,1/1/2019,1/1/2039,,rural,4.15,11014,after,MN 13,,unknown,unknown,unknown,unknown,unknown,unknown,unknown,unknown,unknown,principal arterial,11014_5,2020-01-01,0:00:00,24:00:00,volume,6695.0,AADT,1,210,,0:00:00,24:00:00,volume,9423.327855,AADT,Travel Model
FM-1702,MN,Scott,road-capacity-expansion,From Cedar Lake twp to 0.1 miles south of Eagle Creek Ave in Prior Lake,1/1/2019,1/1/2039,,rural,4.15,11014,after,MN 13,,unknown,unknown,unknown,unknown,unknown,unknown,unknown,unknown,unknown,principal arterial,11014_6,2021-01-01,0:00:00,24:00:00,volume,7391.0,AADT,1,210,,0:00:00,24:00:00,volume,9423.327855,AADT,Travel Model
FM-1702,MN,Scott,road-capacity-expansion,From Cedar Lake twp to 0.1 miles south of Eagle Creek Ave in Prior Lake,1/1/2019,1/1/2039,,rural,4.15,11014,after,MN 13,,unknown,unknown,unknown,unknown,unknown,unknown,unknown,unknown,unknown,principal arterial,11014_7,2022-01-01,0:00:00,24:00:00,volume,6980.0,AADT,1,210,,0:00:00,24:00:00,volume,9423.327855,AADT,Travel Model
FM-1702,MN,Scott,road-capacity-expansion,From Cedar Lake twp to 0.1 miles south of Eagle Creek Ave in Prior Lake,1/1/2019,1/1/2039,,rural,4.15,11014,after,MN 13,,unknown,unknown,unknown,unknown,unknown,unknown,unknown,unknown,unknown,principal arterial,11014_8,2023-01-01,0:00:00,24:00:00,volume,6917.0,AADT,1,210,,0:00:00,24:00:00,volume,9423.327855,AADT,Travel Model
FM-1702,MN,Scott,road-capacity-expansion,From Cedar Lake twp to 0.1 miles south of Eagle Creek Ave in Prior Lake,1/1/2019,1/1/2039,,rural,4.15,11014,after,MN 13,,unknown,unknown,unknown,unknown,unknown,unknown,unknown,unknown,unknown,principal arterial,11014_9,2024-01-01,0:00:00,24:00:00,volume,7825.0,AADT,1,210,,0:00:00,24:00:00,volume,9423.327855,AADT,Travel Model
FM-1702,MN,Scott,road-capacity-expansion,From Cedar Lake twp to 0.1 miles south of Eagle Creek Ave in Prior Lake,1/1/2019,1/1/2039,,rural,4.15,11022,after,MN 13,,unknown,unknown,unknown,unknown,unknown,unknown,unknown,unknown,unknown,principal arterial,11022_1,2016-01-01,0:00:00,24:00:00,volume,6935.0,AADT,1,209,,0:00:00,24:00:00,volume,7268.09805,AADT,Travel Model
FM-1702,MN,Scott,road-capacity-expansion,From Cedar Lake twp to 0.1 miles south of Eagle Creek Ave in Prior Lake,1/1/2019,1/1/2039,,rural,4.15,11022,after,MN 13,,unknown,unknown,unknown,unknown,unknown,unknown,unknown,unknown,unknown,principal arterial,11022_2,2017-01-01,0:00:00,24:00:00,volume,7000.0,AADT,1,209,,0:00:00,24:00:00,volume,7268.09805,AADT,Travel Model
FM-1702,MN,Scott,road-capacity-expansion,From Cedar Lake twp to 0.1 miles south of Eagle Creek Ave in Prior Lake,1/1/2019,1/1/2039,,rural,4.15,11022,after,MN 13,,unknown,unknown,unknown,unknown,unknown,unknown,unknown,unknown,unknown,principal arterial,11022_3,2018-01-01,0:00:00,24:00:00,volume,7027.0,AADT,1,209,,0:00:00,24:00:00,volume,7268.09805,AADT,Travel Model
FM-1702,MN,Scott,road-capacity-expansion,From Cedar Lake twp to 0.1 miles south of Eagle Creek Ave in Prior Lake,1/1/2019,1/1/2039,,rural,4.15,11022,after,MN 13,,unknown,unknown,unknown,unknown,unknown,unknown,unknown,unknown,unknown,principal arterial,11022_4,2019-01-01,0:00:00,24:00:00,volume,7135.0,AADT,1,209,,0:00:00,24:00:00,volume,7268.09805,AADT,Travel Model
FM-1702,MN,Scott,road-capacity-expansion,From Cedar Lake twp to 0.1 miles south of Eagle Creek Ave in Prior Lake,1/1/2019,1/1/2039,,rural,4.15,11022,after,MN 13,,unknown,unknown,unknown,unknown,unknown,unknown,unknown,unknown,unknown,principal arterial,11022_5,2020-01-01,0:00:00,24:00:00,volume,5300.0,AADT,1,209,,0:00:00,24:00:00,volume,7268.09805,AADT,Travel Model
FM-1702,MN,Scott,road-capacity-expansion,From Cedar Lake twp to 0.1 miles south of Eagle Creek Ave in Prior Lake,1/1/2019,1/1/2039,,rural,4.15,11022,after,MN 13,,unknown,unknown,unknown,unknown,unknown,unknown,unknown,unknown,unknown,principal arterial,11022_6,2021-01-01,0:00:00,24:00:00,volume,4371.0,AADT,1,209,,0:00:00,24:00:00,volume,7268.09805,AADT,Travel Model
FM-1702,MN,Scott,road-capacity-expansion,From Cedar Lake twp to 0.1 miles south of Eagle Creek Ave in Prior Lake,1/1/2019,1/1/2039,,rural,4.15,11022,after,MN 13,,unknown,unknown,unknown,unknown,unknown,unknown,unknown,unknown,unknown,principal arterial,11022_7,2022-01-01,0:00:00,24:00:00,volume,5218.0,AADT,1,209,,0:00:00,24:00:00,volume,7268.09805,AADT,Travel Model
FM-1702,MN,Scott,road-capacity-expansion,From Cedar Lake twp to 0.1 miles south of Eagle Creek Ave in Prior Lake,1/1/2019,1/1/2039,,rural,4.15,11022,after,MN 13,,unknown,unknown,unknown,unknown,unknown,unknown,unknown,unknown,unknown,principal arterial,11022_8,2023-01-01,0:00:00,24:00:00,volume,5171.0,AADT,1,209,,0:00:00,24:00:00,volume,7268.09805,AADT,Travel Model
FM-1702,MN,Scott,road-capacity-expansion,From Cedar Lake twp to 0.1 miles south of Eagle Creek Ave in Prior Lake,1/1/2019,1/1/2039,,rural,4.15,11022,after,MN 13,,unknown,unknown,unknown,unknown,unknown,unknown,unknown,unknown,unknown,principal arterial,11022_9,2024-01-01,0:00:00,24:00:00,volume,7198.0,AADT,1,209,,0:00:00,24:00:00,volume,7268.09805,AADT,Travel Model
FM-1702,MN,Scott,road-capacity-expansion,From Cedar Lake twp to 0.1 miles south of Eagle Creek Ave in Prior Lake,1/1/2019,1/1/2039,,rural,4.15,11029,after,MN 13,,unknown,unknown,unknown,unknown,unknown,unknown,unknown,unknown,unknown,principal arterial,11029_1,2016-01-01,0:00:00,24:00:00,volume,11859.0,AADT,1,211,,0:00:00,24:00:00,volume,13914.73203,AADT,Travel Model
FM-1702,MN,Scott,road-capacity-expansion,From Cedar Lake twp to 0.1 miles south of Eagle Creek Ave in Prior Lake,1/1/2019,1/1/2039,,rural,4.15,11029,after,MN 13,,unknown,unknown,unknown,unknown,unknown,unknown,unknown,unknown,unknown,principal arterial,11029_2,2017-01-01,0:00:00,24:00:00,volume,12067.0,AADT,1,211,,0:00:00,24:00:00,volume,13914.73203,AADT,Travel Model
FM-1702,MN,Scott,road-capacity-expansion,From Cedar Lake twp to 0.1 miles south of Eagle Creek Ave in Prior Lake,1/1/2019,1/1/2039,,rural,4.15,11029,after,MN 13,,unknown,unknown,unknown,unknown,unknown,unknown,unknown,unknown,unknown,principal arterial,11029_3,2018-01-01,0:00:00,24:00:00,volume,12600.0,AADT,1,211,,0:00:00,24:00:00,volume,13914.73203,AADT,Travel Model
FM-1702,MN,Scott,road-capacity-expansion,From Cedar Lake twp to 0.1 miles south of Eagle Creek Ave in Prior Lake,1/1/2019,1/1/2039,,rural,4.15,11029,after,MN 13,,unknown,unknown,unknown,unknown,unknown,unknown,unknown,unknown,unknown,principal arterial,11029_4,2019-01-01,0:00:00,24:00:00,volume,12794.0,AADT,1,211,,0:00:00,24:00:00,volume,13914.73203,AADT,Travel Model
FM-1702,MN,Scott,road-capacity-expansion,From Cedar Lake twp to 0.1 miles south of Eagle Creek Ave in Prior Lake,1/1/2019,1/1/2039,,rural,4.15,11029,after,MN 13,,unknown,unknown,unknown,unknown,unknown,unknown,unknown,unknown,unknown,principal arterial,11029_5,2020-01-01,0:00:00,24:00:00,volume,9586.0,AADT,1,211,,0:00:00,24:00:00,volume,13914.73203,AADT,Travel Model
FM-1702,MN,Scott,road-capacity-expansion,From Cedar Lake twp to 0.1 miles south of Eagle Creek Ave in Prior Lake,1/1/2019,1/1/2039,,rural,4.15,11029,after,MN 13,,unknown,unknown,unknown,unknown,unknown,unknown,unknown,unknown,unknown,principal arterial,11029_6,2021-01-01,0:00:00,24:00:00,volume,10583.0,AADT,1,211,,0:00:00,24:00:00,volume,13914.73203,AADT,Travel Model
FM-1702,MN,Scott,road-capacity-expansion,From Cedar Lake twp to 0.1 miles south of Eagle Creek Ave in Prior Lake,1/1/2019,1/1/2039,,rural,4.15,11029,after,MN 13,,unknown,unknown,unknown,unknown,unknown,unknown,unknown,unknown,unknown,principal arterial,11029_7,2022-01-01,0:00:00,24:00:00,volume,10869.0,AADT,1,211,,0:00:00,24:00:00,volume,13914.73203,AADT,Travel Model
FM-1702,MN,Scott,road-capacity-expansion,From Cedar Lake twp to 0.1 miles south of Eagle Creek Ave in Prior Lake,1/1/2019,1/1/2039,,rural,4.15,11029,after,MN 13,,unknown,unknown,unknown,unknown,unknown,unknown,unknown,unknown,unknown,principal arterial,11029_8,2023-01-01,0:00:00,24:00:00,volume,12380.0,AADT,1,211,,0:00:00,24:00:00,volume,13914.73203,AADT,Travel Model
FM-1702,MN,Scott,road-capacity-expansion,From Cedar Lake twp to 0.1 miles south of Eagle Creek Ave in Prior Lake,1/1/2019,1/1/2039,,rural,4.15,11029,after,MN 13,,unknown,unknown,unknown,unknown,unknown,unknown,unknown,unknown,unknown,principal arterial,11029_9,2024-01-01,0:00:00,24:00:00,volume,12837.0,AADT,1,211,,0:00:00,24:00:00,volume,13914.73203,AADT,Travel Model
FM-1703,MN,Scott,new-roadway,At MN 41 (Chestnut Blvd)/CSAH 78 in Jackson Twp,1/1/2018,1/1/2038,,rural,8.69,10281,after,US 169,,unknown,unknown,unknown,unknown,unknown,unknown,unknown,unknown,unknown,freeway,10281_1,2016-01-01,0:00:00,24:00:00,volume,24321.0,AADT,1,197,,0:00:00,24:00:00,volume,27505.33816,AADT,Travel Model
FM-1703,MN,Scott,new-roadway,At MN 41 (Chestnut Blvd)/CSAH 78 in Jackson Twp,1/1/2018,1/1/2038,,rural,8.69,10281,after,US 169,,unknown,unknown,unknown,unknown,unknown,unknown,unknown,unknown,unknown,freeway,10281_2,2017-01-01,0:00:00,24:00:00,volume,28000.0,AADT,1,197,,0:00:00,24:00:00,volume,27505.33816,AADT,Travel Model
FM-1703,MN,Scott,new-roadway,At MN 41 (Chestnut Blvd)/CSAH 78 in Jackson Twp,1/1/2018,1/1/2038,,rural,8.69,10281,after,US 169,,unknown,unknown,unknown,unknown,unknown,unknown,unknown,unknown,unknown,freeway,10281_3,2018-01-01,0:00:00,24:00:00,volume,28109.0,AADT,1,197,,0:00:00,24:00:00,volume,27505.33816,AADT,Travel Model
FM-1703,MN,Scott,new-roadway,At MN 41 (Chestnut Blvd)/CSAH 78 in Jackson Twp,1/1/2018,1/1/2038,,rural,8.69,10281,after,US 169,,unknown,unknown,unknown,unknown,unknown,unknown,unknown,unknown,unknown,freeway,10281_4,2019-01-01,0:00:00,24:00:00,volume,28543.0,AADT,1,197,,0:00:00,24:00:00,volume,27505.33816,AADT,Travel Model
FM-1703,MN,Scott,new-roadway,At MN 41 (Chestnut Blvd)/CSAH 78 in Jackson Twp,1/1/2018,1/1/2038,,rural,8.69,10281,after,US 169,,unknown,unknown,unknown,unknown,unknown,unknown,unknown,unknown,unknown,freeway,10281_5,2020-01-01,0:00:00,24:00:00,volume,24681.0,AADT,1,197,,0:00:00,24:00:00,volume,27505.33816,AADT,Travel Model
FM-1703,MN,Scott,new-roadway,At MN 41 (Chestnut Blvd)/CSAH 78 in Jackson Twp,1/1/2018,1/1/2038,,rural,8.69,10281,after,US 169,,unknown,unknown,unknown,unknown,unknown,unknown,unknown,unknown,unknown,freeway,10281_6,2021-01-01,0:00:00,24:00:00,volume,31420.0,AADT,1,197,,0:00:00,24:00:00,volume,27505.33816,AADT,Travel Model
FM-1703,MN,Scott,new-roadway,At MN 41 (Chestnut Blvd)/CSAH 78 in Jackson Twp,1/1/2018,1/1/2038,,rural,8.69,10281,after,US 169,,unknown,unknown,unknown,unknown,unknown,unknown,unknown,unknown,unknown,freeway,10281_7,2022-01-01,0:00:00,24:00:00,volume,30697.0,AADT,1,197,,0:00:00,24:00:00,volume,27505.33816,AADT,Travel Model
FM-1703,MN,Scott,new-roadway,At MN 41 (Chestnut Blvd)/CSAH 78 in Jackson Twp,1/1/2018,1/1/2038,,rural,8.69,10281,after,US 169,,unknown,unknown,unknown,unknown,unknown,unknown,unknown,unknown,unknown,freeway,10281_8,2023-01-01,0:00:00,24:00:00,volume,31834.0,AADT,1,197,,0:00:00,24:00:00,volume,27505.33816,AADT,Travel Model
FM-1703,MN,Scott,new-roadway,At MN 41 (Chestnut Blvd)/CSAH 78 in Jackson Twp,1/1/2018,1/1/2038,,rural,8.69,10281,after,US 169,,unknown,unknown,unknown,unknown,unknown,unknown,unknown,unknown,unknown,freeway,10281_9,2024-01-01,0:00:00,24:00:00,volume,32641.0,AADT,1,197,,0:00:00,24:00:00,volume,27505.33816,AADT,Travel Model
FM-1703,MN,Scott,new-roadway,At MN 41 (Chestnut Blvd)/CSAH 78 in Jackson Twp,1/1/2018,1/1/2038,,rural,8.69,10281,after,US 169,,unknown,unknown,unknown,unknown,unknown,unknown,unknown,unknown,unknown,freeway,10281_10,2025-01-01,0:00:00,24:00:00,volume,28412.0,AADT,1,197,,0:00:00,24:00:00,volume,27505.33816,AADT,Travel Model
FM-1703,MN,Scott,new-roadway,At MN 41 (Chestnut Blvd)/CSAH 78 in Jackson Twp,1/1/2018,1/1/2038,,rural,8.69,11021,after,US 169,,unknown,unknown,unknown,unknown,unknown,unknown,unknown,unknown,unknown,freeway,11021_1,2016-01-01,0:00:00,24:00:00,volume,27135.0,AADT,1,198,,0:00:00,24:00:00,volume,27102.64903,AADT,Travel Model
FM-1703,MN,Scott,new-roadway,At MN 41 (Chestnut Blvd)/CSAH 78 in Jackson Twp,1/1/2018,1/1/2038,,rural,8.69,11021,after,US 169,,unknown,unknown,unknown,unknown,unknown,unknown,unknown,unknown,unknown,freeway,11021_2,2017-01-01,0:00:00,24:00:00,volume,27610.0,AADT,1,198,,0:00:00,24:00:00,volume,27102.64903,AADT,Travel Model
FM-1703,MN,Scott,new-roadway,At MN 41 (Chestnut Blvd)/CSAH 78 in Jackson Twp,1/1/2018,1/1/2038,,rural,8.69,11021,after,US 169,,unknown,unknown,unknown,unknown,unknown,unknown,unknown,unknown,unknown,freeway,11021_3,2018-01-01,0:00:00,24:00:00,volume,29000.0,AADT,1,198,,0:00:00,24:00:00,volume,27102.64903,AADT,Travel Model
FM-1703,MN,Scott,new-roadway,At MN 41 (Chestnut Blvd)/CSAH 78 in Jackson Twp,1/1/2018,1/1/2038,,rural,8.69,11021,after,US 169,,unknown,unknown,unknown,unknown,unknown,unknown,unknown,unknown,unknown,freeway,11021_4,2019-01-01,0:00:00,24:00:00,volume,29447.0,AADT,1,198,,0:00:00,24:00:00,volume,27102.64903,AADT,Travel Model
FM-1703,MN,Scott,new-roadway,At MN 41 (Chestnut Blvd)/CSAH 78 in Jackson Twp,1/1/2018,1/1/2038,,rural,8.69,11021,after,US 169,,unknown,unknown,unknown,unknown,unknown,unknown,unknown,unknown,unknown,freeway,11021_5,2020-01-01,0:00:00,24:00:00,volume,25462.0,AADT,1,198,,0:00:00,24:00:00,volume,27102.64903,AADT,Travel Model
FM-1703,MN,Scott,new-roadway,At MN 41 (Chestnut Blvd)/CSAH 78 in Jackson Twp,1/1/2018,1/1/2038,,rural,8.69,11021,after,US 169,,unknown,unknown,unknown,unknown,unknown,unknown,unknown,unknown,unknown,freeway,11021_6,2021-01-01,0:00:00,24:00:00,volume,28772.0,AADT,1,198,,0:00:00,24:00:00,volume,27102.64903,AADT,Travel Model
FM-1703,MN,Scott,new-roadway,At MN 41 (Chestnut Blvd)/CSAH 78 in Jackson Twp,1/1/2018,1/1/2038,,rural,8.69,11021,after,US 169,,unknown,unknown,unknown,unknown,unknown,unknown,unknown,unknown,unknown,freeway,11021_7,2022-01-01,0:00:00,24:00:00,volume,28110.0,AADT,1,198,,0:00:00,24:00:00,volume,27102.64903,AADT,Travel Model
FM-1703,MN,Scott,new-roadway,At MN 41 (Chestnut Blvd)/CSAH 78 in Jackson Twp,1/1/2018,1/1/2038,,rural,8.69,11021,after,US 169,,unknown,unknown,unknown,unknown,unknown,unknown,unknown,unknown,unknown,freeway,11021_8,2023-01-01,0:00:00,24:00:00,volume,28532.0,AADT,1,198,,0:00:00,24:00:00,volume,27102.64903,AADT,Travel Model
FM-1703,MN,Scott,new-roadway,At MN 41 (Chestnut Blvd)/CSAH 78 in Jackson Twp,1/1/2018,1/1/2038,,rural,8.69,11021,after,US 169,,unknown,unknown,unknown,unknown,unknown,unknown,unknown,unknown,unknown,freeway,11021_9,2024-01-01,0:00:00,24:00:00,volume,32659.0,AADT,1,198,,0:00:00,24:00:00,volume,27102.64903,AADT,Travel Model
FM-1703,MN,Scott,new-roadway,At MN 41 (Chestnut Blvd)/CSAH 78 in Jackson Twp,1/1/2018,1/1/2038,,rural,8.69,11021,after,US 169,,unknown,unknown,unknown,unknown,unknown,unknown,unknown,unknown,unknown,freeway,11021_10,2025-01-01,0:00:00,24:00:00,volume,29573.0,AADT,1,198,,0:00:00,24:00:00,volume,27102.64903,AADT,Travel Model
FM-1703,MN,Scott,new-roadway,At MN 41 (Chestnut Blvd)/CSAH 78 in Jackson Twp,1/1/2018,1/1/2038,,rural,8.69,11035,after,US 169,,unknown,unknown,unknown,unknown,unknown,unknown,unknown,unknown,unknown,freeway,11035_1,2016-01-01,0:00:00,24:00:00,volume,28140.0,AADT,1,199,,0:00:00,24:00:00,volume,27761.42618,AADT,Travel Model
FM-1703,MN,Scott,new-roadway,At MN 41 (Chestnut Blvd)/CSAH 78 in Jackson Twp,1/1/2018,1/1/2038,,rural,8.69,11035,after,US 169,,unknown,unknown,unknown,unknown,unknown,unknown,unknown,unknown,unknown,freeway,11035_2,2017-01-01,0:00:00,24:00:00,volume,28632.0,AADT,1,199,,0:00:00,24:00:00,volume,27761.42618,AADT,Travel Model
FM-1703,MN,Scott,new-roadway,At MN 41 (Chestnut Blvd)/CSAH 78 in Jackson Twp,1/1/2018,1/1/2038,,rural,8.69,11035,after,US 169,,unknown,unknown,unknown,unknown,unknown,unknown,unknown,unknown,unknown,freeway,11035_3,2018-01-01,0:00:00,24:00:00,volume,30000.0,AADT,1,199,,0:00:00,24:00:00,volume,27761.42618,AADT,Travel Model
FM-1703,MN,Scott,new-roadway,At MN 41 (Chestnut Blvd)/CSAH 78 in Jackson Twp,1/1/2018,1/1/2038,,rural,8.69,11035,after,US 169,,unknown,unknown,unknown,unknown,unknown,unknown,unknown,unknown,unknown,freeway,11035_4,2019-01-01,0:00:00,24:00:00,volume,30463.0,AADT,1,199,,0:00:00,24:00:00,volume,27761.42618,AADT,Travel Model
FM-1703,MN,Scott,new-roadway,At MN 41 (Chestnut Blvd)/CSAH 78 in Jackson Twp,1/1/2018,1/1/2038,,rural,8.69,11035,after,US 169,,unknown,unknown,unknown,unknown,unknown,unknown,unknown,unknown,unknown,freeway,11035_5,2020-01-01,0:00:00,24:00:00,volume,26341.0,AADT,1,199,,0:00:00,24:00:00,volume,27761.42618,AADT,Travel Model
FM-1703,MN,Scott,new-roadway,At MN 41 (Chestnut Blvd)/CSAH 78 in Jackson Twp,1/1/2018,1/1/2038,,rural,8.69,11035,after,US 169,,unknown,unknown,unknown,unknown,unknown,unknown,unknown,unknown,unknown,freeway,11035_6,2021-01-01,0:00:00,24:00:00,volume,29765.0,AADT,1,199,,0:00:00,24:00:00,volume,27761.42618,AADT,Travel Model
FM-1703,MN,Scott,new-roadway,At MN 41 (Chestnut Blvd)/CSAH 78 in Jackson Twp,1/1/2018,1/1/2038,,rural,8.69,11035,after,US 169,,unknown,unknown,unknown,unknown,unknown,unknown,unknown,unknown,unknown,freeway,11035_7,2022-01-01,0:00:00,24:00:00,volume,29140.0,AADT,1,199,,0:00:00,24:00:00,volume,27761.42618,AADT,Travel Model
FM-1703,MN,Scott,new-roadway,At MN 41 (Chestnut Blvd)/CSAH 78 in Jackson Twp,1/1/2018,1/1/2038,,rural,8.69,11035,after,US 169,,unknown,unknown,unknown,unknown,unknown,unknown,unknown,unknown,unknown,freeway,11035_8,2023-01-01,0:00:00,24:00:00,volume,28727.0,AADT,1,199,,0:00:00,24:00:00,volume,27761.42618,AADT,Travel Model
FM-1703,MN,Scott,new-roadway,At MN 41 (Chestnut Blvd)/CSAH 78 in Jackson Twp,1/1/2018,1/1/2038,,rural,8.69,11035,after,US 169,,unknown,unknown,unknown,unknown,unknown,unknown,unknown,unknown,unknown,freeway,11035_9,2024-01-01,0:00:00,24:00:00,volume,28711.0,AADT,1,199,,0:00:00,24:00:00,volume,27761.42618,AADT,Travel Model
FM-1703,MN,Scott,new-roadway,At MN 41 (Chestnut Blvd)/CSAH 78 in Jackson Twp,1/1/2018,1/1/2038,,rural,8.69,11676,after,US 169,,unknown,unknown,unknown,unknown,unknown,unknown,unknown,unknown,unknown,freeway,11676_1,2016-01-01,0:00:00,24:00:00,volume,40200.0,AADT,1,200,,0:00:00,24:00:00,volume,33690.42061,AADT,Travel Model
FM-1703,MN,Scott,new-roadway,At MN 41 (Chestnut Blvd)/CSAH 78 in Jackson Twp,1/1/2018,1/1/2038,,rural,8.69,11676,after,US 169,,unknown,unknown,unknown,unknown,unknown,unknown,unknown,unknown,unknown,freeway,11676_2,2017-01-01,0:00:00,24:00:00,volume,40904.0,AADT,1,200,,0:00:00,24:00:00,volume,33690.42061,AADT,Travel Model
FM-1703,MN,Scott,new-roadway,At MN 41 (Chestnut Blvd)/CSAH 78 in Jackson Twp,1/1/2018,1/1/2038,,rural,8.69,11676,after,US 169,,unknown,unknown,unknown,unknown,unknown,unknown,unknown,unknown,unknown,freeway,11676_3,2018-01-01,0:00:00,24:00:00,volume,41064.0,AADT,1,200,,0:00:00,24:00:00,volume,33690.42061,AADT,Travel Model
FM-1703,MN,Scott,new-roadway,At MN 41 (Chestnut Blvd)/CSAH 78 in Jackson Twp,1/1/2018,1/1/2038,,rural,8.69,11676,after,US 169,,unknown,unknown,unknown,unknown,unknown,unknown,unknown,unknown,unknown,freeway,11676_4,2019-01-01,0:00:00,24:00:00,volume,41698.0,AADT,1,200,,0:00:00,24:00:00,volume,33690.42061,AADT,Travel Model
FM-1703,MN,Scott,new-roadway,At MN 41 (Chestnut Blvd)/CSAH 78 in Jackson Twp,1/1/2018,1/1/2038,,rural,8.69,11676,after,US 169,,unknown,unknown,unknown,unknown,unknown,unknown,unknown,unknown,unknown,freeway,11676_5,2020-01-01,0:00:00,24:00:00,volume,34165.0,AADT,1,200,,0:00:00,24:00:00,volume,33690.42061,AADT,Travel Model
FM-1703,MN,Scott,new-roadway,At MN 41 (Chestnut Blvd)/CSAH 78 in Jackson Twp,1/1/2018,1/1/2038,,rural,8.69,11676,after,US 169,,unknown,unknown,unknown,unknown,unknown,unknown,unknown,unknown,unknown,freeway,11676_6,2021-01-01,0:00:00,24:00:00,volume,37889.0,AADT,1,200,,0:00:00,24:00:00,volume,33690.42061,AADT,Travel Model
FM-1703,MN,Scott,new-roadway,At MN 41 (Chestnut Blvd)/CSAH 78 in Jackson Twp,1/1/2018,1/1/2038,,rural,8.69,11676,after,US 169,,unknown,unknown,unknown,unknown,unknown,unknown,unknown,unknown,unknown,freeway,11676_7,2022-01-01,0:00:00,24:00:00,volume,38874.0,AADT,1,200,,0:00:00,24:00:00,volume,33690.42061,AADT,Travel Model
FM-1703,MN,Scott,new-roadway,At MN 41 (Chestnut Blvd)/CSAH 78 in Jackson Twp,1/1/2018,1/1/2038,,rural,8.69,11676,after,US 169,,unknown,unknown,unknown,unknown,unknown,unknown,unknown,unknown,unknown,freeway,11676_8,2023-01-01,0:00:00,24:00:00,volume,31776.0,AADT,1,200,,0:00:00,24:00:00,volume,33690.42061,AADT,Travel Model
FM-1703,MN,Scott,new-roadway,At MN 41 (Chestnut Blvd)/CSAH 78 in Jackson Twp,1/1/2018,1/1/2038,,rural,8.69,11676,after,US 169,,unknown,unknown,unknown,unknown,unknown,unknown,unknown,unknown,unknown,freeway,11676_9,2024-01-01,0:00:00,24:00:00,volume,35424.0,AADT,1,200,,0:00:00,24:00:00,volume,33690.42061,AADT,Travel Model
FM-1703,MN,Scott,new-roadway,At MN 41 (Chestnut Blvd)/CSAH 78 in Jackson Twp,1/1/2018,1/1/2038,,rural,8.69,11676,after,US 169,,unknown,unknown,unknown,unknown,unknown,unknown,unknown,unknown,unknown,freeway,11676_10,2025-01-01,0:00:00,24:00:00,volume,37096.0,AADT,1,200,,0:00:00,24:00:00,volume,33690.42061,AADT,Travel Model
FM-1703,MN,Scott,new-roadway,At MN 41 (Chestnut Blvd)/CSAH 78 in Jackson Twp,1/1/2018,1/1/2038,,rural,8.69,11677,after,US 169,,unknown,unknown,unknown,unknown,unknown,unknown,unknown,unknown,unknown,freeway,11677_1,2016-01-01,0:00:00,24:00:00,volume,32663.0,AADT,1,201,,0:00:00,24:00:00,volume,31500.68245,AADT,Travel Model
FM-1703,MN,Scott,new-roadway,At MN 41 (Chestnut Blvd)/CSAH 78 in Jackson Twp,1/1/2018,1/1/2038,,rural,8.69,11677,after,US 169,,unknown,unknown,unknown,unknown,unknown,unknown,unknown,unknown,unknown,freeway,11677_2,2017-01-01,0:00:00,24:00:00,volume,33235.0,AADT,1,201,,0:00:00,24:00:00,volume,31500.68245,AADT,Travel Model
FM-1703,MN,Scott,new-roadway,At MN 41 (Chestnut Blvd)/CSAH 78 in Jackson Twp,1/1/2018,1/1/2038,,rural,8.69,11677,after,US 169,,unknown,unknown,unknown,unknown,unknown,unknown,unknown,unknown,unknown,freeway,11677_3,2018-01-01,0:00:00,24:00:00,volume,34500.0,AADT,1,201,,0:00:00,24:00:00,volume,31500.68245,AADT,Travel Model
FM-1703,MN,Scott,new-roadway,At MN 41 (Chestnut Blvd)/CSAH 78 in Jackson Twp,1/1/2018,1/1/2038,,rural,8.69,11677,after,US 169,,unknown,unknown,unknown,unknown,unknown,unknown,unknown,unknown,unknown,freeway,11677_4,2019-01-01,0:00:00,24:00:00,volume,36000.0,AADT,1,201,,0:00:00,24:00:00,volume,31500.68245,AADT,Travel Model
FM-1703,MN,Scott,new-roadway,At MN 41 (Chestnut Blvd)/CSAH 78 in Jackson Twp,1/1/2018,1/1/2038,,rural,8.69,11677,after,US 169,,unknown,unknown,unknown,unknown,unknown,unknown,unknown,unknown,unknown,freeway,11677_5,2020-01-01,0:00:00,24:00:00,volume,31128.0,AADT,1,201,,0:00:00,24:00:00,volume,31500.68245,AADT,Travel Model
FM-1703,MN,Scott,new-roadway,At MN 41 (Chestnut Blvd)/CSAH 78 in Jackson Twp,1/1/2018,1/1/2038,,rural,8.69,11677,after,US 169,,unknown,unknown,unknown,unknown,unknown,unknown,unknown,unknown,unknown,freeway,11677_6,2021-01-01,0:00:00,24:00:00,volume,35175.0,AADT,1,201,,0:00:00,24:00:00,volume,31500.68245,AADT,Travel Model
FM-1703,MN,Scott,new-roadway,At MN 41 (Chestnut Blvd)/CSAH 78 in Jackson Twp,1/1/2018,1/1/2038,,rural,8.69,11677,after,US 169,,unknown,unknown,unknown,unknown,unknown,unknown,unknown,unknown,unknown,freeway,11677_7,2022-01-01,0:00:00,24:00:00,volume,34436.0,AADT,1,201,,0:00:00,24:00:00,volume,31500.68245,AADT,Travel Model
FM-1703,MN,Scott,new-roadway,At MN 41 (Chestnut Blvd)/CSAH 78 in Jackson Twp,1/1/2018,1/1/2038,,rural,8.69,11677,after,US 169,,unknown,unknown,unknown,unknown,unknown,unknown,unknown,unknown,unknown,freeway,11677_8,2023-01-01,0:00:00,24:00:00,volume,36659.0,AADT,1,201,,0:00:00,24:00:00,volume,31500.68245,AADT,Travel Model
FM-1703,MN,Scott,new-roadway,At MN 41 (Chestnut Blvd)/CSAH 78 in Jackson Twp,1/1/2018,1/1/2038,,rural,8.69,11677,after,US 169,,unknown,unknown,unknown,unknown,unknown,unknown,unknown,unknown,unknown,freeway,11677_9,2024-01-01,0:00:00,24:00:00,volume,36082.0,AADT,1,201,,0:00:00,24:00:00,volume,31500.68245,AADT,Travel Model
FM-1703,MN,Scott,new-roadway,At MN 41 (Chestnut Blvd)/CSAH 78 in Jackson Twp,1/1/2018,1/1/2038,,rural,8.69,11677,after,US 169,,unknown,unknown,unknown,unknown,unknown,unknown,unknown,unknown,unknown,freeway,11677_10,2025-01-01,0:00:00,24:00:00,volume,36107.0,AADT,1,201,,0:00:00,24:00:00,volume,31500.68245,AADT,Travel Model
FM-1703,MN,Scott,new-roadway,At MN 41 (Chestnut Blvd)/CSAH 78 in Jackson Twp,1/1/2018,1/1/2038,,rural,8.69,42204,after,CSAH 78,,unknown,unknown,unknown,unknown,unknown,unknown,unknown,unknown,unknown,minor arterial,42204_1,2016-01-01,0:00:00,24:00:00,volume,4724.0,AADT,1,202,,0:00:00,24:00:00,volume,5047.532033,AADT,Travel Model
FM-1703,MN,Scott,new-roadway,At MN 41 (Chestnut Blvd)/CSAH 78 in Jackson Twp,1/1/2018,1/1/2038,,rural,8.69,42204,after,CSAH 78,,unknown,unknown,unknown,unknown,unknown,unknown,unknown,unknown,unknown,minor arterial,42204_2,2017-01-01,0:00:00,24:00:00,volume,4700.0,AADT,1,202,,0:00:00,24:00:00,volume,5047.532033,AADT,Travel Model
FM-1703,MN,Scott,new-roadway,At MN 41 (Chestnut Blvd)/CSAH 78 in Jackson Twp,1/1/2018,1/1/2038,,rural,8.69,42204,after,CSAH 78,,unknown,unknown,unknown,unknown,unknown,unknown,unknown,unknown,unknown,minor arterial,42204_3,2018-01-01,0:00:00,24:00:00,volume,4400.0,AADT,1,202,,0:00:00,24:00:00,volume,5047.532033,AADT,Travel Model
FM-1703,MN,Scott,new-roadway,At MN 41 (Chestnut Blvd)/CSAH 78 in Jackson Twp,1/1/2018,1/1/2038,,rural,8.69,42204,after,CSAH 78,,unknown,unknown,unknown,unknown,unknown,unknown,unknown,unknown,unknown,minor arterial,42204_4,2019-01-01,0:00:00,24:00:00,volume,4436.0,AADT,1,202,,0:00:00,24:00:00,volume,5047.532033,AADT,Travel Model
FM-1703,MN,Scott,new-roadway,At MN 41 (Chestnut Blvd)/CSAH 78 in Jackson Twp,1/1/2018,1/1/2038,,rural,8.69,42204,after,CSAH 78,,unknown,unknown,unknown,unknown,unknown,unknown,unknown,unknown,unknown,minor arterial,42204_5,2020-01-01,0:00:00,24:00:00,volume,3324.0,AADT,1,202,,0:00:00,24:00:00,volume,5047.532033,AADT,Travel Model
FM-1703,MN,Scott,new-roadway,At MN 41 (Chestnut Blvd)/CSAH 78 in Jackson Twp,1/1/2018,1/1/2038,,rural,8.69,42204,after,CSAH 78,,unknown,unknown,unknown,unknown,unknown,unknown,unknown,unknown,unknown,minor arterial,42204_6,2021-01-01,0:00:00,24:00:00,volume,3670.0,AADT,1,202,,0:00:00,24:00:00,volume,5047.532033,AADT,Travel Model
FM-1703,MN,Scott,new-roadway,At MN 41 (Chestnut Blvd)/CSAH 78 in Jackson Twp,1/1/2018,1/1/2038,,rural,8.69,42204,after,CSAH 78,,unknown,unknown,unknown,unknown,unknown,unknown,unknown,unknown,unknown,minor arterial,42204_7,2022-01-01,0:00:00,24:00:00,volume,4709.0,AADT,1,202,,0:00:00,24:00:00,volume,5047.532033,AADT,Travel Model
FM-1703,MN,Scott,new-roadway,At MN 41 (Chestnut Blvd)/CSAH 78 in Jackson Twp,1/1/2018,1/1/2038,,rural,8.69,42204,after,CSAH 78,,unknown,unknown,unknown,unknown,unknown,unknown,unknown,unknown,unknown,minor arterial,42204_8,2023-01-01,0:00:00,24:00:00,volume,4667.0,AADT,1,202,,0:00:00,24:00:00,volume,5047.532033,AADT,Travel Model
FM-1703,MN,Scott,new-roadway,At MN 41 (Chestnut Blvd)/CSAH 78 in Jackson Twp,1/1/2018,1/1/2038,,rural,8.69,42204,after,CSAH 78,,unknown,unknown,unknown,unknown,unknown,unknown,unknown,unknown,unknown,minor arterial,42204_9,2024-01-01,0:00:00,24:00:00,volume,4835.0,AADT,1,202,,0:00:00,24:00:00,volume,5047.532033,AADT,Travel Model
FM-1703,MN,Scott,new-roadway,At MN 41 (Chestnut Blvd)/CSAH 78 in Jackson Twp,1/1/2018,1/1/2038,,rural,8.69,42359,after,CSAH 78,,unknown,unknown,unknown,unknown,unknown,unknown,unknown,unknown,unknown,minor collector,42359_1,2016-01-01,0:00:00,24:00:00,volume,5126.0,AADT,1,203,,0:00:00,24:00:00,volume,5723.010585,AADT,Travel Model
FM-1703,MN,Scott,new-roadway,At MN 41 (Chestnut Blvd)/CSAH 78 in Jackson Twp,1/1/2018,1/1/2038,,rural,8.69,42359,after,CSAH 78,,unknown,unknown,unknown,unknown,unknown,unknown,unknown,unknown,unknown,minor collector,42359_2,2017-01-01,0:00:00,24:00:00,volume,5200.0,AADT,1,203,,0:00:00,24:00:00,volume,5723.010585,AADT,Travel Model
FM-1703,MN,Scott,new-roadway,At MN 41 (Chestnut Blvd)/CSAH 78 in Jackson Twp,1/1/2018,1/1/2038,,rural,8.69,42359,after,CSAH 78,,unknown,unknown,unknown,unknown,unknown,unknown,unknown,unknown,unknown,minor collector,42359_3,2018-01-01,0:00:00,24:00:00,volume,5227.0,AADT,1,203,,0:00:00,24:00:00,volume,5723.010585,AADT,Travel Model
FM-1703,MN,Scott,new-roadway,At MN 41 (Chestnut Blvd)/CSAH 78 in Jackson Twp,1/1/2018,1/1/2038,,rural,8.69,42359,after,CSAH 78,,unknown,unknown,unknown,unknown,unknown,unknown,unknown,unknown,unknown,minor collector,42359_4,2019-01-01,0:00:00,24:00:00,volume,5000.0,AADT,1,203,,0:00:00,24:00:00,volume,5723.010585,AADT,Travel Model
FM-1703,MN,Scott,new-roadway,At MN 41 (Chestnut Blvd)/CSAH 78 in Jackson Twp,1/1/2018,1/1/2038,,rural,8.69,42359,after,CSAH 78,,unknown,unknown,unknown,unknown,unknown,unknown,unknown,unknown,unknown,minor collector,42359_5,2020-01-01,0:00:00,24:00:00,volume,3746.0,AADT,1,203,,0:00:00,24:00:00,volume,5723.010585,AADT,Travel Model
FM-1703,MN,Scott,new-roadway,At MN 41 (Chestnut Blvd)/CSAH 78 in Jackson Twp,1/1/2018,1/1/2038,,rural,8.69,42359,after,CSAH 78,,unknown,unknown,unknown,unknown,unknown,unknown,unknown,unknown,unknown,minor collector,42359_6,2021-01-01,0:00:00,24:00:00,volume,4136.0,AADT,1,203,,0:00:00,24:00:00,volume,5723.010585,AADT,Travel Model
FM-1703,MN,Scott,new-roadway,At MN 41 (Chestnut Blvd)/CSAH 78 in Jackson Twp,1/1/2018,1/1/2038,,rural,8.69,42359,after,CSAH 78,,unknown,unknown,unknown,unknown,unknown,unknown,unknown,unknown,unknown,minor collector,42359_7,2022-01-01,0:00:00,24:00:00,volume,4925.0,AADT,1,203,,0:00:00,24:00:00,volume,5723.010585,AADT,Travel Model
FM-1703,MN,Scott,new-roadway,At MN 41 (Chestnut Blvd)/CSAH 78 in Jackson Twp,1/1/2018,1/1/2038,,rural,8.69,42359,after,CSAH 78,,unknown,unknown,unknown,unknown,unknown,unknown,unknown,unknown,unknown,minor collector,42359_8,2023-01-01,0:00:00,24:00:00,volume,4881.0,AADT,1,203,,0:00:00,24:00:00,volume,5723.010585,AADT,Travel Model
FM-1703,MN,Scott,new-roadway,At MN 41 (Chestnut Blvd)/CSAH 78 in Jackson Twp,1/1/2018,1/1/2038,,rural,8.69,42359,after,CSAH 78,,unknown,unknown,unknown,unknown,unknown,unknown,unknown,unknown,unknown,minor collector,42359_9,2024-01-01,0:00:00,24:00:00,volume,5056.0,AADT,1,203,,0:00:00,24:00:00,volume,5723.010585,AADT,Travel Model
FM-1704,MN,Dakota,road-capacity-expansion,MN 3 at CSAH 26/70th Street (Roundabout),1/1/2018,1/1/2038,,exurban,2.27,10665,after,MN 3,,unknown,unknown,unknown,unknown,unknown,unknown,unknown,unknown,unknown,minor arterial,10665_1,2016-01-01,0:00:00,24:00:00,volume,6167.0,AADT,1,193,,0:00:00,24:00:00,volume,7856.149582,AADT,Travel Model
FM-1704,MN,Dakota,road-capacity-expansion,MN 3 at CSAH 26/70th Street (Roundabout),1/1/2018,1/1/2038,,exurban,2.27,10665,after,MN 3,,unknown,unknown,unknown,unknown,unknown,unknown,unknown,unknown,unknown,minor arterial,10665_2,2017-01-01,0:00:00,24:00:00,volume,10200.0,AADT,1,193,,0:00:00,24:00:00,volume,7856.149582,AADT,Travel Model
FM-1704,MN,Dakota,road-capacity-expansion,MN 3 at CSAH 26/70th Street (Roundabout),1/1/2018,1/1/2038,,exurban,2.27,10665,after,MN 3,,unknown,unknown,unknown,unknown,unknown,unknown,unknown,unknown,unknown,minor arterial,10665_3,2018-01-01,0:00:00,24:00:00,volume,10240.0,AADT,1,193,,0:00:00,24:00:00,volume,7856.149582,AADT,Travel Model
FM-1704,MN,Dakota,road-capacity-expansion,MN 3 at CSAH 26/70th Street (Roundabout),1/1/2018,1/1/2038,,exurban,2.27,10665,after,MN 3,,unknown,unknown,unknown,unknown,unknown,unknown,unknown,unknown,unknown,minor arterial,10665_4,2019-01-01,0:00:00,24:00:00,volume,10066.0,AADT,1,193,,0:00:00,24:00:00,volume,7856.149582,AADT,Travel Model
FM-1704,MN,Dakota,road-capacity-expansion,MN 3 at CSAH 26/70th Street (Roundabout),1/1/2018,1/1/2038,,exurban,2.27,10665,after,MN 3,,unknown,unknown,unknown,unknown,unknown,unknown,unknown,unknown,unknown,minor arterial,10665_5,2020-01-01,0:00:00,24:00:00,volume,5500.0,AADT,1,193,,0:00:00,24:00:00,volume,7856.149582,AADT,Travel Model
FM-1704,MN,Dakota,road-capacity-expansion,MN 3 at CSAH 26/70th Street (Roundabout),1/1/2018,1/1/2038,,exurban,2.27,10665,after,MN 3,,unknown,unknown,unknown,unknown,unknown,unknown,unknown,unknown,unknown,minor arterial,10665_6,2021-01-01,0:00:00,24:00:00,volume,6488.0,AADT,1,193,,0:00:00,24:00:00,volume,7856.149582,AADT,Travel Model
FM-1704,MN,Dakota,road-capacity-expansion,MN 3 at CSAH 26/70th Street (Roundabout),1/1/2018,1/1/2038,,exurban,2.27,10665,after,MN 3,,unknown,unknown,unknown,unknown,unknown,unknown,unknown,unknown,unknown,minor arterial,10665_7,2022-01-01,0:00:00,24:00:00,volume,6663.0,AADT,1,193,,0:00:00,24:00:00,volume,7856.149582,AADT,Travel Model
FM-1704,MN,Dakota,road-capacity-expansion,MN 3 at CSAH 26/70th Street (Roundabout),1/1/2018,1/1/2038,,exurban,2.27,10665,after,MN 3,,unknown,unknown,unknown,unknown,unknown,unknown,unknown,unknown,unknown,minor arterial,10665_8,2023-01-01,0:00:00,24:00:00,volume,10777.0,AADT,1,193,,0:00:00,24:00:00,volume,7856.149582,AADT,Travel Model
FM-1704,MN,Dakota,road-capacity-expansion,MN 3 at CSAH 26/70th Street (Roundabout),1/1/2018,1/1/2038,,exurban,2.27,10665,after,MN 3,,unknown,unknown,unknown,unknown,unknown,unknown,unknown,unknown,unknown,minor arterial,10665_9,2024-01-01,0:00:00,24:00:00,volume,11165.0,AADT,1,193,,0:00:00,24:00:00,volume,7856.149582,AADT,Travel Model
FM-1704,MN,Dakota,road-capacity-expansion,MN 3 at CSAH 26/70th Street (Roundabout),1/1/2018,1/1/2038,,exurban,2.27,11666,after,MN 3,,unknown,unknown,unknown,unknown,unknown,unknown,unknown,unknown,unknown,principal arterial,11666_1,2016-01-01,0:00:00,24:00:00,volume,5600.0,AADT,1,194,,0:00:00,24:00:00,volume,12043.55989,AADT,Travel Model
FM-1704,MN,Dakota,road-capacity-expansion,MN 3 at CSAH 26/70th Street (Roundabout),1/1/2018,1/1/2038,,exurban,2.27,11666,after,MN 3,,unknown,unknown,unknown,unknown,unknown,unknown,unknown,unknown,unknown,principal arterial,11666_2,2017-01-01,0:00:00,24:00:00,volume,6500.0,AADT,1,194,,0:00:00,24:00:00,volume,12043.55989,AADT,Travel Model
FM-1704,MN,Dakota,road-capacity-expansion,MN 3 at CSAH 26/70th Street (Roundabout),1/1/2018,1/1/2038,,exurban,2.27,11666,after,MN 3,,unknown,unknown,unknown,unknown,unknown,unknown,unknown,unknown,unknown,principal arterial,11666_3,2018-01-01,0:00:00,24:00:00,volume,6525.0,AADT,1,194,,0:00:00,24:00:00,volume,12043.55989,AADT,Travel Model
FM-1704,MN,Dakota,road-capacity-expansion,MN 3 at CSAH 26/70th Street (Roundabout),1/1/2018,1/1/2038,,exurban,2.27,11666,after,MN 3,,unknown,unknown,unknown,unknown,unknown,unknown,unknown,unknown,unknown,principal arterial,11666_4,2019-01-01,0:00:00,24:00:00,volume,6414.0,AADT,1,194,,0:00:00,24:00:00,volume,12043.55989,AADT,Travel Model
FM-1704,MN,Dakota,road-capacity-expansion,MN 3 at CSAH 26/70th Street (Roundabout),1/1/2018,1/1/2038,,exurban,2.27,11666,after,MN 3,,unknown,unknown,unknown,unknown,unknown,unknown,unknown,unknown,unknown,principal arterial,11666_5,2020-01-01,0:00:00,24:00:00,volume,4805.0,AADT,1,194,,0:00:00,24:00:00,volume,12043.55989,AADT,Travel Model
FM-1704,MN,Dakota,road-capacity-expansion,MN 3 at CSAH 26/70th Street (Roundabout),1/1/2018,1/1/2038,,exurban,2.27,11666,after,MN 3,,unknown,unknown,unknown,unknown,unknown,unknown,unknown,unknown,unknown,principal arterial,11666_6,2021-01-01,0:00:00,24:00:00,volume,5305.0,AADT,1,194,,0:00:00,24:00:00,volume,12043.55989,AADT,Travel Model
FM-1704,MN,Dakota,road-capacity-expansion,MN 3 at CSAH 26/70th Street (Roundabout),1/1/2018,1/1/2038,,exurban,2.27,11666,after,MN 3,,unknown,unknown,unknown,unknown,unknown,unknown,unknown,unknown,unknown,principal arterial,11666_7,2022-01-01,0:00:00,24:00:00,volume,6722.0,AADT,1,194,,0:00:00,24:00:00,volume,12043.55989,AADT,Travel Model
FM-1704,MN,Dakota,road-capacity-expansion,MN 3 at CSAH 26/70th Street (Roundabout),1/1/2018,1/1/2038,,exurban,2.27,11666,after,MN 3,,unknown,unknown,unknown,unknown,unknown,unknown,unknown,unknown,unknown,principal arterial,11666_8,2023-01-01,0:00:00,24:00:00,volume,6661.0,AADT,1,194,,0:00:00,24:00:00,volume,12043.55989,AADT,Travel Model
FM-1704,MN,Dakota,road-capacity-expansion,MN 3 at CSAH 26/70th Street (Roundabout),1/1/2018,1/1/2038,,exurban,2.27,11666,after,MN 3,,unknown,unknown,unknown,unknown,unknown,unknown,unknown,unknown,unknown,principal arterial,11666_9,2024-01-01,0:00:00,24:00:00,volume,6485.0,AADT,1,194,,0:00:00,24:00:00,volume,12043.55989,AADT,Travel Model
FM-1704,MN,Dakota,road-capacity-expansion,MN 3 at CSAH 26/70th Street (Roundabout),1/1/2018,1/1/2038,,exurban,2.27,40340,after,MN 3,,unknown,unknown,unknown,unknown,unknown,unknown,unknown,unknown,unknown,principal arterial,40340_1,2016-01-01,0:00:00,24:00:00,volume,7500.0,AADT,1,196,,0:00:00,24:00:00,volume,10505.17604,AADT,Travel Model
FM-1704,MN,Dakota,road-capacity-expansion,MN 3 at CSAH 26/70th Street (Roundabout),1/1/2018,1/1/2038,,exurban,2.27,40340,after,MN 3,,unknown,unknown,unknown,unknown,unknown,unknown,unknown,unknown,unknown,principal arterial,40340_2,2017-01-01,0:00:00,24:00:00,volume,7640.0,AADT,1,196,,0:00:00,24:00:00,volume,10505.17604,AADT,Travel Model
FM-1704,MN,Dakota,road-capacity-expansion,MN 3 at CSAH 26/70th Street (Roundabout),1/1/2018,1/1/2038,,exurban,2.27,40340,after,MN 3,,unknown,unknown,unknown,unknown,unknown,unknown,unknown,unknown,unknown,principal arterial,40340_3,2018-01-01,0:00:00,24:00:00,volume,7680.0,AADT,1,196,,0:00:00,24:00:00,volume,10505.17604,AADT,Travel Model
FM-1704,MN,Dakota,road-capacity-expansion,MN 3 at CSAH 26/70th Street (Roundabout),1/1/2018,1/1/2038,,exurban,2.27,40340,after,MN 3,,unknown,unknown,unknown,unknown,unknown,unknown,unknown,unknown,unknown,principal arterial,40340_4,2019-01-01,0:00:00,24:00:00,volume,7684.0,AADT,1,196,,0:00:00,24:00:00,volume,10505.17604,AADT,Travel Model
FM-1704,MN,Dakota,road-capacity-expansion,MN 3 at CSAH 26/70th Street (Roundabout),1/1/2018,1/1/2038,,exurban,2.27,40340,after,MN 3,,unknown,unknown,unknown,unknown,unknown,unknown,unknown,unknown,unknown,principal arterial,40340_5,2020-01-01,0:00:00,24:00:00,volume,5757.0,AADT,1,196,,0:00:00,24:00:00,volume,10505.17604,AADT,Travel Model
FM-1704,MN,Dakota,road-capacity-expansion,MN 3 at CSAH 26/70th Street (Roundabout),1/1/2018,1/1/2038,,exurban,2.27,40340,after,MN 3,,unknown,unknown,unknown,unknown,unknown,unknown,unknown,unknown,unknown,principal arterial,40340_6,2021-01-01,0:00:00,24:00:00,volume,7655.0,AADT,1,196,,0:00:00,24:00:00,volume,10505.17604,AADT,Travel Model
FM-1704,MN,Dakota,road-capacity-expansion,MN 3 at CSAH 26/70th Street (Roundabout),1/1/2018,1/1/2038,,exurban,2.27,40340,after,MN 3,,unknown,unknown,unknown,unknown,unknown,unknown,unknown,unknown,unknown,principal arterial,40340_7,2022-01-01,0:00:00,24:00:00,volume,7862.0,AADT,1,196,,0:00:00,24:00:00,volume,10505.17604,AADT,Travel Model
FM-1704,MN,Dakota,road-capacity-expansion,MN 3 at CSAH 26/70th Street (Roundabout),1/1/2018,1/1/2038,,exurban,2.27,40340,after,MN 3,,unknown,unknown,unknown,unknown,unknown,unknown,unknown,unknown,unknown,principal arterial,40340_8,2023-01-01,0:00:00,24:00:00,volume,7791.0,AADT,1,196,,0:00:00,24:00:00,volume,10505.17604,AADT,Travel Model
FM-1704,MN,Dakota,road-capacity-expansion,MN 3 at CSAH 26/70th Street (Roundabout),1/1/2018,1/1/2038,,exurban,2.27,40340,after,MN 3,,unknown,unknown,unknown,unknown,unknown,unknown,unknown,unknown,unknown,principal arterial,40340_9,2024-01-01,0:00:00,24:00:00,volume,6692.0,AADT,1,196,,0:00:00,24:00:00,volume,10505.17604,AADT,Travel Model
FM-1704,MN,Dakota,road-capacity-expansion,MN 3 at CSAH 26/70th Street (Roundabout),1/1/2018,1/1/2038,,exurban,2.27,40341,after,MN 3,,unknown,unknown,unknown,unknown,unknown,unknown,unknown,unknown,unknown,minor arterial,40341_1,2016-01-01,0:00:00,24:00:00,volume,6500.0,AADT,1,195,,0:00:00,24:00:00,volume,9099.939415,AADT,Travel Model
FM-1704,MN,Dakota,road-capacity-expansion,MN 3 at CSAH 26/70th Street (Roundabout),1/1/2018,1/1/2038,,exurban,2.27,40341,after,MN 3,,unknown,unknown,unknown,unknown,unknown,unknown,unknown,unknown,unknown,minor arterial,40341_2,2017-01-01,0:00:00,24:00:00,volume,6621.0,AADT,1,195,,0:00:00,24:00:00,volume,9099.939415,AADT,Travel Model
FM-1704,MN,Dakota,road-capacity-expansion,MN 3 at CSAH 26/70th Street (Roundabout),1/1/2018,1/1/2038,,exurban,2.27,40341,after,MN 3,,unknown,unknown,unknown,unknown,unknown,unknown,unknown,unknown,unknown,minor arterial,40341_3,2018-01-01,0:00:00,24:00:00,volume,6655.0,AADT,1,195,,0:00:00,24:00:00,volume,9099.939415,AADT,Travel Model
FM-1704,MN,Dakota,road-capacity-expansion,MN 3 at CSAH 26/70th Street (Roundabout),1/1/2018,1/1/2038,,exurban,2.27,40341,after,MN 3,,unknown,unknown,unknown,unknown,unknown,unknown,unknown,unknown,unknown,minor arterial,40341_4,2019-01-01,0:00:00,24:00:00,volume,6659.0,AADT,1,195,,0:00:00,24:00:00,volume,9099.939415,AADT,Travel Model
FM-1704,MN,Dakota,road-capacity-expansion,MN 3 at CSAH 26/70th Street (Roundabout),1/1/2018,1/1/2038,,exurban,2.27,40341,after,MN 3,,unknown,unknown,unknown,unknown,unknown,unknown,unknown,unknown,unknown,minor arterial,40341_5,2020-01-01,0:00:00,24:00:00,volume,4989.0,AADT,1,195,,0:00:00,24:00:00,volume,9099.939415,AADT,Travel Model
FM-1704,MN,Dakota,road-capacity-expansion,MN 3 at CSAH 26/70th Street (Roundabout),1/1/2018,1/1/2038,,exurban,2.27,40341,after,MN 3,,unknown,unknown,unknown,unknown,unknown,unknown,unknown,unknown,unknown,minor arterial,40341_6,2021-01-01,0:00:00,24:00:00,volume,5873.0,AADT,1,195,,0:00:00,24:00:00,volume,9099.939415,AADT,Travel Model
FM-1704,MN,Dakota,road-capacity-expansion,MN 3 at CSAH 26/70th Street (Roundabout),1/1/2018,1/1/2038,,exurban,2.27,40341,after,MN 3,,unknown,unknown,unknown,unknown,unknown,unknown,unknown,unknown,unknown,minor arterial,40341_7,2022-01-01,0:00:00,24:00:00,volume,6032.0,AADT,1,195,,0:00:00,24:00:00,volume,9099.939415,AADT,Travel Model
FM-1704,MN,Dakota,road-capacity-expansion,MN 3 at CSAH 26/70th Street (Roundabout),1/1/2018,1/1/2038,,exurban,2.27,40341,after,MN 3,,unknown,unknown,unknown,unknown,unknown,unknown,unknown,unknown,unknown,minor arterial,40341_8,2023-01-01,0:00:00,24:00:00,volume,5977.0,AADT,1,195,,0:00:00,24:00:00,volume,9099.939415,AADT,Travel Model
FM-1704,MN,Dakota,road-capacity-expansion,MN 3 at CSAH 26/70th Street (Roundabout),1/1/2018,1/1/2038,,exurban,2.27,40341,after,MN 3,,unknown,unknown,unknown,unknown,unknown,unknown,unknown,unknown,unknown,minor arterial,40341_9,2024-01-01,0:00:00,24:00:00,volume,6192.0,AADT,1,195,,0:00:00,24:00:00,volume,9099.939415,AADT,Travel Model
FM-1706,MN,Carver,road-capacity-expansion,From 0.02 Mi W of MN25/MN5 to Carver- CSAH 34 in Norwood Young America,1/1/2020,1/1/2040,,rural,2.637,10533,after,US 212,,unknown,unknown,unknown,unknown,unknown,unknown,unknown,unknown,unknown,freeway,10533_1,2016-01-01,0:00:00,24:00:00,volume,11244.0,AADT,1,191,,0:00:00,24:00:00,volume,11339.68877,AADT,Travel Model
FM-1706,MN,Carver,road-capacity-expansion,From 0.02 Mi W of MN25/MN5 to Carver- CSAH 34 in Norwood Young America,1/1/2020,1/1/2040,,rural,2.637,10533,after,US 212,,unknown,unknown,unknown,unknown,unknown,unknown,unknown,unknown,unknown,freeway,10533_2,2017-01-01,0:00:00,24:00:00,volume,11441.0,AADT,1,191,,0:00:00,24:00:00,volume,11339.68877,AADT,Travel Model
FM-1706,MN,Carver,road-capacity-expansion,From 0.02 Mi W of MN25/MN5 to Carver- CSAH 34 in Norwood Young America,1/1/2020,1/1/2040,,rural,2.637,10533,after,US 212,,unknown,unknown,unknown,unknown,unknown,unknown,unknown,unknown,unknown,freeway,10533_3,2018-01-01,0:00:00,24:00:00,volume,11000.0,AADT,1,191,,0:00:00,24:00:00,volume,11339.68877,AADT,Travel Model
FM-1706,MN,Carver,road-capacity-expansion,From 0.02 Mi W of MN25/MN5 to Carver- CSAH 34 in Norwood Young America,1/1/2020,1/1/2040,,rural,2.637,10533,after,US 212,,unknown,unknown,unknown,unknown,unknown,unknown,unknown,unknown,unknown,freeway,10533_4,2019-01-01,0:00:00,24:00:00,volume,10900.0,AADT,1,191,,0:00:00,24:00:00,volume,11339.68877,AADT,Travel Model
FM-1706,MN,Carver,road-capacity-expansion,From 0.02 Mi W of MN25/MN5 to Carver- CSAH 34 in Norwood Young America,1/1/2020,1/1/2040,,rural,2.637,10533,after,US 212,,unknown,unknown,unknown,unknown,unknown,unknown,unknown,unknown,unknown,freeway,10533_5,2020-01-01,0:00:00,24:00:00,volume,9425.0,AADT,1,191,,0:00:00,24:00:00,volume,11339.68877,AADT,Travel Model
FM-1706,MN,Carver,road-capacity-expansion,From 0.02 Mi W of MN25/MN5 to Carver- CSAH 34 in Norwood Young America,1/1/2020,1/1/2040,,rural,2.637,10533,after,US 212,,unknown,unknown,unknown,unknown,unknown,unknown,unknown,unknown,unknown,freeway,10533_6,2021-01-01,0:00:00,24:00:00,volume,10650.0,AADT,1,191,,0:00:00,24:00:00,volume,11339.68877,AADT,Travel Model
FM-1706,MN,Carver,road-capacity-expansion,From 0.02 Mi W of MN25/MN5 to Carver- CSAH 34 in Norwood Young America,1/1/2020,1/1/2040,,rural,2.637,10533,after,US 212,,unknown,unknown,unknown,unknown,unknown,unknown,unknown,unknown,unknown,freeway,10533_7,2022-01-01,0:00:00,24:00:00,volume,10405.0,AADT,1,191,,0:00:00,24:00:00,volume,11339.68877,AADT,Travel Model
FM-1706,MN,Carver,road-capacity-expansion,From 0.02 Mi W of MN25/MN5 to Carver- CSAH 34 in Norwood Young America,1/1/2020,1/1/2040,,rural,2.637,10533,after,US 212,,unknown,unknown,unknown,unknown,unknown,unknown,unknown,unknown,unknown,freeway,10533_8,2023-01-01,0:00:00,24:00:00,volume,13755.0,AADT,1,191,,0:00:00,24:00:00,volume,11339.68877,AADT,Travel Model
FM-1706,MN,Carver,road-capacity-expansion,From 0.02 Mi W of MN25/MN5 to Carver- CSAH 34 in Norwood Young America,1/1/2020,1/1/2040,,rural,2.637,10533,after,US 212,,unknown,unknown,unknown,unknown,unknown,unknown,unknown,unknown,unknown,freeway,10533_9,2024-01-01,0:00:00,24:00:00,volume,13011.0,AADT,1,191,,0:00:00,24:00:00,volume,11339.68877,AADT,Travel Model
FM-1706,MN,Carver,road-capacity-expansion,From 0.02 Mi W of MN25/MN5 to Carver- CSAH 34 in Norwood Young America,1/1/2020,1/1/2040,,rural,2.637,10535,after,US 212,,unknown,unknown,unknown,unknown,unknown,unknown,unknown,unknown,unknown,freeway,10535_1,2016-01-01,0:00:00,24:00:00,volume,13035.0,AADT,1,189,,0:00:00,24:00:00,volume,12794.76472,AADT,Travel Model
FM-1706,MN,Carver,road-capacity-expansion,From 0.02 Mi W of MN25/MN5 to Carver- CSAH 34 in Norwood Young America,1/1/2020,1/1/2040,,rural,2.637,10535,after,US 212,,unknown,unknown,unknown,unknown,unknown,unknown,unknown,unknown,unknown,freeway,10535_2,2017-01-01,0:00:00,24:00:00,volume,13263.0,AADT,1,189,,0:00:00,24:00:00,volume,12794.76472,AADT,Travel Model
FM-1706,MN,Carver,road-capacity-expansion,From 0.02 Mi W of MN25/MN5 to Carver- CSAH 34 in Norwood Young America,1/1/2020,1/1/2040,,rural,2.637,10535,after,US 212,,unknown,unknown,unknown,unknown,unknown,unknown,unknown,unknown,unknown,freeway,10535_3,2018-01-01,0:00:00,24:00:00,volume,13315.0,AADT,1,189,,0:00:00,24:00:00,volume,12794.76472,AADT,Travel Model
FM-1706,MN,Carver,road-capacity-expansion,From 0.02 Mi W of MN25/MN5 to Carver- CSAH 34 in Norwood Young America,1/1/2020,1/1/2040,,rural,2.637,10535,after,US 212,,unknown,unknown,unknown,unknown,unknown,unknown,unknown,unknown,unknown,freeway,10535_4,2019-01-01,0:00:00,24:00:00,volume,13458.0,AADT,1,189,,0:00:00,24:00:00,volume,12794.76472,AADT,Travel Model
FM-1706,MN,Carver,road-capacity-expansion,From 0.02 Mi W of MN25/MN5 to Carver- CSAH 34 in Norwood Young America,1/1/2020,1/1/2040,,rural,2.637,10535,after,US 212,,unknown,unknown,unknown,unknown,unknown,unknown,unknown,unknown,unknown,freeway,10535_5,2020-01-01,0:00:00,24:00:00,volume,11637.0,AADT,1,189,,0:00:00,24:00:00,volume,12794.76472,AADT,Travel Model
FM-1706,MN,Carver,road-capacity-expansion,From 0.02 Mi W of MN25/MN5 to Carver- CSAH 34 in Norwood Young America,1/1/2020,1/1/2040,,rural,2.637,10535,after,US 212,,unknown,unknown,unknown,unknown,unknown,unknown,unknown,unknown,unknown,freeway,10535_6,2021-01-01,0:00:00,24:00:00,volume,13150.0,AADT,1,189,,0:00:00,24:00:00,volume,12794.76472,AADT,Travel Model
FM-1706,MN,Carver,road-capacity-expansion,From 0.02 Mi W of MN25/MN5 to Carver- CSAH 34 in Norwood Young America,1/1/2020,1/1/2040,,rural,2.637,10535,after,US 212,,unknown,unknown,unknown,unknown,unknown,unknown,unknown,unknown,unknown,freeway,10535_7,2022-01-01,0:00:00,24:00:00,volume,13015.0,AADT,1,189,,0:00:00,24:00:00,volume,12794.76472,AADT,Travel Model
FM-1706,MN,Carver,road-capacity-expansion,From 0.02 Mi W of MN25/MN5 to Carver- CSAH 34 in Norwood Young America,1/1/2020,1/1/2040,,rural,2.637,10535,after,US 212,,unknown,unknown,unknown,unknown,unknown,unknown,unknown,unknown,unknown,freeway,10535_8,2023-01-01,0:00:00,24:00:00,volume,13432.0,AADT,1,189,,0:00:00,24:00:00,volume,12794.76472,AADT,Travel Model
FM-1706,MN,Carver,road-capacity-expansion,From 0.02 Mi W of MN25/MN5 to Carver- CSAH 34 in Norwood Young America,1/1/2020,1/1/2040,,rural,2.637,10535,after,US 212,,unknown,unknown,unknown,unknown,unknown,unknown,unknown,unknown,unknown,freeway,10535_9,2024-01-01,0:00:00,24:00:00,volume,13325.0,AADT,1,189,,0:00:00,24:00:00,volume,12794.76472,AADT,Travel Model
FM-1706,MN,Carver,road-capacity-expansion,From 0.02 Mi W of MN25/MN5 to Carver- CSAH 34 in Norwood Young America,1/1/2020,1/1/2040,,rural,2.637,11652,after,US 212,,unknown,unknown,unknown,unknown,unknown,unknown,unknown,unknown,unknown,freeway,11652_1,2016-01-01,0:00:00,24:00:00,volume,11642.0,AADT,1,190,,0:00:00,24:00:00,volume,11324.45237,AADT,Travel Model
FM-1706,MN,Carver,road-capacity-expansion,From 0.02 Mi W of MN25/MN5 to Carver- CSAH 34 in Norwood Young America,1/1/2020,1/1/2040,,rural,2.637,11652,after,US 212,,unknown,unknown,unknown,unknown,unknown,unknown,unknown,unknown,unknown,freeway,11652_2,2017-01-01,0:00:00,24:00:00,volume,11846.0,AADT,1,190,,0:00:00,24:00:00,volume,11324.45237,AADT,Travel Model
FM-1706,MN,Carver,road-capacity-expansion,From 0.02 Mi W of MN25/MN5 to Carver- CSAH 34 in Norwood Young America,1/1/2020,1/1/2040,,rural,2.637,11652,after,US 212,,unknown,unknown,unknown,unknown,unknown,unknown,unknown,unknown,unknown,freeway,11652_3,2018-01-01,0:00:00,24:00:00,volume,12500.0,AADT,1,190,,0:00:00,24:00:00,volume,11324.45237,AADT,Travel Model
FM-1706,MN,Carver,road-capacity-expansion,From 0.02 Mi W of MN25/MN5 to Carver- CSAH 34 in Norwood Young America,1/1/2020,1/1/2040,,rural,2.637,11652,after,US 212,,unknown,unknown,unknown,unknown,unknown,unknown,unknown,unknown,unknown,freeway,11652_4,2019-01-01,0:00:00,24:00:00,volume,13200.0,AADT,1,190,,0:00:00,24:00:00,volume,11324.45237,AADT,Travel Model
FM-1706,MN,Carver,road-capacity-expansion,From 0.02 Mi W of MN25/MN5 to Carver- CSAH 34 in Norwood Young America,1/1/2020,1/1/2040,,rural,2.637,11652,after,US 212,,unknown,unknown,unknown,unknown,unknown,unknown,unknown,unknown,unknown,freeway,11652_5,2020-01-01,0:00:00,24:00:00,volume,11414.0,AADT,1,190,,0:00:00,24:00:00,volume,11324.45237,AADT,Travel Model
FM-1706,MN,Carver,road-capacity-expansion,From 0.02 Mi W of MN25/MN5 to Carver- CSAH 34 in Norwood Young America,1/1/2020,1/1/2040,,rural,2.637,11652,after,US 212,,unknown,unknown,unknown,unknown,unknown,unknown,unknown,unknown,unknown,freeway,11652_6,2021-01-01,0:00:00,24:00:00,volume,12898.0,AADT,1,190,,0:00:00,24:00:00,volume,11324.45237,AADT,Travel Model
FM-1706,MN,Carver,road-capacity-expansion,From 0.02 Mi W of MN25/MN5 to Carver- CSAH 34 in Norwood Young America,1/1/2020,1/1/2040,,rural,2.637,11652,after,US 212,,unknown,unknown,unknown,unknown,unknown,unknown,unknown,unknown,unknown,freeway,11652_7,2022-01-01,0:00:00,24:00:00,volume,12601.0,AADT,1,190,,0:00:00,24:00:00,volume,11324.45237,AADT,Travel Model
FM-1706,MN,Carver,road-capacity-expansion,From 0.02 Mi W of MN25/MN5 to Carver- CSAH 34 in Norwood Young America,1/1/2020,1/1/2040,,rural,2.637,11652,after,US 212,,unknown,unknown,unknown,unknown,unknown,unknown,unknown,unknown,unknown,freeway,11652_8,2023-01-01,0:00:00,24:00:00,volume,14459.0,AADT,1,190,,0:00:00,24:00:00,volume,11324.45237,AADT,Travel Model
FM-1706,MN,Carver,road-capacity-expansion,From 0.02 Mi W of MN25/MN5 to Carver- CSAH 34 in Norwood Young America,1/1/2020,1/1/2040,,rural,2.637,11652,after,US 212,,unknown,unknown,unknown,unknown,unknown,unknown,unknown,unknown,unknown,freeway,11652_9,2024-01-01,0:00:00,24:00:00,volume,14518.0,AADT,1,190,,0:00:00,24:00:00,volume,11324.45237,AADT,Travel Model
FM-1707,MN,Hennepin and Ramsey,road-capacity-expansion,Jct I-494 in Hennepin Co to S end of the Minnesota River Bridge and Bridge 2785-(27763A) exiting MN 59,1/1/2020,1/1/2040,,urban,2.947,10288,after,MN 5,,unknown,unknown,unknown,unknown,unknown,unknown,unknown,unknown,unknown,freeway,10288_1,2016-01-01,0:00:00,24:00:00,volume,60000.0,AADT,1,184,,0:00:00,24:00:00,volume,61339.35525,AADT,Travel Model
FM-1707,MN,Hennepin and Ramsey,road-capacity-expansion,Jct I-494 in Hennepin Co to S end of the Minnesota River Bridge and Bridge 2785-(27763A) exiting MN 59,1/1/2020,1/1/2040,,urban,2.947,10288,after,MN 5,,unknown,unknown,unknown,unknown,unknown,unknown,unknown,unknown,unknown,freeway,10288_2,2017-01-01,0:00:00,24:00:00,volume,63000.0,AADT,1,184,,0:00:00,24:00:00,volume,61339.35525,AADT,Travel Model
FM-1707,MN,Hennepin and Ramsey,road-capacity-expansion,Jct I-494 in Hennepin Co to S end of the Minnesota River Bridge and Bridge 2785-(27763A) exiting MN 59,1/1/2020,1/1/2040,,urban,2.947,10288,after,MN 5,,unknown,unknown,unknown,unknown,unknown,unknown,unknown,unknown,unknown,freeway,10288_3,2018-01-01,0:00:00,24:00:00,volume,63000.0,AADT,1,184,,0:00:00,24:00:00,volume,61339.35525,AADT,Travel Model
FM-1707,MN,Hennepin and Ramsey,road-capacity-expansion,Jct I-494 in Hennepin Co to S end of the Minnesota River Bridge and Bridge 2785-(27763A) exiting MN 59,1/1/2020,1/1/2040,,urban,2.947,10288,after,MN 5,,unknown,unknown,unknown,unknown,unknown,unknown,unknown,unknown,unknown,freeway,10288_4,2019-01-01,0:00:00,24:00:00,volume,64000.0,AADT,1,184,,0:00:00,24:00:00,volume,61339.35525,AADT,Travel Model
FM-1707,MN,Hennepin and Ramsey,road-capacity-expansion,Jct I-494 in Hennepin Co to S end of the Minnesota River Bridge and Bridge 2785-(27763A) exiting MN 59,1/1/2020,1/1/2040,,urban,2.947,10288,after,MN 5,,unknown,unknown,unknown,unknown,unknown,unknown,unknown,unknown,unknown,freeway,10288_5,2020-01-01,0:00:00,24:00:00,volume,52438.0,AADT,1,184,,0:00:00,24:00:00,volume,61339.35525,AADT,Travel Model
FM-1707,MN,Hennepin and Ramsey,road-capacity-expansion,Jct I-494 in Hennepin Co to S end of the Minnesota River Bridge and Bridge 2785-(27763A) exiting MN 59,1/1/2020,1/1/2040,,urban,2.947,10288,after,MN 5,,unknown,unknown,unknown,unknown,unknown,unknown,unknown,unknown,unknown,freeway,10288_6,2021-01-01,0:00:00,24:00:00,volume,48114.0,AADT,1,184,,0:00:00,24:00:00,volume,61339.35525,AADT,Travel Model
FM-1707,MN,Hennepin and Ramsey,road-capacity-expansion,Jct I-494 in Hennepin Co to S end of the Minnesota River Bridge and Bridge 2785-(27763A) exiting MN 59,1/1/2020,1/1/2040,,urban,2.947,10288,after,MN 5,,unknown,unknown,unknown,unknown,unknown,unknown,unknown,unknown,unknown,freeway,10288_7,2022-01-01,0:00:00,24:00:00,volume,58077.0,AADT,1,184,,0:00:00,24:00:00,volume,61339.35525,AADT,Travel Model
FM-1707,MN,Hennepin and Ramsey,road-capacity-expansion,Jct I-494 in Hennepin Co to S end of the Minnesota River Bridge and Bridge 2785-(27763A) exiting MN 59,1/1/2020,1/1/2040,,urban,2.947,10288,after,MN 5,,unknown,unknown,unknown,unknown,unknown,unknown,unknown,unknown,unknown,freeway,10288_8,2023-01-01,0:00:00,24:00:00,volume,52773.0,AADT,1,184,,0:00:00,24:00:00,volume,61339.35525,AADT,Travel Model
FM-1707,MN,Hennepin and Ramsey,road-capacity-expansion,Jct I-494 in Hennepin Co to S end of the Minnesota River Bridge and Bridge 2785-(27763A) exiting MN 59,1/1/2020,1/1/2040,,urban,2.947,10288,after,MN 5,,unknown,unknown,unknown,unknown,unknown,unknown,unknown,unknown,unknown,freeway,10288_9,2024-01-01,0:00:00,24:00:00,volume,59118.0,AADT,1,184,,0:00:00,24:00:00,volume,61339.35525,AADT,Travel Model
FM-1707,MN,Hennepin and Ramsey,road-capacity-expansion,Jct I-494 in Hennepin Co to S end of the Minnesota River Bridge and Bridge 2785-(27763A) exiting MN 59,1/1/2020,1/1/2040,,urban,2.947,10288,after,MN 5,,unknown,unknown,unknown,unknown,unknown,unknown,unknown,unknown,unknown,freeway,10288_10,2025-01-01,0:00:00,24:00:00,volume,57861.0,AADT,1,184,,0:00:00,24:00:00,volume,61339.35525,AADT,Travel Model
FM-1707,MN,Hennepin and Ramsey,road-capacity-expansion,Jct I-494 in Hennepin Co to S end of the Minnesota River Bridge and Bridge 2785-(27763A) exiting MN 59,1/1/2020,1/1/2040,,urban,2.947,10818,after,MN 5,,unknown,unknown,unknown,unknown,unknown,unknown,unknown,unknown,unknown,freeway,10818_1,2016-01-01,0:00:00,24:00:00,volume,46000.0,AADT,1,183,,0:00:00,24:00:00,volume,45118.7818,AADT,Travel Model
FM-1707,MN,Hennepin and Ramsey,road-capacity-expansion,Jct I-494 in Hennepin Co to S end of the Minnesota River Bridge and Bridge 2785-(27763A) exiting MN 59,1/1/2020,1/1/2040,,urban,2.947,10818,after,MN 5,,unknown,unknown,unknown,unknown,unknown,unknown,unknown,unknown,unknown,freeway,10818_2,2017-01-01,0:00:00,24:00:00,volume,54000.0,AADT,1,183,,0:00:00,24:00:00,volume,45118.7818,AADT,Travel Model
FM-1707,MN,Hennepin and Ramsey,road-capacity-expansion,Jct I-494 in Hennepin Co to S end of the Minnesota River Bridge and Bridge 2785-(27763A) exiting MN 59,1/1/2020,1/1/2040,,urban,2.947,10818,after,MN 5,,unknown,unknown,unknown,unknown,unknown,unknown,unknown,unknown,unknown,freeway,10818_3,2018-01-01,0:00:00,24:00:00,volume,56000.0,AADT,1,183,,0:00:00,24:00:00,volume,45118.7818,AADT,Travel Model
FM-1707,MN,Hennepin and Ramsey,road-capacity-expansion,Jct I-494 in Hennepin Co to S end of the Minnesota River Bridge and Bridge 2785-(27763A) exiting MN 59,1/1/2020,1/1/2040,,urban,2.947,10818,after,MN 5,,unknown,unknown,unknown,unknown,unknown,unknown,unknown,unknown,unknown,freeway,10818_4,2019-01-01,0:00:00,24:00:00,volume,58000.0,AADT,1,183,,0:00:00,24:00:00,volume,45118.7818,AADT,Travel Model
FM-1707,MN,Hennepin and Ramsey,road-capacity-expansion,Jct I-494 in Hennepin Co to S end of the Minnesota River Bridge and Bridge 2785-(27763A) exiting MN 59,1/1/2020,1/1/2040,,urban,2.947,10818,after,MN 5,,unknown,unknown,unknown,unknown,unknown,unknown,unknown,unknown,unknown,freeway,10818_5,2020-01-01,0:00:00,24:00:00,volume,47522.0,AADT,1,183,,0:00:00,24:00:00,volume,45118.7818,AADT,Travel Model
FM-1707,MN,Hennepin and Ramsey,road-capacity-expansion,Jct I-494 in Hennepin Co to S end of the Minnesota River Bridge and Bridge 2785-(27763A) exiting MN 59,1/1/2020,1/1/2040,,urban,2.947,10818,after,MN 5,,unknown,unknown,unknown,unknown,unknown,unknown,unknown,unknown,unknown,freeway,10818_6,2021-01-01,0:00:00,24:00:00,volume,52702.0,AADT,1,183,,0:00:00,24:00:00,volume,45118.7818,AADT,Travel Model
FM-1707,MN,Hennepin and Ramsey,road-capacity-expansion,Jct I-494 in Hennepin Co to S end of the Minnesota River Bridge and Bridge 2785-(27763A) exiting MN 59,1/1/2020,1/1/2040,,urban,2.947,10818,after,MN 5,,unknown,unknown,unknown,unknown,unknown,unknown,unknown,unknown,unknown,freeway,10818_7,2022-01-01,0:00:00,24:00:00,volume,47520.0,AADT,1,183,,0:00:00,24:00:00,volume,45118.7818,AADT,Travel Model
FM-1707,MN,Hennepin and Ramsey,road-capacity-expansion,Jct I-494 in Hennepin Co to S end of the Minnesota River Bridge and Bridge 2785-(27763A) exiting MN 59,1/1/2020,1/1/2040,,urban,2.947,10818,after,MN 5,,unknown,unknown,unknown,unknown,unknown,unknown,unknown,unknown,unknown,freeway,10818_8,2023-01-01,0:00:00,24:00:00,volume,44038.0,AADT,1,183,,0:00:00,24:00:00,volume,45118.7818,AADT,Travel Model
FM-1707,MN,Hennepin and Ramsey,road-capacity-expansion,Jct I-494 in Hennepin Co to S end of the Minnesota River Bridge and Bridge 2785-(27763A) exiting MN 59,1/1/2020,1/1/2040,,urban,2.947,10818,after,MN 5,,unknown,unknown,unknown,unknown,unknown,unknown,unknown,unknown,unknown,freeway,10818_9,2024-01-01,0:00:00,24:00:00,volume,47362.0,AADT,1,183,,0:00:00,24:00:00,volume,45118.7818,AADT,Travel Model
FM-1707,MN,Hennepin and Ramsey,road-capacity-expansion,Jct I-494 in Hennepin Co to S end of the Minnesota River Bridge and Bridge 2785-(27763A) exiting MN 59,1/1/2020,1/1/2040,,urban,2.947,11563,after,MN 5,,unknown,unknown,unknown,unknown,unknown,unknown,unknown,unknown,unknown,freeway,11563_1,2016-01-01,0:00:00,24:00:00,volume,35500.0,AADT,1,182,,0:00:00,24:00:00,volume,36639.72665,AADT,Travel Model
FM-1707,MN,Hennepin and Ramsey,road-capacity-expansion,Jct I-494 in Hennepin Co to S end of the Minnesota River Bridge and Bridge 2785-(27763A) exiting MN 59,1/1/2020,1/1/2040,,urban,2.947,11563,after,MN 5,,unknown,unknown,unknown,unknown,unknown,unknown,unknown,unknown,unknown,freeway,11563_2,2017-01-01,0:00:00,24:00:00,volume,39000.0,AADT,1,182,,0:00:00,24:00:00,volume,36639.72665,AADT,Travel Model
FM-1707,MN,Hennepin and Ramsey,road-capacity-expansion,Jct I-494 in Hennepin Co to S end of the Minnesota River Bridge and Bridge 2785-(27763A) exiting MN 59,1/1/2020,1/1/2040,,urban,2.947,11563,after,MN 5,,unknown,unknown,unknown,unknown,unknown,unknown,unknown,unknown,unknown,freeway,11563_3,2018-01-01,0:00:00,24:00:00,volume,40000.0,AADT,1,182,,0:00:00,24:00:00,volume,36639.72665,AADT,Travel Model
FM-1707,MN,Hennepin and Ramsey,road-capacity-expansion,Jct I-494 in Hennepin Co to S end of the Minnesota River Bridge and Bridge 2785-(27763A) exiting MN 59,1/1/2020,1/1/2040,,urban,2.947,11563,after,MN 5,,unknown,unknown,unknown,unknown,unknown,unknown,unknown,unknown,unknown,freeway,11563_4,2019-01-01,0:00:00,24:00:00,volume,42000.0,AADT,1,182,,0:00:00,24:00:00,volume,36639.72665,AADT,Travel Model
FM-1707,MN,Hennepin and Ramsey,road-capacity-expansion,Jct I-494 in Hennepin Co to S end of the Minnesota River Bridge and Bridge 2785-(27763A) exiting MN 59,1/1/2020,1/1/2040,,urban,2.947,11563,after,MN 5,,unknown,unknown,unknown,unknown,unknown,unknown,unknown,unknown,unknown,freeway,11563_5,2020-01-01,0:00:00,24:00:00,volume,34412.0,AADT,1,182,,0:00:00,24:00:00,volume,36639.72665,AADT,Travel Model
FM-1707,MN,Hennepin and Ramsey,road-capacity-expansion,Jct I-494 in Hennepin Co to S end of the Minnesota River Bridge and Bridge 2785-(27763A) exiting MN 59,1/1/2020,1/1/2040,,urban,2.947,11563,after,MN 5,,unknown,unknown,unknown,unknown,unknown,unknown,unknown,unknown,unknown,freeway,11563_6,2021-01-01,0:00:00,24:00:00,volume,29041.0,AADT,1,182,,0:00:00,24:00:00,volume,36639.72665,AADT,Travel Model
FM-1707,MN,Hennepin and Ramsey,road-capacity-expansion,Jct I-494 in Hennepin Co to S end of the Minnesota River Bridge and Bridge 2785-(27763A) exiting MN 59,1/1/2020,1/1/2040,,urban,2.947,11563,after,MN 5,,unknown,unknown,unknown,unknown,unknown,unknown,unknown,unknown,unknown,freeway,11563_7,2022-01-01,0:00:00,24:00:00,volume,33630.0,AADT,1,182,,0:00:00,24:00:00,volume,36639.72665,AADT,Travel Model
FM-1707,MN,Hennepin and Ramsey,road-capacity-expansion,Jct I-494 in Hennepin Co to S end of the Minnesota River Bridge and Bridge 2785-(27763A) exiting MN 59,1/1/2020,1/1/2040,,urban,2.947,11563,after,MN 5,,unknown,unknown,unknown,unknown,unknown,unknown,unknown,unknown,unknown,freeway,11563_8,2023-01-01,0:00:00,24:00:00,volume,33254.0,AADT,1,182,,0:00:00,24:00:00,volume,36639.72665,AADT,Travel Model
FM-1707,MN,Hennepin and Ramsey,road-capacity-expansion,Jct I-494 in Hennepin Co to S end of the Minnesota River Bridge and Bridge 2785-(27763A) exiting MN 59,1/1/2020,1/1/2040,,urban,2.947,11563,after,MN 5,,unknown,unknown,unknown,unknown,unknown,unknown,unknown,unknown,unknown,freeway,11563_9,2024-01-01,0:00:00,24:00:00,volume,37364.0,AADT,1,182,,0:00:00,24:00:00,volume,36639.72665,AADT,Travel Model
FM-1707,MN,Hennepin and Ramsey,road-capacity-expansion,Jct I-494 in Hennepin Co to S end of the Minnesota River Bridge and Bridge 2785-(27763A) exiting MN 59,1/1/2020,1/1/2040,,urban,2.947,11563,after,MN 5,,unknown,unknown,unknown,unknown,unknown,unknown,unknown,unknown,unknown,freeway,11563_10,2025-01-01,0:00:00,24:00:00,volume,37930.0,AADT,1,182,,0:00:00,24:00:00,volume,36639.72665,AADT,Travel Model
FM-1707,MN,Hennepin and Ramsey,road-capacity-expansion,Jct I-494 in Hennepin Co to S end of the Minnesota River Bridge and Bridge 2785-(27763A) exiting MN 59,1/1/2020,1/1/2040,,urban,2.947,11609,after,MN 5,,unknown,unknown,unknown,unknown,unknown,unknown,unknown,unknown,unknown,freeway,11609_1,2016-01-01,0:00:00,24:00:00,volume,63000.0,AADT,1,180,,0:00:00,24:00:00,volume,66398.31532,AADT,Travel Model
FM-1707,MN,Hennepin and Ramsey,road-capacity-expansion,Jct I-494 in Hennepin Co to S end of the Minnesota River Bridge and Bridge 2785-(27763A) exiting MN 59,1/1/2020,1/1/2040,,urban,2.947,11609,after,MN 5,,unknown,unknown,unknown,unknown,unknown,unknown,unknown,unknown,unknown,freeway,11609_2,2017-01-01,0:00:00,24:00:00,volume,65000.0,AADT,1,180,,0:00:00,24:00:00,volume,66398.31532,AADT,Travel Model
FM-1707,MN,Hennepin and Ramsey,road-capacity-expansion,Jct I-494 in Hennepin Co to S end of the Minnesota River Bridge and Bridge 2785-(27763A) exiting MN 59,1/1/2020,1/1/2040,,urban,2.947,11609,after,MN 5,,unknown,unknown,unknown,unknown,unknown,unknown,unknown,unknown,unknown,freeway,11609_3,2018-01-01,0:00:00,24:00:00,volume,67000.0,AADT,1,180,,0:00:00,24:00:00,volume,66398.31532,AADT,Travel Model
FM-1707,MN,Hennepin and Ramsey,road-capacity-expansion,Jct I-494 in Hennepin Co to S end of the Minnesota River Bridge and Bridge 2785-(27763A) exiting MN 59,1/1/2020,1/1/2040,,urban,2.947,11609,after,MN 5,,unknown,unknown,unknown,unknown,unknown,unknown,unknown,unknown,unknown,freeway,11609_4,2019-01-01,0:00:00,24:00:00,volume,69000.0,AADT,1,180,,0:00:00,24:00:00,volume,66398.31532,AADT,Travel Model
FM-1707,MN,Hennepin and Ramsey,road-capacity-expansion,Jct I-494 in Hennepin Co to S end of the Minnesota River Bridge and Bridge 2785-(27763A) exiting MN 59,1/1/2020,1/1/2040,,urban,2.947,11609,after,MN 5,,unknown,unknown,unknown,unknown,unknown,unknown,unknown,unknown,unknown,freeway,11609_5,2020-01-01,0:00:00,24:00:00,volume,56534.0,AADT,1,180,,0:00:00,24:00:00,volume,66398.31532,AADT,Travel Model
FM-1707,MN,Hennepin and Ramsey,road-capacity-expansion,Jct I-494 in Hennepin Co to S end of the Minnesota River Bridge and Bridge 2785-(27763A) exiting MN 59,1/1/2020,1/1/2040,,urban,2.947,11609,after,MN 5,,unknown,unknown,unknown,unknown,unknown,unknown,unknown,unknown,unknown,freeway,11609_6,2021-01-01,0:00:00,24:00:00,volume,52111.0,AADT,1,180,,0:00:00,24:00:00,volume,66398.31532,AADT,Travel Model
FM-1707,MN,Hennepin and Ramsey,road-capacity-expansion,Jct I-494 in Hennepin Co to S end of the Minnesota River Bridge and Bridge 2785-(27763A) exiting MN 59,1/1/2020,1/1/2040,,urban,2.947,11609,after,MN 5,,unknown,unknown,unknown,unknown,unknown,unknown,unknown,unknown,unknown,freeway,11609_7,2022-01-01,0:00:00,24:00:00,volume,52173.0,AADT,1,180,,0:00:00,24:00:00,volume,66398.31532,AADT,Travel Model
FM-1707,MN,Hennepin and Ramsey,road-capacity-expansion,Jct I-494 in Hennepin Co to S end of the Minnesota River Bridge and Bridge 2785-(27763A) exiting MN 59,1/1/2020,1/1/2040,,urban,2.947,11609,after,MN 5,,unknown,unknown,unknown,unknown,unknown,unknown,unknown,unknown,unknown,freeway,11609_8,2023-01-01,0:00:00,24:00:00,volume,62309.0,AADT,1,180,,0:00:00,24:00:00,volume,66398.31532,AADT,Travel Model
FM-1707,MN,Hennepin and Ramsey,road-capacity-expansion,Jct I-494 in Hennepin Co to S end of the Minnesota River Bridge and Bridge 2785-(27763A) exiting MN 59,1/1/2020,1/1/2040,,urban,2.947,11609,after,MN 5,,unknown,unknown,unknown,unknown,unknown,unknown,unknown,unknown,unknown,freeway,11609_9,2024-01-01,0:00:00,24:00:00,volume,65234.0,AADT,1,180,,0:00:00,24:00:00,volume,66398.31532,AADT,Travel Model
FM-1707,MN,Hennepin and Ramsey,road-capacity-expansion,Jct I-494 in Hennepin Co to S end of the Minnesota River Bridge and Bridge 2785-(27763A) exiting MN 59,1/1/2020,1/1/2040,,urban,2.947,11609,after,MN 5,,unknown,unknown,unknown,unknown,unknown,unknown,unknown,unknown,unknown,freeway,11609_10,2025-01-01,0:00:00,24:00:00,volume,66304.0,AADT,1,180,,0:00:00,24:00:00,volume,66398.31532,AADT,Travel Model
FM-1707,MN,Hennepin and Ramsey,road-capacity-expansion,Jct I-494 in Hennepin Co to S end of the Minnesota River Bridge and Bridge 2785-(27763A) exiting MN 59,1/1/2020,1/1/2040,,urban,2.947,11610,after,MN 5,,unknown,unknown,unknown,unknown,unknown,unknown,unknown,unknown,unknown,freeway,11610_1,2016-01-01,0:00:00,24:00:00,volume,60000.0,AADT,1,181,,0:00:00,24:00:00,volume,59660.01857,AADT,Travel Model
FM-1707,MN,Hennepin and Ramsey,road-capacity-expansion,Jct I-494 in Hennepin Co to S end of the Minnesota River Bridge and Bridge 2785-(27763A) exiting MN 59,1/1/2020,1/1/2040,,urban,2.947,11610,after,MN 5,,unknown,unknown,unknown,unknown,unknown,unknown,unknown,unknown,unknown,freeway,11610_2,2017-01-01,0:00:00,24:00:00,volume,64000.0,AADT,1,181,,0:00:00,24:00:00,volume,59660.01857,AADT,Travel Model
FM-1707,MN,Hennepin and Ramsey,road-capacity-expansion,Jct I-494 in Hennepin Co to S end of the Minnesota River Bridge and Bridge 2785-(27763A) exiting MN 59,1/1/2020,1/1/2040,,urban,2.947,11610,after,MN 5,,unknown,unknown,unknown,unknown,unknown,unknown,unknown,unknown,unknown,freeway,11610_3,2018-01-01,0:00:00,24:00:00,volume,65000.0,AADT,1,181,,0:00:00,24:00:00,volume,59660.01857,AADT,Travel Model
FM-1707,MN,Hennepin and Ramsey,road-capacity-expansion,Jct I-494 in Hennepin Co to S end of the Minnesota River Bridge and Bridge 2785-(27763A) exiting MN 59,1/1/2020,1/1/2040,,urban,2.947,11610,after,MN 5,,unknown,unknown,unknown,unknown,unknown,unknown,unknown,unknown,unknown,freeway,11610_4,2019-01-01,0:00:00,24:00:00,volume,67000.0,AADT,1,181,,0:00:00,24:00:00,volume,59660.01857,AADT,Travel Model
FM-1707,MN,Hennepin and Ramsey,road-capacity-expansion,Jct I-494 in Hennepin Co to S end of the Minnesota River Bridge and Bridge 2785-(27763A) exiting MN 59,1/1/2020,1/1/2040,,urban,2.947,11610,after,MN 5,,unknown,unknown,unknown,unknown,unknown,unknown,unknown,unknown,unknown,freeway,11610_5,2020-01-01,0:00:00,24:00:00,volume,57000.0,AADT,1,181,,0:00:00,24:00:00,volume,59660.01857,AADT,Travel Model
FM-1707,MN,Hennepin and Ramsey,road-capacity-expansion,Jct I-494 in Hennepin Co to S end of the Minnesota River Bridge and Bridge 2785-(27763A) exiting MN 59,1/1/2020,1/1/2040,,urban,2.947,11610,after,MN 5,,unknown,unknown,unknown,unknown,unknown,unknown,unknown,unknown,unknown,freeway,11610_6,2021-01-01,0:00:00,24:00:00,volume,47067.0,AADT,1,181,,0:00:00,24:00:00,volume,59660.01857,AADT,Travel Model
FM-1707,MN,Hennepin and Ramsey,road-capacity-expansion,Jct I-494 in Hennepin Co to S end of the Minnesota River Bridge and Bridge 2785-(27763A) exiting MN 59,1/1/2020,1/1/2040,,urban,2.947,11610,after,MN 5,,unknown,unknown,unknown,unknown,unknown,unknown,unknown,unknown,unknown,freeway,11610_7,2022-01-01,0:00:00,24:00:00,volume,48291.0,AADT,1,181,,0:00:00,24:00:00,volume,59660.01857,AADT,Travel Model
FM-1707,MN,Hennepin and Ramsey,road-capacity-expansion,Jct I-494 in Hennepin Co to S end of the Minnesota River Bridge and Bridge 2785-(27763A) exiting MN 59,1/1/2020,1/1/2040,,urban,2.947,11610,after,MN 5,,unknown,unknown,unknown,unknown,unknown,unknown,unknown,unknown,unknown,freeway,11610_8,2023-01-01,0:00:00,24:00:00,volume,56107.0,AADT,1,181,,0:00:00,24:00:00,volume,59660.01857,AADT,Travel Model
FM-1707,MN,Hennepin and Ramsey,road-capacity-expansion,Jct I-494 in Hennepin Co to S end of the Minnesota River Bridge and Bridge 2785-(27763A) exiting MN 59,1/1/2020,1/1/2040,,urban,2.947,11610,after,MN 5,,unknown,unknown,unknown,unknown,unknown,unknown,unknown,unknown,unknown,freeway,11610_9,2024-01-01,0:00:00,24:00:00,volume,69129.0,AADT,1,181,,0:00:00,24:00:00,volume,59660.01857,AADT,Travel Model
FM-1707,MN,Hennepin and Ramsey,road-capacity-expansion,Jct I-494 in Hennepin Co to S end of the Minnesota River Bridge and Bridge 2785-(27763A) exiting MN 59,1/1/2020,1/1/2040,,urban,2.947,11610,after,MN 5,,unknown,unknown,unknown,unknown,unknown,unknown,unknown,unknown,unknown,freeway,11610_10,2025-01-01,0:00:00,24:00:00,volume,66411.0,AADT,1,181,,0:00:00,24:00:00,volume,59660.01857,AADT,Travel Model
FM-1803,MN,Hennepin,road-capacity-expansion,Rockford Rd Bridge Replacement (BR 27551) and Interchange Reconfiguration,1/1/2019,1/1/2039,,exurban,0.403,10341,after,US 169,,unknown,unknown,unknown,unknown,unknown,unknown,unknown,unknown,unknown,freeway,10341_1,2016-01-01,0:00:00,24:00:00,volume,86000.0,AADT,1,140,,0:00:00,24:00:00,volume,88869.12038,AADT,Travel Model
FM-1803,MN,Hennepin,road-capacity-expansion,Rockford Rd Bridge Replacement (BR 27551) and Interchange Reconfiguration,1/1/2019,1/1/2039,,exurban,0.403,10341,after,US 169,,unknown,unknown,unknown,unknown,unknown,unknown,unknown,unknown,unknown,freeway,10341_2,2017-01-01,0:00:00,24:00:00,volume,87505.0,AADT,1,140,,0:00:00,24:00:00,volume,88869.12038,AADT,Travel Model
FM-1803,MN,Hennepin,road-capacity-expansion,Rockford Rd Bridge Replacement (BR 27551) and Interchange Reconfiguration,1/1/2019,1/1/2039,,exurban,0.403,10341,after,US 169,,unknown,unknown,unknown,unknown,unknown,unknown,unknown,unknown,unknown,freeway,10341_3,2018-01-01,0:00:00,24:00:00,volume,83000.0,AADT,1,140,,0:00:00,24:00:00,volume,88869.12038,AADT,Travel Model
FM-1803,MN,Hennepin,road-capacity-expansion,Rockford Rd Bridge Replacement (BR 27551) and Interchange Reconfiguration,1/1/2019,1/1/2039,,exurban,0.403,10341,after,US 169,,unknown,unknown,unknown,unknown,unknown,unknown,unknown,unknown,unknown,freeway,10341_4,2019-01-01,0:00:00,24:00:00,volume,86000.0,AADT,1,140,,0:00:00,24:00:00,volume,88869.12038,AADT,Travel Model
FM-1803,MN,Hennepin,road-capacity-expansion,Rockford Rd Bridge Replacement (BR 27551) and Interchange Reconfiguration,1/1/2019,1/1/2039,,exurban,0.403,10341,after,US 169,,unknown,unknown,unknown,unknown,unknown,unknown,unknown,unknown,unknown,freeway,10341_5,2020-01-01,0:00:00,24:00:00,volume,73000.0,AADT,1,140,,0:00:00,24:00:00,volume,88869.12038,AADT,Travel Model
FM-1803,MN,Hennepin,road-capacity-expansion,Rockford Rd Bridge Replacement (BR 27551) and Interchange Reconfiguration,1/1/2019,1/1/2039,,exurban,0.403,10341,after,US 169,,unknown,unknown,unknown,unknown,unknown,unknown,unknown,unknown,unknown,freeway,10341_6,2021-01-01,0:00:00,24:00:00,volume,81458.0,AADT,1,140,,0:00:00,24:00:00,volume,88869.12038,AADT,Travel Model
FM-1803,MN,Hennepin,road-capacity-expansion,Rockford Rd Bridge Replacement (BR 27551) and Interchange Reconfiguration,1/1/2019,1/1/2039,,exurban,0.403,10341,after,US 169,,unknown,unknown,unknown,unknown,unknown,unknown,unknown,unknown,unknown,freeway,10341_7,2022-01-01,0:00:00,24:00:00,volume,80980.0,AADT,1,140,,0:00:00,24:00:00,volume,88869.12038,AADT,Travel Model
FM-1803,MN,Hennepin,road-capacity-expansion,Rockford Rd Bridge Replacement (BR 27551) and Interchange Reconfiguration,1/1/2019,1/1/2039,,exurban,0.403,10341,after,US 169,,unknown,unknown,unknown,unknown,unknown,unknown,unknown,unknown,unknown,freeway,10341_8,2023-01-01,0:00:00,24:00:00,volume,80551.0,AADT,1,140,,0:00:00,24:00:00,volume,88869.12038,AADT,Travel Model
FM-1803,MN,Hennepin,road-capacity-expansion,Rockford Rd Bridge Replacement (BR 27551) and Interchange Reconfiguration,1/1/2019,1/1/2039,,exurban,0.403,10341,after,US 169,,unknown,unknown,unknown,unknown,unknown,unknown,unknown,unknown,unknown,freeway,10341_9,2024-01-01,0:00:00,24:00:00,volume,79905.0,AADT,1,140,,0:00:00,24:00:00,volume,88869.12038,AADT,Travel Model
FM-1803,MN,Hennepin,road-capacity-expansion,Rockford Rd Bridge Replacement (BR 27551) and Interchange Reconfiguration,1/1/2019,1/1/2039,,exurban,0.403,10341,after,US 169,,unknown,unknown,unknown,unknown,unknown,unknown,unknown,unknown,unknown,freeway,10341_10,2025-01-01,0:00:00,24:00:00,volume,82402.0,AADT,1,140,,0:00:00,24:00:00,volume,88869.12038,AADT,Travel Model
FM-1803,MN,Hennepin,road-capacity-expansion,Rockford Rd Bridge Replacement (BR 27551) and Interchange Reconfiguration,1/1/2019,1/1/2039,,exurban,0.403,10363,after,US 169,,unknown,unknown,unknown,unknown,unknown,unknown,unknown,unknown,unknown,freeway,10363_1,2016-01-01,0:00:00,24:00:00,volume,85000.0,AADT,1,142,,0:00:00,24:00:00,volume,87970.62744,AADT,Travel Model
FM-1803,MN,Hennepin,road-capacity-expansion,Rockford Rd Bridge Replacement (BR 27551) and Interchange Reconfiguration,1/1/2019,1/1/2039,,exurban,0.403,10363,after,US 169,,unknown,unknown,unknown,unknown,unknown,unknown,unknown,unknown,unknown,freeway,10363_2,2017-01-01,0:00:00,24:00:00,volume,86488.0,AADT,1,142,,0:00:00,24:00:00,volume,87970.62744,AADT,Travel Model
FM-1803,MN,Hennepin,road-capacity-expansion,Rockford Rd Bridge Replacement (BR 27551) and Interchange Reconfiguration,1/1/2019,1/1/2039,,exurban,0.403,10363,after,US 169,,unknown,unknown,unknown,unknown,unknown,unknown,unknown,unknown,unknown,freeway,10363_3,2018-01-01,0:00:00,24:00:00,volume,81000.0,AADT,1,142,,0:00:00,24:00:00,volume,87970.62744,AADT,Travel Model
FM-1803,MN,Hennepin,road-capacity-expansion,Rockford Rd Bridge Replacement (BR 27551) and Interchange Reconfiguration,1/1/2019,1/1/2039,,exurban,0.403,10363,after,US 169,,unknown,unknown,unknown,unknown,unknown,unknown,unknown,unknown,unknown,freeway,10363_4,2019-01-01,0:00:00,24:00:00,volume,84000.0,AADT,1,142,,0:00:00,24:00:00,volume,87970.62744,AADT,Travel Model
FM-1803,MN,Hennepin,road-capacity-expansion,Rockford Rd Bridge Replacement (BR 27551) and Interchange Reconfiguration,1/1/2019,1/1/2039,,exurban,0.403,10363,after,US 169,,unknown,unknown,unknown,unknown,unknown,unknown,unknown,unknown,unknown,freeway,10363_5,2020-01-01,0:00:00,24:00:00,volume,72000.0,AADT,1,142,,0:00:00,24:00:00,volume,87970.62744,AADT,Travel Model
FM-1803,MN,Hennepin,road-capacity-expansion,Rockford Rd Bridge Replacement (BR 27551) and Interchange Reconfiguration,1/1/2019,1/1/2039,,exurban,0.403,10363,after,US 169,,unknown,unknown,unknown,unknown,unknown,unknown,unknown,unknown,unknown,freeway,10363_6,2021-01-01,0:00:00,24:00:00,volume,81698.0,AADT,1,142,,0:00:00,24:00:00,volume,87970.62744,AADT,Travel Model
FM-1803,MN,Hennepin,road-capacity-expansion,Rockford Rd Bridge Replacement (BR 27551) and Interchange Reconfiguration,1/1/2019,1/1/2039,,exurban,0.403,10363,after,US 169,,unknown,unknown,unknown,unknown,unknown,unknown,unknown,unknown,unknown,freeway,10363_7,2022-01-01,0:00:00,24:00:00,volume,78893.0,AADT,1,142,,0:00:00,24:00:00,volume,87970.62744,AADT,Travel Model
FM-1803,MN,Hennepin,road-capacity-expansion,Rockford Rd Bridge Replacement (BR 27551) and Interchange Reconfiguration,1/1/2019,1/1/2039,,exurban,0.403,10363,after,US 169,,unknown,unknown,unknown,unknown,unknown,unknown,unknown,unknown,unknown,freeway,10363_8,2023-01-01,0:00:00,24:00:00,volume,75420.0,AADT,1,142,,0:00:00,24:00:00,volume,87970.62744,AADT,Travel Model
FM-1803,MN,Hennepin,road-capacity-expansion,Rockford Rd Bridge Replacement (BR 27551) and Interchange Reconfiguration,1/1/2019,1/1/2039,,exurban,0.403,10363,after,US 169,,unknown,unknown,unknown,unknown,unknown,unknown,unknown,unknown,unknown,freeway,10363_9,2024-01-01,0:00:00,24:00:00,volume,76664.0,AADT,1,142,,0:00:00,24:00:00,volume,87970.62744,AADT,Travel Model
FM-1803,MN,Hennepin,road-capacity-expansion,Rockford Rd Bridge Replacement (BR 27551) and Interchange Reconfiguration,1/1/2019,1/1/2039,,exurban,0.403,11232,after,US 169,,unknown,unknown,unknown,unknown,unknown,unknown,unknown,unknown,unknown,freeway,11232_1,2016-01-01,0:00:00,24:00:00,volume,88000.0,AADT,1,139,,0:00:00,24:00:00,volume,91191.92885,AADT,Travel Model
FM-1803,MN,Hennepin,road-capacity-expansion,Rockford Rd Bridge Replacement (BR 27551) and Interchange Reconfiguration,1/1/2019,1/1/2039,,exurban,0.403,11232,after,US 169,,unknown,unknown,unknown,unknown,unknown,unknown,unknown,unknown,unknown,freeway,11232_2,2017-01-01,0:00:00,24:00:00,volume,89540.0,AADT,1,139,,0:00:00,24:00:00,volume,91191.92885,AADT,Travel Model
FM-1803,MN,Hennepin,road-capacity-expansion,Rockford Rd Bridge Replacement (BR 27551) and Interchange Reconfiguration,1/1/2019,1/1/2039,,exurban,0.403,11232,after,US 169,,unknown,unknown,unknown,unknown,unknown,unknown,unknown,unknown,unknown,freeway,11232_3,2018-01-01,0:00:00,24:00:00,volume,79000.0,AADT,1,139,,0:00:00,24:00:00,volume,91191.92885,AADT,Travel Model
FM-1803,MN,Hennepin,road-capacity-expansion,Rockford Rd Bridge Replacement (BR 27551) and Interchange Reconfiguration,1/1/2019,1/1/2039,,exurban,0.403,11232,after,US 169,,unknown,unknown,unknown,unknown,unknown,unknown,unknown,unknown,unknown,freeway,11232_4,2019-01-01,0:00:00,24:00:00,volume,79158.0,AADT,1,139,,0:00:00,24:00:00,volume,91191.92885,AADT,Travel Model
FM-1803,MN,Hennepin,road-capacity-expansion,Rockford Rd Bridge Replacement (BR 27551) and Interchange Reconfiguration,1/1/2019,1/1/2039,,exurban,0.403,11232,after,US 169,,unknown,unknown,unknown,unknown,unknown,unknown,unknown,unknown,unknown,freeway,11232_5,2020-01-01,0:00:00,24:00:00,volume,64857.0,AADT,1,139,,0:00:00,24:00:00,volume,91191.92885,AADT,Travel Model
FM-1803,MN,Hennepin,road-capacity-expansion,Rockford Rd Bridge Replacement (BR 27551) and Interchange Reconfiguration,1/1/2019,1/1/2039,,exurban,0.403,11232,after,US 169,,unknown,unknown,unknown,unknown,unknown,unknown,unknown,unknown,unknown,freeway,11232_6,2021-01-01,0:00:00,24:00:00,volume,83687.0,AADT,1,139,,0:00:00,24:00:00,volume,91191.92885,AADT,Travel Model
FM-1803,MN,Hennepin,road-capacity-expansion,Rockford Rd Bridge Replacement (BR 27551) and Interchange Reconfiguration,1/1/2019,1/1/2039,,exurban,0.403,11232,after,US 169,,unknown,unknown,unknown,unknown,unknown,unknown,unknown,unknown,unknown,freeway,11232_7,2022-01-01,0:00:00,24:00:00,volume,85863.0,AADT,1,139,,0:00:00,24:00:00,volume,91191.92885,AADT,Travel Model
FM-1803,MN,Hennepin,road-capacity-expansion,Rockford Rd Bridge Replacement (BR 27551) and Interchange Reconfiguration,1/1/2019,1/1/2039,,exurban,0.403,11232,after,US 169,,unknown,unknown,unknown,unknown,unknown,unknown,unknown,unknown,unknown,freeway,11232_8,2023-01-01,0:00:00,24:00:00,volume,81323.0,AADT,1,139,,0:00:00,24:00:00,volume,91191.92885,AADT,Travel Model
FM-1803,MN,Hennepin,road-capacity-expansion,Rockford Rd Bridge Replacement (BR 27551) and Interchange Reconfiguration,1/1/2019,1/1/2039,,exurban,0.403,11232,after,US 169,,unknown,unknown,unknown,unknown,unknown,unknown,unknown,unknown,unknown,freeway,11232_9,2024-01-01,0:00:00,24:00:00,volume,81372.0,AADT,1,139,,0:00:00,24:00:00,volume,91191.92885,AADT,Travel Model
FM-1803,MN,Hennepin,road-capacity-expansion,Rockford Rd Bridge Replacement (BR 27551) and Interchange Reconfiguration,1/1/2019,1/1/2039,,exurban,0.403,11232,after,US 169,,unknown,unknown,unknown,unknown,unknown,unknown,unknown,unknown,unknown,freeway,11232_10,2025-01-01,0:00:00,24:00:00,volume,84403.0,AADT,1,139,,0:00:00,24:00:00,volume,91191.92885,AADT,Travel Model
FM-1803,MN,Hennepin,road-capacity-expansion,Rockford Rd Bridge Replacement (BR 27551) and Interchange Reconfiguration,1/1/2019,1/1/2039,,exurban,0.403,11505,after,US 169,,unknown,unknown,unknown,unknown,unknown,unknown,unknown,unknown,unknown,freeway,11505_1,2016-01-01,0:00:00,24:00:00,volume,85000.0,AADT,1,141,,0:00:00,24:00:00,volume,87970.62744,AADT,Travel Model
FM-1803,MN,Hennepin,road-capacity-expansion,Rockford Rd Bridge Replacement (BR 27551) and Interchange Reconfiguration,1/1/2019,1/1/2039,,exurban,0.403,11505,after,US 169,,unknown,unknown,unknown,unknown,unknown,unknown,unknown,unknown,unknown,freeway,11505_2,2017-01-01,0:00:00,24:00:00,volume,86488.0,AADT,1,141,,0:00:00,24:00:00,volume,87970.62744,AADT,Travel Model
FM-1803,MN,Hennepin,road-capacity-expansion,Rockford Rd Bridge Replacement (BR 27551) and Interchange Reconfiguration,1/1/2019,1/1/2039,,exurban,0.403,11505,after,US 169,,unknown,unknown,unknown,unknown,unknown,unknown,unknown,unknown,unknown,freeway,11505_3,2018-01-01,0:00:00,24:00:00,volume,81000.0,AADT,1,141,,0:00:00,24:00:00,volume,87970.62744,AADT,Travel Model
FM-1803,MN,Hennepin,road-capacity-expansion,Rockford Rd Bridge Replacement (BR 27551) and Interchange Reconfiguration,1/1/2019,1/1/2039,,exurban,0.403,11505,after,US 169,,unknown,unknown,unknown,unknown,unknown,unknown,unknown,unknown,unknown,freeway,11505_4,2019-01-01,0:00:00,24:00:00,volume,84000.0,AADT,1,141,,0:00:00,24:00:00,volume,87970.62744,AADT,Travel Model
FM-1803,MN,Hennepin,road-capacity-expansion,Rockford Rd Bridge Replacement (BR 27551) and Interchange Reconfiguration,1/1/2019,1/1/2039,,exurban,0.403,11505,after,US 169,,unknown,unknown,unknown,unknown,unknown,unknown,unknown,unknown,unknown,freeway,11505_5,2020-01-01,0:00:00,24:00:00,volume,72000.0,AADT,1,141,,0:00:00,24:00:00,volume,87970.62744,AADT,Travel Model
FM-1803,MN,Hennepin,road-capacity-expansion,Rockford Rd Bridge Replacement (BR 27551) and Interchange Reconfiguration,1/1/2019,1/1/2039,,exurban,0.403,11505,after,US 169,,unknown,unknown,unknown,unknown,unknown,unknown,unknown,unknown,unknown,freeway,11505_6,2021-01-01,0:00:00,24:00:00,volume,81827.0,AADT,1,141,,0:00:00,24:00:00,volume,87970.62744,AADT,Travel Model
FM-1803,MN,Hennepin,road-capacity-expansion,Rockford Rd Bridge Replacement (BR 27551) and Interchange Reconfiguration,1/1/2019,1/1/2039,,exurban,0.403,11505,after,US 169,,unknown,unknown,unknown,unknown,unknown,unknown,unknown,unknown,unknown,freeway,11505_7,2022-01-01,0:00:00,24:00:00,volume,79698.0,AADT,1,141,,0:00:00,24:00:00,volume,87970.62744,AADT,Travel Model
FM-1803,MN,Hennepin,road-capacity-expansion,Rockford Rd Bridge Replacement (BR 27551) and Interchange Reconfiguration,1/1/2019,1/1/2039,,exurban,0.403,11505,after,US 169,,unknown,unknown,unknown,unknown,unknown,unknown,unknown,unknown,unknown,freeway,11505_8,2023-01-01,0:00:00,24:00:00,volume,76764.0,AADT,1,141,,0:00:00,24:00:00,volume,87970.62744,AADT,Travel Model
FM-1803,MN,Hennepin,road-capacity-expansion,Rockford Rd Bridge Replacement (BR 27551) and Interchange Reconfiguration,1/1/2019,1/1/2039,,exurban,0.403,11505,after,US 169,,unknown,unknown,unknown,unknown,unknown,unknown,unknown,unknown,unknown,freeway,11505_9,2024-01-01,0:00:00,24:00:00,volume,76393.0,AADT,1,141,,0:00:00,24:00:00,volume,87970.62744,AADT,Travel Model
FM-1803,MN,Hennepin,road-capacity-expansion,Rockford Rd Bridge Replacement (BR 27551) and Interchange Reconfiguration,1/1/2019,1/1/2039,,exurban,0.403,11505,after,US 169,,unknown,unknown,unknown,unknown,unknown,unknown,unknown,unknown,unknown,freeway,11505_10,2025-01-01,0:00:00,24:00:00,volume,80594.0,AADT,1,141,,0:00:00,24:00:00,volume,87970.62744,AADT,Travel Model
FM-1803,MN,Hennepin,road-capacity-expansion,Rockford Rd Bridge Replacement (BR 27551) and Interchange Reconfiguration,1/1/2019,1/1/2039,,exurban,0.403,11506,after,US 169,,unknown,unknown,unknown,unknown,unknown,unknown,unknown,unknown,unknown,freeway,11506_1,2016-01-01,0:00:00,24:00:00,volume,83000.0,AADT,1,143,,0:00:00,24:00:00,volume,85561.03272,AADT,Travel Model
FM-1803,MN,Hennepin,road-capacity-expansion,Rockford Rd Bridge Replacement (BR 27551) and Interchange Reconfiguration,1/1/2019,1/1/2039,,exurban,0.403,11506,after,US 169,,unknown,unknown,unknown,unknown,unknown,unknown,unknown,unknown,unknown,freeway,11506_2,2017-01-01,0:00:00,24:00:00,volume,84453.0,AADT,1,143,,0:00:00,24:00:00,volume,85561.03272,AADT,Travel Model
FM-1803,MN,Hennepin,road-capacity-expansion,Rockford Rd Bridge Replacement (BR 27551) and Interchange Reconfiguration,1/1/2019,1/1/2039,,exurban,0.403,11506,after,US 169,,unknown,unknown,unknown,unknown,unknown,unknown,unknown,unknown,unknown,freeway,11506_3,2018-01-01,0:00:00,24:00:00,volume,79000.0,AADT,1,143,,0:00:00,24:00:00,volume,85561.03272,AADT,Travel Model
FM-1803,MN,Hennepin,road-capacity-expansion,Rockford Rd Bridge Replacement (BR 27551) and Interchange Reconfiguration,1/1/2019,1/1/2039,,exurban,0.403,11506,after,US 169,,unknown,unknown,unknown,unknown,unknown,unknown,unknown,unknown,unknown,freeway,11506_4,2019-01-01,0:00:00,24:00:00,volume,83000.0,AADT,1,143,,0:00:00,24:00:00,volume,85561.03272,AADT,Travel Model
FM-1803,MN,Hennepin,road-capacity-expansion,Rockford Rd Bridge Replacement (BR 27551) and Interchange Reconfiguration,1/1/2019,1/1/2039,,exurban,0.403,11506,after,US 169,,unknown,unknown,unknown,unknown,unknown,unknown,unknown,unknown,unknown,freeway,11506_5,2020-01-01,0:00:00,24:00:00,volume,71000.0,AADT,1,143,,0:00:00,24:00:00,volume,85561.03272,AADT,Travel Model
FM-1803,MN,Hennepin,road-capacity-expansion,Rockford Rd Bridge Replacement (BR 27551) and Interchange Reconfiguration,1/1/2019,1/1/2039,,exurban,0.403,11506,after,US 169,,unknown,unknown,unknown,unknown,unknown,unknown,unknown,unknown,unknown,freeway,11506_6,2021-01-01,0:00:00,24:00:00,volume,80563.0,AADT,1,143,,0:00:00,24:00:00,volume,85561.03272,AADT,Travel Model
FM-1803,MN,Hennepin,road-capacity-expansion,Rockford Rd Bridge Replacement (BR 27551) and Interchange Reconfiguration,1/1/2019,1/1/2039,,exurban,0.403,11506,after,US 169,,unknown,unknown,unknown,unknown,unknown,unknown,unknown,unknown,unknown,freeway,11506_7,2022-01-01,0:00:00,24:00:00,volume,78816.0,AADT,1,143,,0:00:00,24:00:00,volume,85561.03272,AADT,Travel Model
FM-1803,MN,Hennepin,road-capacity-expansion,Rockford Rd Bridge Replacement (BR 27551) and Interchange Reconfiguration,1/1/2019,1/1/2039,,exurban,0.403,11506,after,US 169,,unknown,unknown,unknown,unknown,unknown,unknown,unknown,unknown,unknown,freeway,11506_8,2023-01-01,0:00:00,24:00:00,volume,75047.0,AADT,1,143,,0:00:00,24:00:00,volume,85561.03272,AADT,Travel Model
FM-1803,MN,Hennepin,road-capacity-expansion,Rockford Rd Bridge Replacement (BR 27551) and Interchange Reconfiguration,1/1/2019,1/1/2039,,exurban,0.403,11506,after,US 169,,unknown,unknown,unknown,unknown,unknown,unknown,unknown,unknown,unknown,freeway,11506_9,2024-01-01,0:00:00,24:00:00,volume,77456.0,AADT,1,143,,0:00:00,24:00:00,volume,85561.03272,AADT,Travel Model
FM-1803,MN,Hennepin,road-capacity-expansion,Rockford Rd Bridge Replacement (BR 27551) and Interchange Reconfiguration,1/1/2019,1/1/2039,,exurban,0.403,11506,after,US 169,,unknown,unknown,unknown,unknown,unknown,unknown,unknown,unknown,unknown,freeway,11506_10,2025-01-01,0:00:00,24:00:00,volume,81173.0,AADT,1,143,,0:00:00,24:00:00,volume,85561.03272,AADT,Travel Model
FM-1803,MN,Hennepin,road-capacity-expansion,Rockford Rd Bridge Replacement (BR 27551) and Interchange Reconfiguration,1/1/2019,1/1/2039,,exurban,0.403,42675,after,Rockford Rd,,unknown,unknown,unknown,unknown,unknown,unknown,unknown,unknown,unknown,minor arterial,42675_1,2016-01-01,0:00:00,24:00:00,volume,20979.0,AADT,1,145,,0:00:00,24:00:00,volume,22727.78745,AADT,Travel Model
FM-1803,MN,Hennepin,road-capacity-expansion,Rockford Rd Bridge Replacement (BR 27551) and Interchange Reconfiguration,1/1/2019,1/1/2039,,exurban,0.403,42675,after,Rockford Rd,,unknown,unknown,unknown,unknown,unknown,unknown,unknown,unknown,unknown,minor arterial,42675_2,2017-01-01,0:00:00,24:00:00,volume,22700.0,AADT,1,145,,0:00:00,24:00:00,volume,22727.78745,AADT,Travel Model
FM-1803,MN,Hennepin,road-capacity-expansion,Rockford Rd Bridge Replacement (BR 27551) and Interchange Reconfiguration,1/1/2019,1/1/2039,,exurban,0.403,42675,after,Rockford Rd,,unknown,unknown,unknown,unknown,unknown,unknown,unknown,unknown,unknown,minor arterial,42675_3,2018-01-01,0:00:00,24:00:00,volume,22818.0,AADT,1,145,,0:00:00,24:00:00,volume,22727.78745,AADT,Travel Model
FM-1803,MN,Hennepin,road-capacity-expansion,Rockford Rd Bridge Replacement (BR 27551) and Interchange Reconfiguration,1/1/2019,1/1/2039,,exurban,0.403,42675,after,Rockford Rd,,unknown,unknown,unknown,unknown,unknown,unknown,unknown,unknown,unknown,minor arterial,42675_4,2019-01-01,0:00:00,24:00:00,volume,25000.0,AADT,1,145,,0:00:00,24:00:00,volume,22727.78745,AADT,Travel Model
FM-1803,MN,Hennepin,road-capacity-expansion,Rockford Rd Bridge Replacement (BR 27551) and Interchange Reconfiguration,1/1/2019,1/1/2039,,exurban,0.403,42675,after,Rockford Rd,,unknown,unknown,unknown,unknown,unknown,unknown,unknown,unknown,unknown,minor arterial,42675_5,2020-01-01,0:00:00,24:00:00,volume,18731.0,AADT,1,145,,0:00:00,24:00:00,volume,22727.78745,AADT,Travel Model
FM-1803,MN,Hennepin,road-capacity-expansion,Rockford Rd Bridge Replacement (BR 27551) and Interchange Reconfiguration,1/1/2019,1/1/2039,,exurban,0.403,42675,after,Rockford Rd,,unknown,unknown,unknown,unknown,unknown,unknown,unknown,unknown,unknown,minor arterial,42675_6,2021-01-01,0:00:00,24:00:00,volume,20679.0,AADT,1,145,,0:00:00,24:00:00,volume,22727.78745,AADT,Travel Model
FM-1803,MN,Hennepin,road-capacity-expansion,Rockford Rd Bridge Replacement (BR 27551) and Interchange Reconfiguration,1/1/2019,1/1/2039,,exurban,0.403,42675,after,Rockford Rd,,unknown,unknown,unknown,unknown,unknown,unknown,unknown,unknown,unknown,minor arterial,42675_7,2022-01-01,0:00:00,24:00:00,volume,22019.0,AADT,1,145,,0:00:00,24:00:00,volume,22727.78745,AADT,Travel Model
FM-1803,MN,Hennepin,road-capacity-expansion,Rockford Rd Bridge Replacement (BR 27551) and Interchange Reconfiguration,1/1/2019,1/1/2039,,exurban,0.403,42675,after,Rockford Rd,,unknown,unknown,unknown,unknown,unknown,unknown,unknown,unknown,unknown,minor arterial,42675_8,2023-01-01,0:00:00,24:00:00,volume,21821.0,AADT,1,145,,0:00:00,24:00:00,volume,22727.78745,AADT,Travel Model
FM-1803,MN,Hennepin,road-capacity-expansion,Rockford Rd Bridge Replacement (BR 27551) and Interchange Reconfiguration,1/1/2019,1/1/2039,,exurban,0.403,42675,after,Rockford Rd,,unknown,unknown,unknown,unknown,unknown,unknown,unknown,unknown,unknown,minor arterial,42675_9,2024-01-01,0:00:00,24:00:00,volume,22194.0,AADT,1,145,,0:00:00,24:00:00,volume,22727.78745,AADT,Travel Model
FM-1803,MN,Hennepin,road-capacity-expansion,Rockford Rd Bridge Replacement (BR 27551) and Interchange Reconfiguration,1/1/2019,1/1/2039,,exurban,0.403,43061,after,Rockford Rd,,unknown,unknown,unknown,unknown,unknown,unknown,unknown,unknown,unknown,minor arterial,43061_1,2016-01-01,0:00:00,24:00:00,volume,27473.0,AADT,1,144,,0:00:00,24:00:00,volume,29058.07866,AADT,Travel Model
FM-1803,MN,Hennepin,road-capacity-expansion,Rockford Rd Bridge Replacement (BR 27551) and Interchange Reconfiguration,1/1/2019,1/1/2039,,exurban,0.403,43061,after,Rockford Rd,,unknown,unknown,unknown,unknown,unknown,unknown,unknown,unknown,unknown,minor arterial,43061_2,2017-01-01,0:00:00,24:00:00,volume,24800.0,AADT,1,144,,0:00:00,24:00:00,volume,29058.07866,AADT,Travel Model
FM-1803,MN,Hennepin,road-capacity-expansion,Rockford Rd Bridge Replacement (BR 27551) and Interchange Reconfiguration,1/1/2019,1/1/2039,,exurban,0.403,43061,after,Rockford Rd,,unknown,unknown,unknown,unknown,unknown,unknown,unknown,unknown,unknown,minor arterial,43061_3,2018-01-01,0:00:00,24:00:00,volume,24929.0,AADT,1,144,,0:00:00,24:00:00,volume,29058.07866,AADT,Travel Model
FM-1803,MN,Hennepin,road-capacity-expansion,Rockford Rd Bridge Replacement (BR 27551) and Interchange Reconfiguration,1/1/2019,1/1/2039,,exurban,0.403,43061,after,Rockford Rd,,unknown,unknown,unknown,unknown,unknown,unknown,unknown,unknown,unknown,minor arterial,43061_4,2019-01-01,0:00:00,24:00:00,volume,27500.0,AADT,1,144,,0:00:00,24:00:00,volume,29058.07866,AADT,Travel Model
FM-1803,MN,Hennepin,road-capacity-expansion,Rockford Rd Bridge Replacement (BR 27551) and Interchange Reconfiguration,1/1/2019,1/1/2039,,exurban,0.403,43061,after,Rockford Rd,,unknown,unknown,unknown,unknown,unknown,unknown,unknown,unknown,unknown,minor arterial,43061_5,2020-01-01,0:00:00,24:00:00,volume,20604.0,AADT,1,144,,0:00:00,24:00:00,volume,29058.07866,AADT,Travel Model
FM-1803,MN,Hennepin,road-capacity-expansion,Rockford Rd Bridge Replacement (BR 27551) and Interchange Reconfiguration,1/1/2019,1/1/2039,,exurban,0.403,43061,after,Rockford Rd,,unknown,unknown,unknown,unknown,unknown,unknown,unknown,unknown,unknown,minor arterial,43061_6,2021-01-01,0:00:00,24:00:00,volume,22747.0,AADT,1,144,,0:00:00,24:00:00,volume,29058.07866,AADT,Travel Model
FM-1803,MN,Hennepin,road-capacity-expansion,Rockford Rd Bridge Replacement (BR 27551) and Interchange Reconfiguration,1/1/2019,1/1/2039,,exurban,0.403,43061,after,Rockford Rd,,unknown,unknown,unknown,unknown,unknown,unknown,unknown,unknown,unknown,minor arterial,43061_7,2022-01-01,0:00:00,24:00:00,volume,24666.0,AADT,1,144,,0:00:00,24:00:00,volume,29058.07866,AADT,Travel Model
FM-1803,MN,Hennepin,road-capacity-expansion,Rockford Rd Bridge Replacement (BR 27551) and Interchange Reconfiguration,1/1/2019,1/1/2039,,exurban,0.403,43061,after,Rockford Rd,,unknown,unknown,unknown,unknown,unknown,unknown,unknown,unknown,unknown,minor arterial,43061_8,2023-01-01,0:00:00,24:00:00,volume,24444.0,AADT,1,144,,0:00:00,24:00:00,volume,29058.07866,AADT,Travel Model
FM-1803,MN,Hennepin,road-capacity-expansion,Rockford Rd Bridge Replacement (BR 27551) and Interchange Reconfiguration,1/1/2019,1/1/2039,,exurban,0.403,43061,after,Rockford Rd,,unknown,unknown,unknown,unknown,unknown,unknown,unknown,unknown,unknown,minor arterial,43061_9,2024-01-01,0:00:00,24:00:00,volume,25324.0,AADT,1,144,,0:00:00,24:00:00,volume,29058.07866,AADT,Travel Model
FM-1806,MN,Scott,road-capacity-expansion,From 220th St/CSAH 8 to MN 282 in Jordan,1/1/2019,1/1/2039,,rural,0.584,10268,after,MN 21,,unknown,unknown,unknown,unknown,unknown,unknown,unknown,unknown,unknown,principal arterial,10268_1,2016-01-01,0:00:00,24:00:00,volume,8844.0,AADT,1,132,,0:00:00,24:00:00,volume,10097.83548,AADT,Travel Model
FM-1806,MN,Scott,road-capacity-expansion,From 220th St/CSAH 8 to MN 282 in Jordan,1/1/2019,1/1/2039,,rural,0.584,10268,after,MN 21,,unknown,unknown,unknown,unknown,unknown,unknown,unknown,unknown,unknown,principal arterial,10268_2,2017-01-01,0:00:00,24:00:00,volume,8999.0,AADT,1,132,,0:00:00,24:00:00,volume,10097.83548,AADT,Travel Model
FM-1806,MN,Scott,road-capacity-expansion,From 220th St/CSAH 8 to MN 282 in Jordan,1/1/2019,1/1/2039,,rural,0.584,10268,after,MN 21,,unknown,unknown,unknown,unknown,unknown,unknown,unknown,unknown,unknown,principal arterial,10268_3,2018-01-01,0:00:00,24:00:00,volume,9034.0,AADT,1,132,,0:00:00,24:00:00,volume,10097.83548,AADT,Travel Model
FM-1806,MN,Scott,road-capacity-expansion,From 220th St/CSAH 8 to MN 282 in Jordan,1/1/2019,1/1/2039,,rural,0.584,10268,after,MN 21,,unknown,unknown,unknown,unknown,unknown,unknown,unknown,unknown,unknown,principal arterial,10268_4,2019-01-01,0:00:00,24:00:00,volume,10600.0,AADT,1,132,,0:00:00,24:00:00,volume,10097.83548,AADT,Travel Model
FM-1806,MN,Scott,road-capacity-expansion,From 220th St/CSAH 8 to MN 282 in Jordan,1/1/2019,1/1/2039,,rural,0.584,10268,after,MN 21,,unknown,unknown,unknown,unknown,unknown,unknown,unknown,unknown,unknown,principal arterial,10268_5,2020-01-01,0:00:00,24:00:00,volume,7942.0,AADT,1,132,,0:00:00,24:00:00,volume,10097.83548,AADT,Travel Model
FM-1806,MN,Scott,road-capacity-expansion,From 220th St/CSAH 8 to MN 282 in Jordan,1/1/2019,1/1/2039,,rural,0.584,10268,after,MN 21,,unknown,unknown,unknown,unknown,unknown,unknown,unknown,unknown,unknown,principal arterial,10268_6,2021-01-01,0:00:00,24:00:00,volume,8768.0,AADT,1,132,,0:00:00,24:00:00,volume,10097.83548,AADT,Travel Model
FM-1806,MN,Scott,road-capacity-expansion,From 220th St/CSAH 8 to MN 282 in Jordan,1/1/2019,1/1/2039,,rural,0.584,10268,after,MN 21,,unknown,unknown,unknown,unknown,unknown,unknown,unknown,unknown,unknown,principal arterial,10268_7,2022-01-01,0:00:00,24:00:00,volume,9005.0,AADT,1,132,,0:00:00,24:00:00,volume,10097.83548,AADT,Travel Model
FM-1806,MN,Scott,road-capacity-expansion,From 220th St/CSAH 8 to MN 282 in Jordan,1/1/2019,1/1/2039,,rural,0.584,10268,after,MN 21,,unknown,unknown,unknown,unknown,unknown,unknown,unknown,unknown,unknown,principal arterial,10268_8,2023-01-01,0:00:00,24:00:00,volume,10025.0,AADT,1,132,,0:00:00,24:00:00,volume,10097.83548,AADT,Travel Model
FM-1806,MN,Scott,road-capacity-expansion,From 220th St/CSAH 8 to MN 282 in Jordan,1/1/2019,1/1/2039,,rural,0.584,10268,after,MN 21,,unknown,unknown,unknown,unknown,unknown,unknown,unknown,unknown,unknown,principal arterial,10268_9,2024-01-01,0:00:00,24:00:00,volume,9641.0,AADT,1,132,,0:00:00,24:00:00,volume,10097.83548,AADT,Travel Model
FM-1902,MN,Carver,road-capacity-expansion,From CSAH 30 in Mayer to State St in Watertown,1/1/2020,1/1/2040,,rural,4.561,10026,after,MN 25,,unknown,unknown,unknown,unknown,unknown,unknown,unknown,unknown,unknown,principal arterial,10026_1,2016-01-01,0:00:00,24:00:00,volume,3500.0,AADT,1,87,,0:00:00,24:00:00,volume,3967.502891,AADT,Travel Model
FM-1902,MN,Carver,road-capacity-expansion,From CSAH 30 in Mayer to State St in Watertown,1/1/2020,1/1/2040,,rural,4.561,10026,after,MN 25,,unknown,unknown,unknown,unknown,unknown,unknown,unknown,unknown,unknown,principal arterial,10026_2,2017-01-01,0:00:00,24:00:00,volume,3450.0,AADT,1,87,,0:00:00,24:00:00,volume,3967.502891,AADT,Travel Model
FM-1902,MN,Carver,road-capacity-expansion,From CSAH 30 in Mayer to State St in Watertown,1/1/2020,1/1/2040,,rural,4.561,10026,after,MN 25,,unknown,unknown,unknown,unknown,unknown,unknown,unknown,unknown,unknown,principal arterial,10026_3,2018-01-01,0:00:00,24:00:00,volume,3463.0,AADT,1,87,,0:00:00,24:00:00,volume,3967.502891,AADT,Travel Model
FM-1902,MN,Carver,road-capacity-expansion,From CSAH 30 in Mayer to State St in Watertown,1/1/2020,1/1/2040,,rural,4.561,10026,after,MN 25,,unknown,unknown,unknown,unknown,unknown,unknown,unknown,unknown,unknown,principal arterial,10026_4,2019-01-01,0:00:00,24:00:00,volume,3700.0,AADT,1,87,,0:00:00,24:00:00,volume,3967.502891,AADT,Travel Model
FM-1902,MN,Carver,road-capacity-expansion,From CSAH 30 in Mayer to State St in Watertown,1/1/2020,1/1/2040,,rural,4.561,10026,after,MN 25,,unknown,unknown,unknown,unknown,unknown,unknown,unknown,unknown,unknown,principal arterial,10026_5,2020-01-01,0:00:00,24:00:00,volume,3422.0,AADT,1,87,,0:00:00,24:00:00,volume,3967.502891,AADT,Travel Model
FM-1902,MN,Carver,road-capacity-expansion,From CSAH 30 in Mayer to State St in Watertown,1/1/2020,1/1/2040,,rural,4.561,10026,after,MN 25,,unknown,unknown,unknown,unknown,unknown,unknown,unknown,unknown,unknown,principal arterial,10026_6,2021-01-01,0:00:00,24:00:00,volume,3816.0,AADT,1,87,,0:00:00,24:00:00,volume,3967.502891,AADT,Travel Model
FM-1902,MN,Carver,road-capacity-expansion,From CSAH 30 in Mayer to State St in Watertown,1/1/2020,1/1/2040,,rural,4.561,10026,after,MN 25,,unknown,unknown,unknown,unknown,unknown,unknown,unknown,unknown,unknown,principal arterial,10026_7,2022-01-01,0:00:00,24:00:00,volume,3687.0,AADT,1,87,,0:00:00,24:00:00,volume,3967.502891,AADT,Travel Model
FM-1902,MN,Carver,road-capacity-expansion,From CSAH 30 in Mayer to State St in Watertown,1/1/2020,1/1/2040,,rural,4.561,10026,after,MN 25,,unknown,unknown,unknown,unknown,unknown,unknown,unknown,unknown,unknown,principal arterial,10026_8,2023-01-01,0:00:00,24:00:00,volume,3694.0,AADT,1,87,,0:00:00,24:00:00,volume,3967.502891,AADT,Travel Model
FM-1902,MN,Carver,road-capacity-expansion,From CSAH 30 in Mayer to State St in Watertown,1/1/2020,1/1/2040,,rural,4.561,10026,after,MN 25,,unknown,unknown,unknown,unknown,unknown,unknown,unknown,unknown,unknown,principal arterial,10026_9,2024-01-01,0:00:00,24:00:00,volume,3749.0,AADT,1,87,,0:00:00,24:00:00,volume,3967.502891,AADT,Travel Model
FM-1902,MN,Carver,road-capacity-expansion,From CSAH 30 in Mayer to State St in Watertown,1/1/2020,1/1/2040,,rural,4.561,10026,after,MN 25,,unknown,unknown,unknown,unknown,unknown,unknown,unknown,unknown,unknown,principal arterial,10026_10,2025-01-01,0:00:00,24:00:00,volume,4628.0,AADT,1,87,,0:00:00,24:00:00,volume,3967.502891,AADT,Travel Model
FM-1902,MN,Carver,road-capacity-expansion,From CSAH 30 in Mayer to State St in Watertown,1/1/2020,1/1/2040,,rural,4.561,10027,after,MN 25,,unknown,unknown,unknown,unknown,unknown,unknown,unknown,unknown,unknown,principal arterial,10027_1,2016-01-01,0:00:00,24:00:00,volume,4550.0,AADT,1,94,,0:00:00,24:00:00,volume,5301.39606,AADT,Travel Model
FM-1902,MN,Carver,road-capacity-expansion,From CSAH 30 in Mayer to State St in Watertown,1/1/2020,1/1/2040,,rural,4.561,10027,after,MN 25,,unknown,unknown,unknown,unknown,unknown,unknown,unknown,unknown,unknown,principal arterial,10027_2,2017-01-01,0:00:00,24:00:00,volume,4630.0,AADT,1,94,,0:00:00,24:00:00,volume,5301.39606,AADT,Travel Model
FM-1902,MN,Carver,road-capacity-expansion,From CSAH 30 in Mayer to State St in Watertown,1/1/2020,1/1/2040,,rural,4.561,10027,after,MN 25,,unknown,unknown,unknown,unknown,unknown,unknown,unknown,unknown,unknown,principal arterial,10027_3,2018-01-01,0:00:00,24:00:00,volume,4950.0,AADT,1,94,,0:00:00,24:00:00,volume,5301.39606,AADT,Travel Model
FM-1902,MN,Carver,road-capacity-expansion,From CSAH 30 in Mayer to State St in Watertown,1/1/2020,1/1/2040,,rural,4.561,10027,after,MN 25,,unknown,unknown,unknown,unknown,unknown,unknown,unknown,unknown,unknown,principal arterial,10027_4,2019-01-01,0:00:00,24:00:00,volume,5100.0,AADT,1,94,,0:00:00,24:00:00,volume,5301.39606,AADT,Travel Model
FM-1902,MN,Carver,road-capacity-expansion,From CSAH 30 in Mayer to State St in Watertown,1/1/2020,1/1/2040,,rural,4.561,10027,after,MN 25,,unknown,unknown,unknown,unknown,unknown,unknown,unknown,unknown,unknown,principal arterial,10027_5,2020-01-01,0:00:00,24:00:00,volume,4717.0,AADT,1,94,,0:00:00,24:00:00,volume,5301.39606,AADT,Travel Model
FM-1902,MN,Carver,road-capacity-expansion,From CSAH 30 in Mayer to State St in Watertown,1/1/2020,1/1/2040,,rural,4.561,10027,after,MN 25,,unknown,unknown,unknown,unknown,unknown,unknown,unknown,unknown,unknown,principal arterial,10027_6,2021-01-01,0:00:00,24:00:00,volume,5259.0,AADT,1,94,,0:00:00,24:00:00,volume,5301.39606,AADT,Travel Model
FM-1902,MN,Carver,road-capacity-expansion,From CSAH 30 in Mayer to State St in Watertown,1/1/2020,1/1/2040,,rural,4.561,10027,after,MN 25,,unknown,unknown,unknown,unknown,unknown,unknown,unknown,unknown,unknown,principal arterial,10027_7,2022-01-01,0:00:00,24:00:00,volume,4305.0,AADT,1,94,,0:00:00,24:00:00,volume,5301.39606,AADT,Travel Model
FM-1902,MN,Carver,road-capacity-expansion,From CSAH 30 in Mayer to State St in Watertown,1/1/2020,1/1/2040,,rural,4.561,10027,after,MN 25,,unknown,unknown,unknown,unknown,unknown,unknown,unknown,unknown,unknown,principal arterial,10027_8,2023-01-01,0:00:00,24:00:00,volume,4314.0,AADT,1,94,,0:00:00,24:00:00,volume,5301.39606,AADT,Travel Model
FM-1902,MN,Carver,road-capacity-expansion,From CSAH 30 in Mayer to State St in Watertown,1/1/2020,1/1/2040,,rural,4.561,10027,after,MN 25,,unknown,unknown,unknown,unknown,unknown,unknown,unknown,unknown,unknown,principal arterial,10027_9,2024-01-01,0:00:00,24:00:00,volume,4474.0,AADT,1,94,,0:00:00,24:00:00,volume,5301.39606,AADT,Travel Model
FM-1902,MN,Carver,road-capacity-expansion,From CSAH 30 in Mayer to State St in Watertown,1/1/2020,1/1/2040,,rural,4.561,10311,after,MN 25,,unknown,unknown,unknown,unknown,unknown,unknown,unknown,unknown,unknown,principal arterial,10311_1,2016-01-01,0:00:00,24:00:00,volume,4000.0,AADT,1,88,,0:00:00,24:00:00,volume,4929.976674,AADT,Travel Model
FM-1902,MN,Carver,road-capacity-expansion,From CSAH 30 in Mayer to State St in Watertown,1/1/2020,1/1/2040,,rural,4.561,10311,after,MN 25,,unknown,unknown,unknown,unknown,unknown,unknown,unknown,unknown,unknown,principal arterial,10311_2,2017-01-01,0:00:00,24:00:00,volume,4070.0,AADT,1,88,,0:00:00,24:00:00,volume,4929.976674,AADT,Travel Model
FM-1902,MN,Carver,road-capacity-expansion,From CSAH 30 in Mayer to State St in Watertown,1/1/2020,1/1/2040,,rural,4.561,10311,after,MN 25,,unknown,unknown,unknown,unknown,unknown,unknown,unknown,unknown,unknown,principal arterial,10311_3,2018-01-01,0:00:00,24:00:00,volume,4350.0,AADT,1,88,,0:00:00,24:00:00,volume,4929.976674,AADT,Travel Model
FM-1902,MN,Carver,road-capacity-expansion,From CSAH 30 in Mayer to State St in Watertown,1/1/2020,1/1/2040,,rural,4.561,10311,after,MN 25,,unknown,unknown,unknown,unknown,unknown,unknown,unknown,unknown,unknown,principal arterial,10311_4,2019-01-01,0:00:00,24:00:00,volume,4500.0,AADT,1,88,,0:00:00,24:00:00,volume,4929.976674,AADT,Travel Model
FM-1902,MN,Carver,road-capacity-expansion,From CSAH 30 in Mayer to State St in Watertown,1/1/2020,1/1/2040,,rural,4.561,10311,after,MN 25,,unknown,unknown,unknown,unknown,unknown,unknown,unknown,unknown,unknown,principal arterial,10311_5,2020-01-01,0:00:00,24:00:00,volume,4162.0,AADT,1,88,,0:00:00,24:00:00,volume,4929.976674,AADT,Travel Model
FM-1902,MN,Carver,road-capacity-expansion,From CSAH 30 in Mayer to State St in Watertown,1/1/2020,1/1/2040,,rural,4.561,10311,after,MN 25,,unknown,unknown,unknown,unknown,unknown,unknown,unknown,unknown,unknown,principal arterial,10311_6,2021-01-01,0:00:00,24:00:00,volume,4641.0,AADT,1,88,,0:00:00,24:00:00,volume,4929.976674,AADT,Travel Model
FM-1902,MN,Carver,road-capacity-expansion,From CSAH 30 in Mayer to State St in Watertown,1/1/2020,1/1/2040,,rural,4.561,10311,after,MN 25,,unknown,unknown,unknown,unknown,unknown,unknown,unknown,unknown,unknown,principal arterial,10311_7,2022-01-01,0:00:00,24:00:00,volume,4487.0,AADT,1,88,,0:00:00,24:00:00,volume,4929.976674,AADT,Travel Model
FM-1902,MN,Carver,road-capacity-expansion,From CSAH 30 in Mayer to State St in Watertown,1/1/2020,1/1/2040,,rural,4.561,10311,after,MN 25,,unknown,unknown,unknown,unknown,unknown,unknown,unknown,unknown,unknown,principal arterial,10311_8,2023-01-01,0:00:00,24:00:00,volume,3771.0,AADT,1,88,,0:00:00,24:00:00,volume,4929.976674,AADT,Travel Model
FM-1902,MN,Carver,road-capacity-expansion,From CSAH 30 in Mayer to State St in Watertown,1/1/2020,1/1/2040,,rural,4.561,10311,after,MN 25,,unknown,unknown,unknown,unknown,unknown,unknown,unknown,unknown,unknown,principal arterial,10311_9,2024-01-01,0:00:00,24:00:00,volume,3913.0,AADT,1,88,,0:00:00,24:00:00,volume,4929.976674,AADT,Travel Model
FM-1902,MN,Carver,road-capacity-expansion,From CSAH 30 in Mayer to State St in Watertown,1/1/2020,1/1/2040,,rural,4.561,10553,after,MN 25,,unknown,unknown,unknown,unknown,unknown,unknown,unknown,unknown,unknown,principal arterial,10553_1,2016-01-01,0:00:00,24:00:00,volume,3450.0,AADT,1,92,,0:00:00,24:00:00,volume,3982.58081,AADT,Travel Model
FM-1902,MN,Carver,road-capacity-expansion,From CSAH 30 in Mayer to State St in Watertown,1/1/2020,1/1/2040,,rural,4.561,10553,after,MN 25,,unknown,unknown,unknown,unknown,unknown,unknown,unknown,unknown,unknown,principal arterial,10553_2,2017-01-01,0:00:00,24:00:00,volume,3510.0,AADT,1,92,,0:00:00,24:00:00,volume,3982.58081,AADT,Travel Model
FM-1902,MN,Carver,road-capacity-expansion,From CSAH 30 in Mayer to State St in Watertown,1/1/2020,1/1/2040,,rural,4.561,10553,after,MN 25,,unknown,unknown,unknown,unknown,unknown,unknown,unknown,unknown,unknown,principal arterial,10553_3,2018-01-01,0:00:00,24:00:00,volume,3524.0,AADT,1,92,,0:00:00,24:00:00,volume,3982.58081,AADT,Travel Model
FM-1902,MN,Carver,road-capacity-expansion,From CSAH 30 in Mayer to State St in Watertown,1/1/2020,1/1/2040,,rural,4.561,10553,after,MN 25,,unknown,unknown,unknown,unknown,unknown,unknown,unknown,unknown,unknown,principal arterial,10553_4,2019-01-01,0:00:00,24:00:00,volume,3700.0,AADT,1,92,,0:00:00,24:00:00,volume,3982.58081,AADT,Travel Model
FM-1902,MN,Carver,road-capacity-expansion,From CSAH 30 in Mayer to State St in Watertown,1/1/2020,1/1/2040,,rural,4.561,10553,after,MN 25,,unknown,unknown,unknown,unknown,unknown,unknown,unknown,unknown,unknown,principal arterial,10553_5,2020-01-01,0:00:00,24:00:00,volume,3422.0,AADT,1,92,,0:00:00,24:00:00,volume,3982.58081,AADT,Travel Model
FM-1902,MN,Carver,road-capacity-expansion,From CSAH 30 in Mayer to State St in Watertown,1/1/2020,1/1/2040,,rural,4.561,10553,after,MN 25,,unknown,unknown,unknown,unknown,unknown,unknown,unknown,unknown,unknown,principal arterial,10553_6,2021-01-01,0:00:00,24:00:00,volume,3054.0,AADT,1,92,,0:00:00,24:00:00,volume,3982.58081,AADT,Travel Model
FM-1902,MN,Carver,road-capacity-expansion,From CSAH 30 in Mayer to State St in Watertown,1/1/2020,1/1/2040,,rural,4.561,10553,after,MN 25,,unknown,unknown,unknown,unknown,unknown,unknown,unknown,unknown,unknown,principal arterial,10553_7,2022-01-01,0:00:00,24:00:00,volume,3625.0,AADT,1,92,,0:00:00,24:00:00,volume,3982.58081,AADT,Travel Model
FM-1902,MN,Carver,road-capacity-expansion,From CSAH 30 in Mayer to State St in Watertown,1/1/2020,1/1/2040,,rural,4.561,10553,after,MN 25,,unknown,unknown,unknown,unknown,unknown,unknown,unknown,unknown,unknown,principal arterial,10553_8,2023-01-01,0:00:00,24:00:00,volume,3632.0,AADT,1,92,,0:00:00,24:00:00,volume,3982.58081,AADT,Travel Model
FM-1902,MN,Carver,road-capacity-expansion,From CSAH 30 in Mayer to State St in Watertown,1/1/2020,1/1/2040,,rural,4.561,10553,after,MN 25,,unknown,unknown,unknown,unknown,unknown,unknown,unknown,unknown,unknown,principal arterial,10553_9,2024-01-01,0:00:00,24:00:00,volume,3214.0,AADT,1,92,,0:00:00,24:00:00,volume,3982.58081,AADT,Travel Model
FM-1902,MN,Carver,road-capacity-expansion,From CSAH 30 in Mayer to State St in Watertown,1/1/2020,1/1/2040,,rural,4.561,10555,after,MN 25,,unknown,unknown,unknown,unknown,unknown,unknown,unknown,unknown,unknown,principal arterial,10555_1,2016-01-01,0:00:00,24:00:00,volume,4826.0,AADT,1,93,,0:00:00,24:00:00,volume,4974.205234,AADT,Travel Model
FM-1902,MN,Carver,road-capacity-expansion,From CSAH 30 in Mayer to State St in Watertown,1/1/2020,1/1/2040,,rural,4.561,10555,after,MN 25,,unknown,unknown,unknown,unknown,unknown,unknown,unknown,unknown,unknown,principal arterial,10555_2,2017-01-01,0:00:00,24:00:00,volume,4910.0,AADT,1,93,,0:00:00,24:00:00,volume,4974.205234,AADT,Travel Model
FM-1902,MN,Carver,road-capacity-expansion,From CSAH 30 in Mayer to State St in Watertown,1/1/2020,1/1/2040,,rural,4.561,10555,after,MN 25,,unknown,unknown,unknown,unknown,unknown,unknown,unknown,unknown,unknown,principal arterial,10555_3,2018-01-01,0:00:00,24:00:00,volume,4550.0,AADT,1,93,,0:00:00,24:00:00,volume,4974.205234,AADT,Travel Model
FM-1902,MN,Carver,road-capacity-expansion,From CSAH 30 in Mayer to State St in Watertown,1/1/2020,1/1/2040,,rural,4.561,10555,after,MN 25,,unknown,unknown,unknown,unknown,unknown,unknown,unknown,unknown,unknown,principal arterial,10555_4,2019-01-01,0:00:00,24:00:00,volume,4600.0,AADT,1,93,,0:00:00,24:00:00,volume,4974.205234,AADT,Travel Model
FM-1902,MN,Carver,road-capacity-expansion,From CSAH 30 in Mayer to State St in Watertown,1/1/2020,1/1/2040,,rural,4.561,10555,after,MN 25,,unknown,unknown,unknown,unknown,unknown,unknown,unknown,unknown,unknown,principal arterial,10555_5,2020-01-01,0:00:00,24:00:00,volume,4255.0,AADT,1,93,,0:00:00,24:00:00,volume,4974.205234,AADT,Travel Model
FM-1902,MN,Carver,road-capacity-expansion,From CSAH 30 in Mayer to State St in Watertown,1/1/2020,1/1/2040,,rural,4.561,10555,after,MN 25,,unknown,unknown,unknown,unknown,unknown,unknown,unknown,unknown,unknown,principal arterial,10555_6,2021-01-01,0:00:00,24:00:00,volume,4744.0,AADT,1,93,,0:00:00,24:00:00,volume,4974.205234,AADT,Travel Model
FM-1902,MN,Carver,road-capacity-expansion,From CSAH 30 in Mayer to State St in Watertown,1/1/2020,1/1/2040,,rural,4.561,10555,after,MN 25,,unknown,unknown,unknown,unknown,unknown,unknown,unknown,unknown,unknown,principal arterial,10555_7,2022-01-01,0:00:00,24:00:00,volume,4588.0,AADT,1,93,,0:00:00,24:00:00,volume,4974.205234,AADT,Travel Model
FM-1902,MN,Carver,road-capacity-expansion,From CSAH 30 in Mayer to State St in Watertown,1/1/2020,1/1/2040,,rural,4.561,10555,after,MN 25,,unknown,unknown,unknown,unknown,unknown,unknown,unknown,unknown,unknown,principal arterial,10555_8,2023-01-01,0:00:00,24:00:00,volume,3670.0,AADT,1,93,,0:00:00,24:00:00,volume,4974.205234,AADT,Travel Model
FM-1902,MN,Carver,road-capacity-expansion,From CSAH 30 in Mayer to State St in Watertown,1/1/2020,1/1/2040,,rural,4.561,10555,after,MN 25,,unknown,unknown,unknown,unknown,unknown,unknown,unknown,unknown,unknown,principal arterial,10555_9,2024-01-01,0:00:00,24:00:00,volume,3631.0,AADT,1,93,,0:00:00,24:00:00,volume,4974.205234,AADT,Travel Model
FM-1903,MN,Hennepin,new-roadway,US 12 from Hennepin CSAH 6 to Intersection to Hennepin CSAH 33,1/1/2020,1/1/2040,,rural,1.46,10372,after,US 12,,unknown,unknown,unknown,unknown,unknown,unknown,unknown,unknown,unknown,principal arterial,10372_1,2016-01-01,0:00:00,24:00:00,volume,20544.0,AADT,1,86,,0:00:00,24:00:00,volume,22516.35793,AADT,Travel Model
FM-1903,MN,Hennepin,new-roadway,US 12 from Hennepin CSAH 6 to Intersection to Hennepin CSAH 33,1/1/2020,1/1/2040,,rural,1.46,10372,after,US 12,,unknown,unknown,unknown,unknown,unknown,unknown,unknown,unknown,unknown,principal arterial,10372_2,2017-01-01,0:00:00,24:00:00,volume,20904.0,AADT,1,86,,0:00:00,24:00:00,volume,22516.35793,AADT,Travel Model
FM-1903,MN,Hennepin,new-roadway,US 12 from Hennepin CSAH 6 to Intersection to Hennepin CSAH 33,1/1/2020,1/1/2040,,rural,1.46,10372,after,US 12,,unknown,unknown,unknown,unknown,unknown,unknown,unknown,unknown,unknown,principal arterial,10372_3,2018-01-01,0:00:00,24:00:00,volume,20600.0,AADT,1,86,,0:00:00,24:00:00,volume,22516.35793,AADT,Travel Model
FM-1903,MN,Hennepin,new-roadway,US 12 from Hennepin CSAH 6 to Intersection to Hennepin CSAH 33,1/1/2020,1/1/2040,,rural,1.46,10372,after,US 12,,unknown,unknown,unknown,unknown,unknown,unknown,unknown,unknown,unknown,principal arterial,10372_4,2019-01-01,0:00:00,24:00:00,volume,20300.0,AADT,1,86,,0:00:00,24:00:00,volume,22516.35793,AADT,Travel Model
FM-1903,MN,Hennepin,new-roadway,US 12 from Hennepin CSAH 6 to Intersection to Hennepin CSAH 33,1/1/2020,1/1/2040,,rural,1.46,10372,after,US 12,,unknown,unknown,unknown,unknown,unknown,unknown,unknown,unknown,unknown,principal arterial,10372_5,2020-01-01,0:00:00,24:00:00,volume,17553.0,AADT,1,86,,0:00:00,24:00:00,volume,22516.35793,AADT,Travel Model
FM-1903,MN,Hennepin,new-roadway,US 12 from Hennepin CSAH 6 to Intersection to Hennepin CSAH 33,1/1/2020,1/1/2040,,rural,1.46,10372,after,US 12,,unknown,unknown,unknown,unknown,unknown,unknown,unknown,unknown,unknown,principal arterial,10372_6,2021-01-01,0:00:00,24:00:00,volume,19835.0,AADT,1,86,,0:00:00,24:00:00,volume,22516.35793,AADT,Travel Model
FM-1903,MN,Hennepin,new-roadway,US 12 from Hennepin CSAH 6 to Intersection to Hennepin CSAH 33,1/1/2020,1/1/2040,,rural,1.46,10372,after,US 12,,unknown,unknown,unknown,unknown,unknown,unknown,unknown,unknown,unknown,principal arterial,10372_7,2022-01-01,0:00:00,24:00:00,volume,19418.0,AADT,1,86,,0:00:00,24:00:00,volume,22516.35793,AADT,Travel Model
FM-1903,MN,Hennepin,new-roadway,US 12 from Hennepin CSAH 6 to Intersection to Hennepin CSAH 33,1/1/2020,1/1/2040,,rural,1.46,10372,after,US 12,,unknown,unknown,unknown,unknown,unknown,unknown,unknown,unknown,unknown,principal arterial,10372_8,2023-01-01,0:00:00,24:00:00,volume,17604.0,AADT,1,86,,0:00:00,24:00:00,volume,22516.35793,AADT,Travel Model
FM-1903,MN,Hennepin,new-roadway,US 12 from Hennepin CSAH 6 to Intersection to Hennepin CSAH 33,1/1/2020,1/1/2040,,rural,1.46,10372,after,US 12,,unknown,unknown,unknown,unknown,unknown,unknown,unknown,unknown,unknown,principal arterial,10372_9,2024-01-01,0:00:00,24:00:00,volume,17228.0,AADT,1,86,,0:00:00,24:00:00,volume,22516.35793,AADT,Travel Model
FM-1903,MN,Hennepin,new-roadway,US 12 from Hennepin CSAH 6 to Intersection to Hennepin CSAH 33,1/1/2020,1/1/2040,,rural,1.46,6789,after,US 12,,unknown,unknown,unknown,unknown,unknown,unknown,unknown,unknown,unknown,principal arterial,6789_1,2016-01-01,0:00:00,24:00:00,volume,13300.0,AADT,1,82,,0:00:00,24:00:00,volume,14806.51573,AADT,Travel Model
FM-1903,MN,Hennepin,new-roadway,US 12 from Hennepin CSAH 6 to Intersection to Hennepin CSAH 33,1/1/2020,1/1/2040,,rural,1.46,6789,after,US 12,,unknown,unknown,unknown,unknown,unknown,unknown,unknown,unknown,unknown,principal arterial,6789_2,2017-01-01,0:00:00,24:00:00,volume,14200.0,AADT,1,82,,0:00:00,24:00:00,volume,14806.51573,AADT,Travel Model
FM-1903,MN,Hennepin,new-roadway,US 12 from Hennepin CSAH 6 to Intersection to Hennepin CSAH 33,1/1/2020,1/1/2040,,rural,1.46,6789,after,US 12,,unknown,unknown,unknown,unknown,unknown,unknown,unknown,unknown,unknown,principal arterial,6789_3,2018-01-01,0:00:00,24:00:00,volume,14300.0,AADT,1,82,,0:00:00,24:00:00,volume,14806.51573,AADT,Travel Model
FM-1903,MN,Hennepin,new-roadway,US 12 from Hennepin CSAH 6 to Intersection to Hennepin CSAH 33,1/1/2020,1/1/2040,,rural,1.46,6789,after,US 12,,unknown,unknown,unknown,unknown,unknown,unknown,unknown,unknown,unknown,principal arterial,6789_4,2019-01-01,0:00:00,24:00:00,volume,14662.0,AADT,1,82,,0:00:00,24:00:00,volume,14806.51573,AADT,Travel Model
FM-1903,MN,Hennepin,new-roadway,US 12 from Hennepin CSAH 6 to Intersection to Hennepin CSAH 33,1/1/2020,1/1/2040,,rural,1.46,6789,after,US 12,,unknown,unknown,unknown,unknown,unknown,unknown,unknown,unknown,unknown,principal arterial,6789_5,2020-01-01,0:00:00,24:00:00,volume,12248.0,AADT,1,82,,0:00:00,24:00:00,volume,14806.51573,AADT,Travel Model
FM-1903,MN,Hennepin,new-roadway,US 12 from Hennepin CSAH 6 to Intersection to Hennepin CSAH 33,1/1/2020,1/1/2040,,rural,1.46,6789,after,US 12,,unknown,unknown,unknown,unknown,unknown,unknown,unknown,unknown,unknown,principal arterial,6789_6,2021-01-01,0:00:00,24:00:00,volume,13840.0,AADT,1,82,,0:00:00,24:00:00,volume,14806.51573,AADT,Travel Model
FM-1903,MN,Hennepin,new-roadway,US 12 from Hennepin CSAH 6 to Intersection to Hennepin CSAH 33,1/1/2020,1/1/2040,,rural,1.46,6789,after,US 12,,unknown,unknown,unknown,unknown,unknown,unknown,unknown,unknown,unknown,principal arterial,6789_7,2022-01-01,0:00:00,24:00:00,volume,13522.0,AADT,1,82,,0:00:00,24:00:00,volume,14806.51573,AADT,Travel Model
FM-1903,MN,Hennepin,new-roadway,US 12 from Hennepin CSAH 6 to Intersection to Hennepin CSAH 33,1/1/2020,1/1/2040,,rural,1.46,6789,after,US 12,,unknown,unknown,unknown,unknown,unknown,unknown,unknown,unknown,unknown,principal arterial,6789_8,2023-01-01,0:00:00,24:00:00,volume,12724.0,AADT,1,82,,0:00:00,24:00:00,volume,14806.51573,AADT,Travel Model
FM-1903,MN,Hennepin,new-roadway,US 12 from Hennepin CSAH 6 to Intersection to Hennepin CSAH 33,1/1/2020,1/1/2040,,rural,1.46,6789,after,US 12,,unknown,unknown,unknown,unknown,unknown,unknown,unknown,unknown,unknown,principal arterial,6789_9,2024-01-01,0:00:00,24:00:00,volume,12622.0,AADT,1,82,,0:00:00,24:00:00,volume,14806.51573,AADT,Travel Model
FM-TH_35W,MN,Hennepin,road-capacity-expansion,NEW TH 212 FROM TH 101/LYMAN BLVD. TO TH 5 AND TH 5 FROM CSAH 4 TO I 497,1/1/1994,1/1/2014,,rural,,10801,after,TH 35W,,unknown,unknown,unknown,unknown,unknown,unknown,unknown,unknown,unknown,principal arterial,10801_1,2014-01-01,0:00:00,24:00:00,volume,108000.0,AADT,1,336,,0:00:00,24:00:00,volume,160978.5933,AADT,Unknown
FM-TH_35W,MN,Hennepin,road-capacity-expansion,NEW TH 212 FROM TH 101/LYMAN BLVD. TO TH 5 AND TH 5 FROM CSAH 4 TO I 497,1/1/1994,1/1/2014,,rural,,10801,after,TH 35W,,unknown,unknown,unknown,unknown,unknown,unknown,unknown,unknown,unknown,principal arterial,10801_2,2016-01-01,0:00:00,24:00:00,volume,115000.0,AADT,1,336,,0:00:00,24:00:00,volume,160978.5933,AADT,Unknown
FM-TH_35W,MN,Hennepin,road-capacity-expansion,NEW TH 212 FROM TH 101/LYMAN BLVD. TO TH 5 AND TH 5 FROM CSAH 4 TO I 497,1/1/1994,1/1/2014,,rural,,10801,after,TH 35W,,unknown,unknown,unknown,unknown,unknown,unknown,unknown,unknown,unknown,principal arterial,10801_3,2017-01-01,0:00:00,24:00:00,volume,112000.0,AADT,1,336,,0:00:00,24:00:00,volume,160978.5933,AADT,Unknown
FM-TH_35W,MN,Hennepin,road-capacity-expansion,NEW TH 212 FROM TH 101/LYMAN BLVD. TO TH 5 AND TH 5 FROM CSAH 4 TO I 497,1/1/1994,1/1/2014,,rural,,10801,after,TH 35W,,unknown,unknown,unknown,unknown,unknown,unknown,unknown,unknown,unknown,principal arterial,10801_4,2018-01-01,0:00:00,24:00:00,volume,99000.0,AADT,1,336,,0:00:00,24:00:00,volume,160978.5933,AADT,Unknown
FM-TH_35W,MN,Hennepin,road-capacity-expansion,NEW TH 212 FROM TH 101/LYMAN BLVD. TO TH 5 AND TH 5 FROM CSAH 4 TO I 497,1/1/1994,1/1/2014,,rural,,10801,after,TH 35W,,unknown,unknown,unknown,unknown,unknown,unknown,unknown,unknown,unknown,principal arterial,10801_5,2019-01-01,0:00:00,24:00:00,volume,94000.0,AADT,1,336,,0:00:00,24:00:00,volume,160978.5933,AADT,Unknown
FM-TH_35W,MN,Hennepin,road-capacity-expansion,NEW TH 212 FROM TH 101/LYMAN BLVD. TO TH 5 AND TH 5 FROM CSAH 4 TO I 497,1/1/1994,1/1/2014,,rural,,10801,after,TH 35W,,unknown,unknown,unknown,unknown,unknown,unknown,unknown,unknown,unknown,principal arterial,10801_6,2020-01-01,0:00:00,24:00:00,volume,72000.0,AADT,1,336,,0:00:00,24:00:00,volume,160978.5933,AADT,Unknown
FM-TH_35W,MN,Hennepin,road-capacity-expansion,NEW TH 212 FROM TH 101/LYMAN BLVD. TO TH 5 AND TH 5 FROM CSAH 4 TO I 497,1/1/1994,1/1/2014,,rural,,10801,after,TH 35W,,unknown,unknown,unknown,unknown,unknown,unknown,unknown,unknown,unknown,principal arterial,10801_7,2021-01-01,0:00:00,24:00:00,volume,90324.0,AADT,1,336,,0:00:00,24:00:00,volume,160978.5933,AADT,Unknown
FM-TH_35W,MN,Hennepin,road-capacity-expansion,NEW TH 212 FROM TH 101/LYMAN BLVD. TO TH 5 AND TH 5 FROM CSAH 4 TO I 497,1/1/1994,1/1/2014,,rural,,10801,after,TH 35W,,unknown,unknown,unknown,unknown,unknown,unknown,unknown,unknown,unknown,principal arterial,10801_8,2022-01-01,0:00:00,24:00:00,volume,103094.0,AADT,1,336,,0:00:00,24:00:00,volume,160978.5933,AADT,Unknown
FM-TH_35W,MN,Hennepin,road-capacity-expansion,NEW TH 212 FROM TH 101/LYMAN BLVD. TO TH 5 AND TH 5 FROM CSAH 4 TO I 497,1/1/1994,1/1/2014,,rural,,10801,after,TH 35W,,unknown,unknown,unknown,unknown,unknown,unknown,unknown,unknown,unknown,principal arterial,10801_9,2023-01-01,0:00:00,24:00:00,volume,95156.0,AADT,1,336,,0:00:00,24:00:00,volume,160978.5933,AADT,Unknown
FM-TH_35W,MN,Hennepin,road-capacity-expansion,NEW TH 212 FROM TH 101/LYMAN BLVD. TO TH 5 AND TH 5 FROM CSAH 4 TO I 497,1/1/1994,1/1/2014,,rural,,10801,after,TH 35W,,unknown,unknown,unknown,unknown,unknown,unknown,unknown,unknown,unknown,principal arterial,10801_10,2024-01-01,0:00:00,24:00:00,volume,98778.0,AADT,1,336,,0:00:00,24:00:00,volume,160978.5933,AADT,Unknown
FM-TH_35W,MN,Hennepin,road-capacity-expansion,NEW TH 212 FROM TH 101/LYMAN BLVD. TO TH 5 AND TH 5 FROM CSAH 4 TO I 497,1/1/1994,1/1/2014,,rural,,10801,after,TH 35W,,unknown,unknown,unknown,unknown,unknown,unknown,unknown,unknown,unknown,principal arterial,10801_11,2025-01-01,0:00:00,24:00:00,volume,102285.0,AADT,1,336,,0:00:00,24:00:00,volume,160978.5933,AADT,Unknown
TA-M352,MN,Dakota,road-capacity-expansion,MENDOTA INTERCHANGE AREA  TH 13 RELOCATION,1/1/1990,1/1/2010,,rural,,10124,after,TH110,,unknown,unknown,unknown,unknown,unknown,unknown,unknown,unknown,unknown,principal arterial,10124_1,2010-01-01,0:00:00,24:00:00,volume,4400.0,AADT,1,316,,0:00:00,24:00:00,volume,30047.4711,AADT,Unknown
TA-M352,MN,Dakota,road-capacity-expansion,MENDOTA INTERCHANGE AREA  TH 13 RELOCATION,1/1/1990,1/1/2010,,rural,,10124,after,TH110,,unknown,unknown,unknown,unknown,unknown,unknown,unknown,unknown,unknown,principal arterial,10124_2,2016-01-01,0:00:00,24:00:00,volume,4200.0,AADT,1,316,,0:00:00,24:00:00,volume,30047.4711,AADT,Unknown
TA-M352,MN,Dakota,road-capacity-expansion,MENDOTA INTERCHANGE AREA  TH 13 RELOCATION,1/1/1990,1/1/2010,,rural,,10124,after,TH110,,unknown,unknown,unknown,unknown,unknown,unknown,unknown,unknown,unknown,principal arterial,10124_3,2017-01-01,0:00:00,24:00:00,volume,4274.0,AADT,1,316,,0:00:00,24:00:00,volume,30047.4711,AADT,Unknown
TA-M352,MN,Dakota,road-capacity-expansion,MENDOTA INTERCHANGE AREA  TH 13 RELOCATION,1/1/1990,1/1/2010,,rural,,10124,after,TH110,,unknown,unknown,unknown,unknown,unknown,unknown,unknown,unknown,unknown,principal arterial,10124_4,2018-01-01,0:00:00,24:00:00,volume,4250.0,AADT,1,316,,0:00:00,24:00:00,volume,30047.4711,AADT,Unknown
TA-M352,MN,Dakota,road-capacity-expansion,MENDOTA INTERCHANGE AREA  TH 13 RELOCATION,1/1/1990,1/1/2010,,rural,,10124,after,TH110,,unknown,unknown,unknown,unknown,unknown,unknown,unknown,unknown,unknown,principal arterial,10124_5,2019-01-01,0:00:00,24:00:00,volume,4178.0,AADT,1,316,,0:00:00,24:00:00,volume,30047.4711,AADT,Unknown
TA-M352,MN,Dakota,road-capacity-expansion,MENDOTA INTERCHANGE AREA  TH 13 RELOCATION,1/1/1990,1/1/2010,,rural,,10124,after,TH110,,unknown,unknown,unknown,unknown,unknown,unknown,unknown,unknown,unknown,principal arterial,10124_6,2020-01-01,0:00:00,24:00:00,volume,3237.0,AADT,1,316,,0:00:00,24:00:00,volume,30047.4711,AADT,Unknown
TA-M352,MN,Dakota,road-capacity-expansion,MENDOTA INTERCHANGE AREA  TH 13 RELOCATION,1/1/1990,1/1/2010,,rural,,10124,after,TH110,,unknown,unknown,unknown,unknown,unknown,unknown,unknown,unknown,unknown,principal arterial,10124_7,2021-01-01,0:00:00,24:00:00,volume,3813.0,AADT,1,316,,0:00:00,24:00:00,volume,30047.4711,AADT,Unknown
TA-M352,MN,Dakota,road-capacity-expansion,MENDOTA INTERCHANGE AREA  TH 13 RELOCATION,1/1/1990,1/1/2010,,rural,,10124,after,TH110,,unknown,unknown,unknown,unknown,unknown,unknown,unknown,unknown,unknown,principal arterial,10124_8,2022-01-01,0:00:00,24:00:00,volume,3226.0,AADT,1,316,,0:00:00,24:00:00,volume,30047.4711,AADT,Unknown
TA-M352,MN,Dakota,road-capacity-expansion,MENDOTA INTERCHANGE AREA  TH 13 RELOCATION,1/1/1990,1/1/2010,,rural,,10124,after,TH110,,unknown,unknown,unknown,unknown,unknown,unknown,unknown,unknown,unknown,principal arterial,10124_9,2023-01-01,0:00:00,24:00:00,volume,3142.0,AADT,1,316,,0:00:00,24:00:00,volume,30047.4711,AADT,Unknown
TA-M352,MN,Dakota,road-capacity-expansion,MENDOTA INTERCHANGE AREA  TH 13 RELOCATION,1/1/1990,1/1/2010,,rural,,10124,after,TH110,,unknown,unknown,unknown,unknown,unknown,unknown,unknown,unknown,unknown,principal arterial,10124_10,2024-01-01,0:00:00,24:00:00,volume,2678.0,AADT,1,316,,0:00:00,24:00:00,volume,30047.4711,AADT,Unknown
TA-M352,MN,Dakota,road-capacity-expansion,MENDOTA INTERCHANGE AREA  TH 13 RELOCATION,1/1/1990,1/1/2010,,rural,,10124,after,TH110,,unknown,unknown,unknown,unknown,unknown,unknown,unknown,unknown,unknown,principal arterial,10124_11,2025-01-01,0:00:00,24:00:00,volume,2745.0,AADT,1,316,,0:00:00,24:00:00,volume,30047.4711,AADT,Unknown
TA-M352,MN,Dakota,road-capacity-expansion,MENDOTA INTERCHANGE AREA  TH 13 RELOCATION,1/1/1990,1/1/2010,,rural,,10707,after,TH55,,unknown,unknown,unknown,unknown,unknown,unknown,unknown,unknown,unknown,principal arterial,10707_1,2010-01-01,0:00:00,24:00:00,volume,44500.0,AADT,1,315,,0:00:00,24:00:00,volume,70110.7659,AADT,Unknown
TA-M352,MN,Dakota,road-capacity-expansion,MENDOTA INTERCHANGE AREA  TH 13 RELOCATION,1/1/1990,1/1/2010,,rural,,10707,after,TH55,,unknown,unknown,unknown,unknown,unknown,unknown,unknown,unknown,unknown,principal arterial,10707_2,2016-01-01,0:00:00,24:00:00,volume,56000.0,AADT,1,315,,0:00:00,24:00:00,volume,70110.7659,AADT,Unknown
TA-M352,MN,Dakota,road-capacity-expansion,MENDOTA INTERCHANGE AREA  TH 13 RELOCATION,1/1/1990,1/1/2010,,rural,,10707,after,TH55,,unknown,unknown,unknown,unknown,unknown,unknown,unknown,unknown,unknown,principal arterial,10707_3,2017-01-01,0:00:00,24:00:00,volume,55000.0,AADT,1,315,,0:00:00,24:00:00,volume,70110.7659,AADT,Unknown
TA-M352,MN,Dakota,road-capacity-expansion,MENDOTA INTERCHANGE AREA  TH 13 RELOCATION,1/1/1990,1/1/2010,,rural,,10707,after,TH55,,unknown,unknown,unknown,unknown,unknown,unknown,unknown,unknown,unknown,principal arterial,10707_4,2018-01-01,0:00:00,24:00:00,volume,57000.0,AADT,1,315,,0:00:00,24:00:00,volume,70110.7659,AADT,Unknown
TA-M352,MN,Dakota,road-capacity-expansion,MENDOTA INTERCHANGE AREA  TH 13 RELOCATION,1/1/1990,1/1/2010,,rural,,10707,after,TH55,,unknown,unknown,unknown,unknown,unknown,unknown,unknown,unknown,unknown,principal arterial,10707_5,2019-01-01,0:00:00,24:00:00,volume,56000.0,AADT,1,315,,0:00:00,24:00:00,volume,70110.7659,AADT,Unknown
TA-M352,MN,Dakota,road-capacity-expansion,MENDOTA INTERCHANGE AREA  TH 13 RELOCATION,1/1/1990,1/1/2010,,rural,,10707,after,TH55,,unknown,unknown,unknown,unknown,unknown,unknown,unknown,unknown,unknown,principal arterial,10707_6,2020-01-01,0:00:00,24:00:00,volume,45883.0,AADT,1,315,,0:00:00,24:00:00,volume,70110.7659,AADT,Unknown
TA-M352,MN,Dakota,road-capacity-expansion,MENDOTA INTERCHANGE AREA  TH 13 RELOCATION,1/1/1990,1/1/2010,,rural,,10707,after,TH55,,unknown,unknown,unknown,unknown,unknown,unknown,unknown,unknown,unknown,principal arterial,10707_7,2021-01-01,0:00:00,24:00:00,volume,48408.0,AADT,1,315,,0:00:00,24:00:00,volume,70110.7659,AADT,Unknown
TA-M352,MN,Dakota,road-capacity-expansion,MENDOTA INTERCHANGE AREA  TH 13 RELOCATION,1/1/1990,1/1/2010,,rural,,10707,after,TH55,,unknown,unknown,unknown,unknown,unknown,unknown,unknown,unknown,unknown,principal arterial,10707_8,2022-01-01,0:00:00,24:00:00,volume,47417.0,AADT,1,315,,0:00:00,24:00:00,volume,70110.7659,AADT,Unknown
TA-M352,MN,Dakota,road-capacity-expansion,MENDOTA INTERCHANGE AREA  TH 13 RELOCATION,1/1/1990,1/1/2010,,rural,,10707,after,TH55,,unknown,unknown,unknown,unknown,unknown,unknown,unknown,unknown,unknown,principal arterial,10707_9,2023-01-01,0:00:00,24:00:00,volume,51027.0,AADT,1,315,,0:00:00,24:00:00,volume,70110.7659,AADT,Unknown
TA-M352,MN,Dakota,road-capacity-expansion,MENDOTA INTERCHANGE AREA  TH 13 RELOCATION,1/1/1990,1/1/2010,,rural,,10707,after,TH55,,unknown,unknown,unknown,unknown,unknown,unknown,unknown,unknown,unknown,principal arterial,10707_10,2024-01-01,0:00:00,24:00:00,volume,58677.0,AADT,1,315,,0:00:00,24:00:00,volume,70110.7659,AADT,Unknown
TA-M352,MN,Dakota,road-capacity-expansion,MENDOTA INTERCHANGE AREA  TH 13 RELOCATION,1/1/1990,1/1/2010,,rural,,10707,after,TH55,,unknown,unknown,unknown,unknown,unknown,unknown,unknown,unknown,unknown,principal arterial,10707_11,2025-01-01,0:00:00,24:00:00,volume,59675.0,AADT,1,315,,0:00:00,24:00:00,volume,70110.7659,AADT,Unknown
